Date,Max_T_F,Avg_T_F,Min_T_F,Max_DP_F,Avg_DP_F,Min_DP_F,Max_H_P,Avg_H_P,Min_H_P,Max_WS_MPH,Avg_WS_MPH,Min_WS_MPH,Max_P_IN,Avg_P_IN,Min_P_IN,Total_PPT_IN
5/25/2016,86,73.1,60,56,51.4,48,78,49.5,28,12,6.4,0,30,29.9,29.9,0
5/26/2016,90,75.3,58,65,59.6,55,90,61.4,35,12,4.5,0,30,29.9,29.8,0
5/27/2016,89,77.9,69,69,65.2,63,81,66.1,45,10,4.4,0,29.9,29.9,29.9,0
5/28/2016,87,76.9,67,68,62.8,53,90,62.9,50,12,4.7,0,30,30,29.9,0
5/29/2016,84,72.4,61,71,65.5,59,96,80.6,46,10,4,0,30,29.9,29.9,0
5/30/2016,80,71.6,65,69,66.1,64,97,83.7,58,9,2.9,0,29.9,29.8,29.8,0.32
5/31/2016,84,74.5,66,69,65.8,62,96,76.2,47,7,2.9,0,29.8,29.8,29.8,0
6/1/2016,87,75.3,63,67,62.5,55,93,68,33,13,4.3,0,29.9,29.9,29.8,0
6/2/2016,78,72,67,67,64.8,63,90,78.7,62,12,5.4,0,29.9,29.9,29.9,0
6/3/2016,75,70.8,68,70,67.7,66,96,89.8,76,8,4.4,0,29.9,29.9,29.8,0
6/4/2016,82,74.2,69,69,67.8,66,96,81.3,62,9,3.4,0,29.9,29.8,29.7,0.02
6/5/2016,83,73.1,67,70,67.9,63,96,84.4,62,25,8.5,0,29.7,29.6,29.5,0.03
6/6/2016,85,76.4,67,66,61.8,57,97,63.7,38,17,8.1,3,29.6,29.6,29.5,0.3
6/7/2016,84,74.5,65,66,58.4,49,90,59.2,37,33,10.4,0,29.5,29.4,29.3,0
6/8/2016,72,64,54,52,44.6,37,83,51.5,30,33,14.2,0,29.8,29.6,29.5,0.04
6/9/2016,81,65.7,47,48,43.5,38,86,49.4,24,18,9,0,29.8,29.8,29.7,0
6/10/2016,82,69.8,56,54,43.7,36,65,40.4,28,14,7,0,29.9,29.9,29.8,0
6/11/2016,95,78.5,58,65,59.2,53,90,55,30,22,8.3,0,29.9,29.8,29.7,0
6/12/2016,93,82.8,69,64,51,33,60,36.6,14,24,14.5,6,29.7,29.6,29.6,0
6/13/2016,80,70.3,59,54,48.8,43,64,47.3,35,15,9.5,3,29.8,29.7,29.7,0
6/14/2016,80,72,62,52,47.2,41,70,42.9,26,9,5.8,0,29.9,29.8,29.7,0
6/15/2016,80,69.3,57,67,59.7,51,87,72.7,52,10,3.5,0,29.9,29.8,29.7,0.03
6/16/2016,79,70.9,64,68,66.4,63,97,86.2,69,16,8.2,0,29.7,29.6,29.5,0.18
6/17/2016,81,69.8,63,63,57.9,51,93,69.2,36,16,8.3,3,29.9,29.7,29.6,0.6
6/18/2016,84,73.4,61,59,54,49,87,53.8,33,8,4.2,0,30.1,30.1,29.9,0
6/19/2016,89,76.5,62,57,52.4,47,72,46.4,23,12,6,0,30.2,30.1,30.1,0
6/20/2016,90,79.4,64,62,55.5,51,73,46.3,27,10,5.9,0,30.1,29.9,29.8,0
6/21/2016,89,75.6,68,70,66.6,60,96,75.7,46,35,8.8,0,29.8,29.7,29.6,0
6/22/2016,83,74.9,67,67,59.4,52,97,62.5,34,18,8.5,0,29.8,29.7,29.7,1.03
6/23/2016,81,73.7,67,70,67.4,63,93,81.2,60,9,5.5,0,29.8,29.7,29.6,0.14
6/24/2016,79,73.5,70,72,68.2,64,97,83.7,71,18,7.8,0,29.9,29.8,29.7,0.26
6/25/2016,82,75,70,65,60.8,56,84,63,41,13,7.4,0,30,30,29.9,0.01
6/26/2016,84,73.6,60,60,56.6,50,93,58.5,31,9,3,0,30.1,30,29.9,0
6/27/2016,86,75,62,68,63.8,60,93,69.4,51,9,4.5,0,30,29.9,29.8,0
6/28/2016,83,74.4,68,73,69.1,65,96,84,66,15,4,0,29.8,29.7,29.7,0
6/29/2016,81,73.3,65,66,60,55,93,65.5,42,14,7.4,0,29.9,29.8,29.7,0.56
6/30/2016,83,73.2,58,63,58.3,55,90,61.3,41,10,3.8,0,29.9,29.9,29.8,0
7/1/2016,84,75.4,67,74,68,62,91,78.5,61,12,4.1,0,29.9,29.8,29.7,0
7/2/2016,79,72.2,64,67,56,51,93,59.5,39,13,6.7,0,30,29.9,29.8,0.69
7/3/2016,73,68,64,64,59.5,55,90,75.1,53,9,4.3,0,30,30,29.9,0
7/4/2016,73,70.2,66,72,67.6,63,97,91.2,78,13,5.2,0,29.9,29.9,29.7,0
7/5/2016,89,77.7,72,72,70.6,68,97,80.5,53,16,7.4,0,29.7,29.7,29.6,1.29
7/6/2016,92,82.3,72,73,70,67,91,68.8,44,9,3.5,0,29.8,29.7,29.7,0
7/7/2016,89,81.9,73,73,70.5,69,93,69.9,53,15,6.8,0,29.7,29.6,29.6,0
7/8/2016,90,80.7,74,76,71.6,68,94,75.2,52,12,5.2,0,29.7,29.6,29.6,0
7/9/2016,90,80.2,73,74,68.4,62,97,70.5,40,15,5.4,0,29.7,29.6,29.6,0.25
7/10/2016,84,76,68,63,60.8,58,78,59.9,47,16,8.8,0,29.8,29.8,29.7,0
7/11/2016,85,75.8,63,64,59.6,56,84,58.7,37,8,4.1,0,30,29.9,29.9,0
7/12/2016,86,76.8,66,68,64.5,61,90,68,43,12,4.4,0,30,29.9,29.9,0
7/13/2016,85,78.3,73,76,72.8,67,94,83.4,67,15,3.9,0,29.9,29.9,29.8,0.01
7/14/2016,95,81.9,75,75,72.7,68,100,77.3,41,14,4.8,0,29.8,29.8,29.7,0.46
7/15/2016,89,82.5,73,69,67.1,65,79,60,48,15,7.6,3,29.8,29.8,29.7,0
7/16/2016,90,78.4,69,73,67.3,63,93,70.7,42,29,6,0,29.9,29.9,29.8,0
7/17/2016,90,79.1,66,69,65.5,61,96,66.3,38,12,4.3,0,30,30,29.9,0.32
7/18/2016,94,78.6,72,72,69.3,65,93,76.1,41,17,6.4,0,30,29.9,29.9,0
7/19/2016,90,80.2,70,70,65.5,58,93,64.3,35,12,5.3,0,30,29.9,29.9,0.12
7/20/2016,85,75.8,68,65,61.9,59,84,64.1,41,12,5,0,30.1,30,30,0
7/21/2016,89,77.5,65,67,62.9,59,90,63.7,37,13,4.2,0,30,30,29.9,0
7/22/2016,94,82.8,71,71,68.1,64,84,63,43,15,6.8,3,29.9,29.8,29.7,0
7/23/2016,98,85.4,74,72,70.5,68,93,63.7,37,14,8,0,29.8,29.8,29.7,0
7/24/2016,94,83.3,71,72,66.6,60,93,60.2,36,10,4.2,0,29.9,29.8,29.8,0.08
7/25/2016,98,86.6,77,76,72.3,69,88,64.8,42,12,5.7,0,29.8,29.8,29.7,0
7/26/2016,94,84.1,74,72,69.3,65,87,63.4,40,13,4.8,0,29.8,29.8,29.7,0
7/27/2016,95,84.8,79,72,68.5,64,77,59.6,37,8,4.4,0,29.8,29.8,29.7,0
7/28/2016,93,80,75,74,72.7,71,96,80,49,14,5.8,0,29.8,29.7,29.6,0
7/29/2016,90,78.4,72,73,70.5,67,94,78.6,48,10,5.1,0,29.8,29.7,29.6,1.06
7/30/2016,86,76.3,72,74,72,70,100,86.8,61,18,5.7,0,29.8,29.8,29.8,0
7/31/2016,90,79.4,72,76,71.8,68,97,79.3,48,8,3.5,0,29.9,29.8,29.8,1.8
8/1/2016,88,78.3,72,76,70.8,67,93,78.8,57,12,2.7,0,29.9,29.8,29.8,0.01
8/2/2016,86,78,73,72,69.4,65,96,75.6,55,17,8.4,0,30,29.9,29.9,0.06
8/3/2016,80,74.6,70,65,63.7,62,84,69.6,56,12,7.5,0,30,30,29.9,0
8/4/2016,83,75,65,66,62.7,60,93,67.5,47,12,4.5,0,30,30,29.9,0
8/5/2016,83,76,68,71,67.6,64,90,76,56,9,4.1,0,29.9,29.8,29.7,0
8/6/2016,90,81.2,74,74,72.5,65,94,76.2,59,13,5.7,0,29.7,29.6,29.6,0
8/7/2016,88,78.6,69,63,59.2,54,78,53.5,31,9,4.2,0,29.8,29.8,29.7,0
8/8/2016,86,75.3,65,67,63.8,62,90,69.3,46,9,3,0,30,29.9,29.8,0
8/9/2016,81,74.3,64,73,67,62,93,79.1,58,7,2.8,0,30.1,30,30,0
8/10/2016,92,81.9,75,74,72.3,69,96,74.7,47,16,6.1,0,30,30,29.9,0
8/11/2016,96,86.2,78,73,71,68,81,62.1,43,13,7.1,3,30,29.9,29.8,0
8/12/2016,95,83.9,79,80,74.9,72,91,75.4,49,16,5.3,0,29.8,29.8,29.7,0
8/13/2016,97,87.5,78,77,75,73,94,68.5,47,9,4.5,0,29.8,29.8,29.7,0.32
8/14/2016,97,85.1,74,75,71.8,69,97,67.1,40,30,9.6,0,29.9,29.9,29.8,0
8/15/2016,92,76.6,72,73,71.5,69,96,85.6,52,13,4.8,0,30.1,30,29.9,0.2
8/16/2016,94,81.3,72,76,73.3,71,97,78.1,47,13,4.4,0,30,30,29.9,1.64
8/17/2016,90,79.9,72,73,70.7,68,97,75.3,48,22,8.3,0,29.9,29.9,29.8,0
8/18/2016,88,78.4,73,72,70.3,67,96,77.8,49,10,5.1,0,29.9,29.8,29.8,1.36
8/19/2016,88,78.9,70,70,66.7,61,90,68.2,41,8,3.1,0,29.8,29.8,29.7,0
8/20/2016,88,79.1,69,69,66.9,63,93,68.3,43,9,3.6,0,29.8,29.7,29.7,0
8/21/2016,83,77.1,70,75,72.4,61,94,86,73,10,4.8,0,29.7,29.6,29.6,0
8/22/2016,81,72.8,64,62,59.3,56,87,65.1,42,14,6.2,0,30.1,29.9,29.8,0.38
8/23/2016,81,70.6,59,61,58.2,53,93,67.8,42,6,1.3,0,30.2,30.1,30.1,0
8/24/2016,84,73.7,61,65,61.4,58,90,67.1,49,8,4,0,30.1,30.1,30,0
8/25/2016,87,77.8,66,73,68,61,90,72.7,59,9,4.1,0,30,29.9,29.8,0
8/26/2016,92,83.2,75,74,71,68,90,69,47,9,3.5,0,29.9,29.9,29.8,0
8/27/2016,90,79.9,71,71,66.5,62,93,66.1,42,12,4.5,0,30,30,29.9,0
8/28/2016,86,77.9,68,71,65.8,59,96,68.8,41,10,4.7,0,30.1,30,30,0
8/29/2016,92,80,68,72,66.9,62,93,66.3,42,10,3.6,0,30,30,29.9,0
8/30/2016,89,78.6,69,65,61.2,58,84,56.8,36,9,4.4,0,30,29.9,29.9,0
8/31/2016,90,78,65,71,66.7,63,93,69.9,46,10,3.6,0,29.9,29.8,29.7,0
9/1/2016,80,74.8,70,71,68.5,61,93,81.3,62,10,5.7,0,29.8,29.7,29.7,0.03
9/2/2016,80,72.9,64,60,54.9,52,70,54.3,38,10,7.3,0,29.9,29.9,29.8,0.06
9/3/2016,79,73,68,62,58.5,54,78,61,45,22,12.3,6,30,29.9,29.9,0
9/4/2016,81,70.3,61,59,55.2,48,87,61.6,34,12,6,0,30.1,30.1,30,0
9/5/2016,86,72,56,61,57.7,55,97,64.5,37,9,5.1,0,30.1,30,29.9,0
9/6/2016,92,77.7,65,62,57.9,54,81,53.7,27,16,7.8,0,29.9,29.9,29.8,0
9/7/2016,92,77.9,66,71,64.3,59,85,65.2,41,9,3.8,0,29.9,29.8,29.8,0
9/8/2016,95,84.5,74,72,70.4,67,91,65.3,41,13,7,3,29.8,29.8,29.7,0
9/9/2016,94,85.4,77,73,70.1,66,84,62,43,14,5.3,0,29.8,29.8,29.7,0
9/10/2016,94,83.8,73,75,72.2,67,93,69.8,41,14,5.6,0,29.9,29.8,29.7,0
9/11/2016,85,77.8,65,72,61,51,82,59.1,32,13,7.7,0,30,29.9,29.7,0
9/12/2016,81,72,64,56,49.7,44,75,47.3,27,10,5.7,0,30.1,30,30,0
9/13/2016,89,74,61,65,61.5,58,90,67.4,40,12,4.9,0,30.1,30,29.9,0
9/14/2016,93,78.1,63,66,60.2,52,93,58.8,26,12,3.5,0,30,29.9,29.9,0
9/15/2016,74,70.6,67,63,55.4,52,70,58.9,50,13,9.3,0,30.1,30.1,30,0
9/16/2016,76,69.2,61,59,55,50,84,62.2,41,13,6.7,0,30.1,30.1,30.1,0
9/17/2016,82,72.3,66,66,60.9,57,81,68.2,51,9,4.2,0,30.1,30,29.9,0
9/18/2016,87,76.4,68,73,68.2,66,93,77.3,49,10,4.5,0,29.9,29.9,29.8,0
9/19/2016,77,73.2,70,73,70.5,68,96,91.1,84,13,4.2,0,29.9,29.9,29.8,0.41
9/20/2016,78,72.1,68,69,67,66,93,84.4,66,10,4.7,0,30,29.9,29.9,0.23
9/21/2016,82,74.3,67,68,63.9,60,93,71.8,49,14,5.2,0,30,30,29.9,0
9/22/2016,84,72.5,63,64,59.1,55,93,66,38,10,3.5,0,30,29.9,29.9,0
9/23/2016,89,73.2,59,66,61,56,96,70.5,32,7,2,0,29.9,29.9,29.8,0
9/24/2016,73,68.2,58,65,61,57,97,78.2,61,15,6.6,0,30,29.9,29.8,0
9/25/2016,72,61.3,51,56,46,40,97,61,35,12,4.3,0,30.1,30,30,0
9/26/2016,68,62.7,52,60,56.3,49,89,79.9,65,9,3.9,0,30,29.9,29.8,0
9/27/2016,76,66.6,58,64,58.6,44,97,78.4,33,7,2.9,0,29.8,29.8,29.7,0.18
9/28/2016,69,65.4,57,66,62.9,55,100,91.7,79,21,11.4,0,29.9,29.9,29.8,0
9/29/2016,67,65.2,63,65,63.2,60,100,93.2,90,24,18,3,30,30,29.9,0
9/30/2016,64,61.2,58,61,59.2,57,97,92.9,90,21,15.3,10,30,30,30,0
10/1/2016,63,62.2,60,63,61.1,59,100,96.3,90,17,9.7,5,30,29.9,29.9,0.09
10/2/2016,72,65.6,63,64,62.7,62,100,90.6,71,9,3.5,0,29.9,29.9,29.9,0.4
10/3/2016,75,65.3,56,63,58.9,52,100,82.4,46,10,2.6,0,29.9,29.9,29.8,0
10/4/2016,73,63,53,59,55.5,52,97,77.6,57,20,9.2,0,30.1,30.1,30,0
10/5/2016,69,61.2,55,55,53.4,50,93,76.5,54,15,6.2,0,30.2,30.1,30.1,0
10/6/2016,70,62.1,55,58,56,53,93,81,61,12,4.3,0,30.2,30.1,30.1,0
10/7/2016,72,64.2,59,61,58.8,56,90,82.9,68,12,7.5,3,30.1,30.1,30,0
10/8/2016,66,64.4,63,64,61.5,59,97,90.5,84,9,6.6,3,30,29.9,29.8,0
10/9/2016,68,60.7,55,61,45.3,38,90,58.7,37,22,13.2,6,30,29.9,29.8,0.19
10/10/2016,64,53.5,44,42,36.8,33,89,56.2,33,13,7.3,0,30.2,30.1,30,0
10/11/2016,65,51.8,39,46,41.5,37,93,70.8,41,9,2.8,0,30.3,30.3,30.2,0
10/12/2016,68,53.9,42,53,48.4,41,97,83.6,48,8,1.9,0,30.2,30.1,30,0
10/13/2016,71,55.7,46,56,51.2,45,100,86.3,55,12,3.4,0,30.1,30,29.9,0
10/14/2016,64,53.6,41,46,40.8,36,93,65,35,8,3.6,0,30.2,30.2,30.1,0
10/15/2016,65,53.3,41,48,44.8,40,100,75.3,48,8,2.6,0,30.3,30.2,30.1,0
10/16/2016,74,57.4,45,60,51.5,43,93,82.5,55,12,2.8,0,30.1,30,29.9,0
10/17/2016,83,68.6,55,64,59,54,96,74.3,44,9,4.4,0,29.9,29.8,29.7,0
10/18/2016,84,69.9,56,63,60.4,55,97,74.5,44,8,2.7,0,29.8,29.8,29.7,0
10/19/2016,86,74.2,64,67,64,61,90,72.6,48,7,4,0,29.9,29.8,29.8,0
10/20/2016,80,72,66,66,61.9,55,90,70.8,62,13,8.3,6,29.9,29.8,29.7,0
10/21/2016,79,66,58,64,59.7,47,93,80.8,58,22,9.4,0,29.7,29.5,29.4,0
10/22/2016,59,53.8,48,46,36.8,30,69,53.7,36,26,18,10,29.7,29.5,29.4,0.11
10/23/2016,68,55.2,45,45,38.9,30,72,55.5,39,21,10,0,29.9,29.8,29.7,0
10/24/2016,67,58.4,45,48,41.3,33,74,54.6,39,17,9.5,0,30.1,29.9,29.7,0
10/25/2016,61,48.8,38,36,33.2,30,83,57.4,35,20,9,0,30.3,30.1,30.1,0
10/26/2016,57,46,34,38,33.5,31,93,65,39,9,3.2,0,30.3,30.3,30.2,0
10/27/2016,61,55.7,49,58,50.7,36,100,83.8,61,10,5.2,0,30.2,30,29.9,0
10/28/2016,60,51.8,39,51,37.3,30,93,60.2,32,17,10.8,0,30.1,30,29.9,0.07
10/29/2016,73,55.6,37,54,44.8,35,96,70.1,44,12,5,0,30.1,29.9,29.8,0
10/30/2016,82,67.8,59,59,55.7,53,83,66.9,39,20,8,3,29.8,29.8,29.6,0
10/31/2016,60,51.8,41,51,38,32,82,61.1,37,14,5.9,0,30.1,30,29.9,0
11/1/2016,59,50,38,49,43.2,36,93,78.4,58,9,3.2,0,30.2,30.1,30.1,0
11/2/2016,73,57.9,48,58,52.1,46,97,82.4,55,8,1.8,0,30.1,30.1,30,0
11/3/2016,77,64.8,53,60,55.3,49,100,73.7,48,15,6.4,0,30,29.9,29.8,0
11/4/2016,63,55.4,41,49,38.2,32,79,54.4,34,14,6.7,0,30.1,30,29.9,0
11/5/2016,66,50,35,39,36.1,32,89,62,34,13,4.1,0,30.2,30.1,30.1,0
11/6/2016,67,55.8,46,41,32.5,26,73,44.2,22,14,9.2,0,30.3,30.1,30.1,0
11/7/2016,59,46.8,37,35,30.6,26,89,56.2,31,9,3.6,0,30.3,30.3,30.2,0
11/8/2016,70,52,33,39,33.9,29,96,56.3,22,8,3.5,0,30.2,30,29.8,0
11/9/2016,60,54.2,50,53,47.8,38,97,79.5,63,12,5.7,0,29.9,29.8,29.7,0.04
11/10/2016,59,49.7,38,36,33.5,31,79,55.2,37,14,7.8,3,30,29.9,29.7,0.16
11/11/2016,65,53.5,43,39,32.6,23,65,46.2,33,16,10.6,0,30.1,29.8,29.6,0
11/12/2016,51,40,30,25,23,22,82,52.6,32,10,4.4,0,30.3,30.2,30.1,0
11/13/2016,63,44.4,31,28,22.3,16,76,48.3,17,12,4.3,0,30.1,30,30,0
11/14/2016,59,46.6,31,40,28.4,22,82,53.8,25,8,2.9,0,30,29.9,29.8,0
11/15/2016,64,51.2,41,44,32.8,22,93,54.9,20,13,6,0,29.8,29.7,29.7,0.02
11/16/2016,65,49.3,36,43,36.5,28,86,63.1,38,15,6.5,0,29.8,29.7,29.7,0
11/17/2016,62,49.3,37,41,37,34,97,66.1,35,12,5.1,0,30,29.9,29.8,0
11/18/2016,72,52.5,33,45,39.5,32,96,66,31,6,2.7,0,30,30,29.9,0
11/19/2016,72,49.5,35,51,39.2,23,100,71.2,43,30,9.4,0,29.9,29.7,29.5,0
11/20/2016,45,39.5,36,25,21,19,60,48.1,36,33,23,15,29.7,29.7,29.6,0
11/21/2016,43,37.1,32,19,16,12,52,43.2,28,25,16.8,6,29.9,29.8,29.7,0
11/22/2016,47,37.6,31,21,19.5,17,64,49.3,33,16,9.5,5,30.1,30,29.9,0
11/23/2016,53,39.2,24,33,24.6,19,88,59.3,26,7,2.3,0,30.2,30.1,30.1,0
11/24/2016,56,44.3,36,42,36.5,32,97,76.5,45,6,1.2,0,30.1,30.1,30,0
11/25/2016,54,46.4,36,44,40.9,35,97,82.1,64,6,2.4,0,30.1,30.1,30,0
11/26/2016,51,44.1,37,40,32.6,30,83,65,46,17,9,3,30,30,30,0
11/27/2016,51,40.6,30,30,27.6,26,85,62.1,38,15,7.7,0,30.1,30,30,0
11/28/2016,53,41.3,26,38,31.6,25,96,71.4,41,10,3.7,0,30,30,29.9,0
11/29/2016,58,55.4,47,58,54.9,42,100,98.3,80,8,2.8,0,29.9,29.7,29.6,0.05
11/30/2016,62,57.8,55,62,57.7,55,100,99.7,93,16,5.2,0,29.8,29.6,29.4,0.27
12/1/2016,61,51.1,44,61,38.3,30,100,63.2,42,20,12.7,6,29.8,29.6,29.4,1.06
12/2/2016,49,44.3,40,31,27.9,26,60,53,44,23,13.5,6,29.9,29.9,29.8,0
12/3/2016,50,43.8,40,31,29.8,28,68,58.2,44,21,13.6,8,30.1,30,29.9,0
12/4/2016,46,41.4,36,38,30.7,29,96,66.4,51,13,5.4,0,30.1,30.1,29.9,0
12/5/2016,54,43.9,38,43,37.8,31,100,81.4,51,15,5.6,0,30,29.9,29.8,0.3
12/6/2016,46,42.3,39,43,37.5,31,100,83.7,65,14,8.7,0,30,29.8,29.6,0
12/7/2016,51,42.5,32,43,38.4,30,100,86.9,44,15,5.5,0,29.9,29.8,29.7,0.84
12/8/2016,45,38,31,35,23.5,14,100,60.3,33,18,9.5,0,30,29.9,29.8,0
12/9/2016,39,31.8,28,18,16,13,66,52.6,39,20,14.1,8,30.3,30.1,30,0
12/10/2016,35,29.3,24,18,15.2,12,75,56.8,40,17,9.3,0,30.4,30.3,30.3,0
12/11/2016,41,32.3,25,31,20.9,15,79,63.3,50,8,3.5,0,30.4,30.3,29.9,0
12/12/2016,52,43.1,38,46,38.9,29,100,86.3,62,14,6.2,0,29.9,29.8,29.7,0.17
12/13/2016,43,38.8,33,32,29.4,28,85,69.6,56,8,3.4,0,30,30,29.9,0
12/14/2016,44,37.9,31,32,25,17,92,62.4,37,15,5.6,0,30,29.9,29.8,0
12/15/2016,35,23.5,15,20,0.5,-7,54,37.5,28,31,16.8,0,30.2,30,29.7,0
12/16/2016,26,21,13,8,0.8,-4,54,42.1,31,14,7,0,30.4,30.3,30.2,0
12/17/2016,34,30.8,27,34,28.1,8,100,91.5,45,9,4.2,0,30.1,29.8,29.7,0.13
12/18/2016,63,48.3,34,59,42.3,20,100,80.7,54,25,10.6,0,30.3,29.8,29.6,0.45
12/19/2016,34,31.2,28,20,15.5,14,61,52.5,46,12,7,3,30.6,30.5,30.4,0.02
12/20/2016,35,26.9,20,19,15.5,12,85,63.8,42,7,2.7,0,30.5,30.3,30.1,0
12/21/2016,48,33.8,23,22,20,17,85,60.8,30,10,3.8,0,30.1,30.1,30,0
12/22/2016,57,41.5,28,28,25.4,22,85,55.7,29,24,8,0,30.2,29.9,29.8,0
12/23/2016,46,37.4,26,28,25.1,23,88,63.3,42,9,3.6,0,30.4,30.3,30.2,0
12/24/2016,48,41.8,38,46,40.1,28,100,94.5,63,10,3.7,0,30.2,30.1,30,0.27
12/25/2016,48,39,27,42,34,27,100,84,58,9,2.9,0,30.5,30.3,30.2,0.19
12/26/2016,51,39.8,28,44,36.7,28,100,89.3,77,12,3.3,0,30.5,30.3,30,0
12/27/2016,65,56.5,47,55,44.8,31,93,67.8,32,17,11.6,6,29.9,29.8,29.7,0.01
12/28/2016,47,40.7,33,31,27.5,26,82,60.4,44,14,7.3,0,30,30,29.8,0.01
12/29/2016,47,40.1,32,43,36,24,100,87.1,46,20,6.7,0,29.9,29.6,29.5,0.17
12/30/2016,41,36.3,30,28,21.4,15,76,55.5,38,23,14.1,5,29.9,29.7,29.5,0.12
12/31/2016,47,38.7,27,22,19.8,17,72,48.8,34,16,8.3,3,30,29.9,29.8,0
1/1/2017,54,44.2,36,33,27.7,22,73,53.5,40,10,5,0,30.2,30,29.8,0
1/2/2017,43,41.3,38,43,40.8,34,100,98.2,73,14,9.2,3,30.2,30.2,30,0.17
1/3/2017,45,43.2,41,45,43.2,41,100,99.9,97,12,5.5,0,30,29.6,29.4,0.35
1/4/2017,55,44.7,33,48,32.8,9,100,70.5,24,29,10.9,0,29.7,29.5,29.4,0.73
1/5/2017,35,31.6,27,29,18.3,9,92,61,34,10,6.2,0,29.9,29.8,29.7,0
1/6/2017,31,29.3,25,30,19,7,96,68.2,43,14,7.4,3,30.1,29.9,29.8,0.01
1/7/2017,25,21.4,17,18,11.2,3,92,66,48,16,9.4,5,30.2,30.1,30,0
1/8/2017,23,17.4,13,4,1.2,0,62,49.5,39,25,13.5,7,30.6,30.4,30.2,0.03
1/9/2017,25,18.9,11,7,3.7,1,65,52.5,39,10,4.7,0,30.6,30.5,30.5,0
1/10/2017,40,28.4,17,31,14.8,8,76,57.8,42,12,5.2,0,30.4,30.3,30,0
1/11/2017,55,45.4,38,48,39.6,34,100,81.8,57,16,5.5,0,30.2,30.1,30,0.12
1/12/2017,70,61.1,51,53,51.3,50,96,72,51,20,13.8,3,30,29.9,29.9,0.16
1/13/2017,62,50.2,41,52,33.8,21,89,55.1,38,13,8.5,3,30.5,30.3,30,0
1/14/2017,39,33.3,31,33,28,15,100,83.7,43,12,4.8,0,30.5,30.4,30.2,0
1/15/2017,43,36.3,33,34,29.8,24,100,79.8,51,8,3,0,30.3,30.2,30.1,0.26
1/16/2017,42,37.5,32,31,27.6,22,75,67.8,60,7,3.3,0,30.3,30.3,30.1,0
1/17/2017,45,42.2,38,45,41.6,32,100,97.8,73,7,3.5,0,30.1,29.9,29.7,0.01
1/18/2017,55,46.5,40,47,42.4,37,100,87.5,57,21,5.4,0,29.9,29.8,29.7,0.15
1/19/2017,50,44.5,33,37,35.9,33,100,72.5,59,12,5.4,0,29.9,29.9,29.8,0
1/20/2017,45,40.8,33,45,40,32,100,97,89,9,3.6,0,29.9,29.8,29.7,0
1/21/2017,48,46,44,48,46,44,100,100,100,7,3.2,0,29.8,29.7,29.6,0.02
1/22/2017,51,47.6,45,51,47.4,45,100,99.4,96,15,7.5,0,29.6,29.5,29.4,0
1/23/2017,47,42.1,38,47,41,35,100,95.8,83,32,21.9,9,29.5,29.4,29.3,0.08
1/24/2017,46,41.1,37,37,36.2,34,100,83.6,63,23,12.8,7,29.5,29.3,29.3,0.6
1/25/2017,60,46.8,39,37,34.8,31,93,65.9,33,12,5.4,0,29.6,29.5,29.4,0
1/26/2017,55,45.6,37,43,33.1,25,97,65.4,35,32,12.1,0,29.6,29.4,29.3,0
1/27/2017,42,38.9,35,28,20.8,17,60,48.6,38,23,14.4,8,29.7,29.6,29.6,0
1/28/2017,46,36.7,29,22,20.1,17,72,51.7,37,14,7.3,0,29.6,29.6,29.6,0
1/29/2017,43,36.2,27,29,22.9,19,82,60.4,38,15,5.6,0,29.6,29.6,29.6,0
1/30/2017,36,32.5,25,30,21.9,12,92,66.1,43,23,10.1,0,29.9,29.7,29.6,0
1/31/2017,52,37.2,26,28,22.5,15,82,57.2,37,13,5,0,29.9,29.7,29.5,0
2/1/2017,48,42.5,32,32,28.9,27,82,59.6,48,16,7.2,3,29.9,29.8,29.8,0
2/2/2017,49,40.5,34,30,22.7,11,78,51.1,29,20,8.6,0,30.1,30,29.9,0
2/3/2017,36,32.1,27,13,10.6,8,51,41,31,20,9.1,0,30.2,30.1,30,0
2/4/2017,38,29.4,20,12,6.3,3,68,39.7,24,13,6.4,0,30.3,30.2,30.1,0
2/5/2017,50,37.7,29,28,18.1,10,70,46.6,30,13,5.7,0,30.1,29.9,29.7,0
2/6/2017,60,43,27,33,29.8,25,92,63.3,33,10,3.7,0,30,29.9,29.8,0
2/7/2017,72,57.9,38,54,44.7,33,89,63.6,47,16,7.8,0,29.8,29.6,29.4,0
2/8/2017,70,61,51,54,46.4,39,84,60.3,40,15,8.5,0,29.5,29.5,29.4,0
2/9/2017,49,34,24,45,24.2,4,100,69.8,40,30,17.6,7,30.1,29.6,29.3,0.24
2/10/2017,36,29.6,20,12,8.2,6,57,41.7,30,18,9.4,0,30.2,30.1,29.9,0
2/11/2017,53,43.7,29,35,25.7,12,72,50.2,38,8,4.1,0,29.9,29.8,29.8,0
2/12/2017,49,44.7,42,46,40.9,30,100,87.9,58,21,9,0,29.8,29.6,29.5,0
2/13/2017,43,37.7,27,26,19.6,16,72,48.9,38,28,18.2,0,29.9,29.8,29.7,0.22
2/14/2017,45,34.7,26,33,25.1,19,82,68.7,51,10,3.9,0,29.9,29.8,29.6,0
2/15/2017,52,38,30,31,24.3,17,92,61,34,33,10.3,0,29.5,29.4,29.3,0
2/16/2017,38,33.1,25,23,17.1,14,69,52.6,38,24,15,5,29.8,29.6,29.5,0
2/17/2017,51,34.3,20,23,18.9,16,85,56.9,28,10,4.8,0,29.8,29.8,29.7,0
2/18/2017,70,50.3,27,33,28.8,23,89,49.8,22,14,5.5,0,29.7,29.6,29.6,0
2/19/2017,70,60,50,44,40.4,33,74,49.8,35,15,9.3,5,29.9,29.7,29.6,0
2/20/2017,63,52.5,39,42,32.8,24,93,52.1,27,14,6.4,0,30.2,30,29.9,0
2/21/2017,52,45,36,39,28,21,80,52.3,39,12,6.4,0,30.2,30.1,29.9,0
2/22/2017,62,50.3,43,46,42.5,39,97,75.9,53,7,1.8,0,29.9,29.8,29.7,0
2/23/2017,76,55.1,45,55,49,44,100,83.2,42,14,2.3,0,29.8,29.7,29.6,0
2/24/2017,73,60.9,47,60,53.8,47,100,80,51,17,7,0,29.8,29.7,29.6,0
2/25/2017,74,58.1,43,61,51.2,24,100,79.8,44,23,11.9,0,29.7,29.4,29.3,0
2/26/2017,46,38,28,24,20,16,78,49.6,34,20,11,0,30.1,29.9,29.7,0.75
2/27/2017,55,42.3,25,36,27.8,19,89,61,24,9,2.8,0,30.3,30.2,30.2,0
2/28/2017,64,53.9,41,56,45.6,35,100,75.4,50,10,2.7,0,30.2,30.1,29.9,0
3/1/2017,75,62.6,56,60,55.8,49,100,81.1,49,33,11.8,0,29.8,29.6,29.4,0.26
3/2/2017,60,45.8,37,40,23.3,18,59,41.6,32,31,19.9,8,30,29.8,29.4,0.02
3/3/2017,42,35.1,28,28,17.5,6,85,51.8,25,26,14.9,6,30.4,30.2,30,0
3/4/2017,40,31,21,14,8.3,6,63,40.5,25,20,9.3,0,30.5,30.4,30.3,0
3/5/2017,40,28.5,19,10,-1.1,-8,51,30.3,15,10,5,0,30.6,30.5,30.4,0
3/6/2017,52,40.7,24,37,26.3,11,74,57.5,41,13,4.1,0,30.4,30.3,30.2,0
3/7/2017,69,55.5,45,56,47,38,97,75.7,47,20,6.7,0,30.2,30,29.8,0
3/8/2017,65,57.6,48,52,28.4,14,78,40,15,30,15.4,7,30,29.9,29.8,0.06
3/9/2017,70,59,46,28,22.1,17,37,24.8,16,22,11,0,30,29.9,29.8,0
3/10/2017,52,39.1,28,37,25.4,7,100,62.2,32,23,12.8,7,30,29.8,29.6,0
3/11/2017,36,28.9,22,11,6.3,3,55,39.6,25,22,12.9,3,30.2,30.1,30,0.13
3/12/2017,38,30.6,24,11,8.7,7,51,40.5,30,21,7.7,0,30.3,30.2,30.2,0
3/13/2017,39,30.8,23,29,19.2,9,100,65.4,36,17,8.9,0,30.4,30.2,30,0
3/14/2017,36,31.1,24,33,28,10,100,89.1,55,29,15.2,8,29.9,29.5,29.3,1.25
3/15/2017,30,25.5,20,14,10.1,6,60,52.4,43,31,21.6,15,29.9,29.7,29.6,0.19
3/16/2017,38,30.9,24,17,13.5,6,61,48.9,42,25,13.8,7,30.1,30,29.9,0
3/17/2017,48,38.5,25,33,19.5,14,73,48.6,28,15,7.4,0,30.2,30.1,30.1,0
3/18/2017,53,43.7,39,42,38.8,33,100,84.1,61,20,10,3,30,29.9,29.8,0.03
3/19/2017,50,40.2,33,39,34,32,100,81.1,52,15,8.9,5,30.1,30,29.9,0.37
3/20/2017,51,44.5,35,34,29.3,23,86,58.2,33,10,5.4,0,30.1,30,29.9,0.01
3/21/2017,61,51.8,45,42,37,29,74,57.8,48,13,5.5,0,29.9,29.8,29.7,0
3/22/2017,53,43.7,33,41,15.9,1,79,35.7,18,23,12.7,3,30.3,30,29.8,0
3/23/2017,48,35.6,27,23,8.1,2,59,33.6,17,9,5.3,0,30.5,30.4,30.3,0
3/24/2017,60,46.2,31,46,29.9,15,70,54.1,39,14,6.9,0,30.4,30.2,30,0
3/25/2017,79,66.1,53,53,49.8,47,80,57.1,39,23,7.9,3,30.1,30,30,0
3/26/2017,50,46.1,44,46,43.6,40,100,91.4,79,20,13.2,9,30.2,30.1,30.1,0
3/27/2017,69,52.2,44,56,49.4,44,100,91.4,61,9,3.8,0,30,29.9,29.8,0.04
3/28/2017,70,60,52,64,57.1,52,100,91.2,63,14,4.2,0,29.8,29.7,29.6,0.02
3/29/2017,63,56.8,50,54,39.3,29,83,54.7,30,16,8.9,3,30,29.9,29.8,0.28
3/30/2017,50,46.3,42,40,31.8,27,74,57.4,48,12,8.1,5,30.1,30,29.9,0
3/31/2017,51,45.3,42,51,45,40,100,98.7,86,16,9.3,3,29.9,29.6,29.4,0.26
4/1/2017,55,49.4,44,45,41.6,37,100,76.2,57,18,11,6,29.9,29.7,29.5,1.19
4/2/2017,63,52,41,37,33.7,30,76,52.5,31,12,7.1,0,30.1,30,30,0
4/3/2017,69,55.2,40,58,43.3,29,100,68.8,28,15,8.1,0,30,29.8,29.5,0
4/4/2017,79,66,58,60,54.7,40,100,72.5,32,23,11.1,0,29.6,29.4,29.4,0.13
4/5/2017,70,62.6,55,49,43.8,42,69,51.3,38,15,9,3,29.8,29.7,29.6,0
4/6/2017,58,53.4,50,56,51.2,35,100,92.9,57,38,12.7,3,29.6,29.3,29,0
4/7/2017,49,45,41,34,29.9,25,70,56,46,32,19.4,12,29.7,29.4,29.2,1.45
4/8/2017,62,48.3,35,28,22.9,19,70,40.4,19,20,12,3,29.9,29.8,29.7,0
4/9/2017,71,55.3,35,34,28.2,24,78,39.8,19,12,4.7,0,30.1,30,29.9,0
4/10/2017,82,62.9,42,48,40.3,32,79,48,21,12,4.8,0,30.1,30,29.9,0
4/11/2017,86,71.3,58,55,48.5,41,70,47.5,20,13,5.8,0,30,29.9,29.9,0
4/12/2017,75,67.5,56,57,48,33,93,54.3,23,17,6.7,0,30.1,30,29.9,0
4/13/2017,69,60.1,53,36,33,30,51,36.7,25,12,5.6,0,30.3,30.2,30.1,0
4/14/2017,67,57.2,48,48,36.8,31,75,48.1,33,10,5.7,0,30.2,30.2,30.1,0
4/15/2017,73,62.4,53,64,53.6,43,100,74.3,53,15,4.2,0,30.2,30.1,29.9,0
4/16/2017,86,72.8,59,62,57,52,100,63.3,33,18,7.7,0,29.9,29.8,29.7,0.36
4/17/2017,71,64.6,55,62,54.9,44,100,72.5,39,13,5.7,0,30,29.9,29.8,0
4/18/2017,68,60.1,49,44,40.8,37,74,50.2,36,12,5.4,0,30.3,30.1,30,0.21
4/19/2017,62,55.5,49,53,48.1,41,93,76.5,64,12,6.8,0,30.3,30.2,30,0
4/20/2017,79,63.9,57,65,58.8,53,100,84.6,56,15,5.5,0,30,29.9,29.8,0
4/21/2017,69,62.8,59,64,61.2,59,100,94.7,81,12,6.6,0,29.8,29.7,29.6,0.43
4/22/2017,60,55.8,48,58,54.8,48,100,96.2,89,13,7.2,3,29.9,29.8,29.7,0.01
4/23/2017,59,53.3,46,48,43.2,38,97,69.8,51,12,5.6,0,30,29.9,29.9,0.26
4/24/2017,58,53.7,51,50,47,41,89,78.4,53,22,12.2,0,29.9,29.9,29.8,0
4/25/2017,58,56.1,52,58,55.6,49,100,98.4,89,22,14.9,5,29.8,29.7,29.6,0.12
4/26/2017,66,59.3,56,60,57.6,56,100,94.3,75,8,4.7,0,29.7,29.6,29.5,0.55
4/27/2017,80,62,53,66,58.3,53,100,89.3,57,12,3.9,0,29.7,29.7,29.6,0
4/28/2017,84,73.8,62,68,60.4,56,96,65.5,38,10,5.4,0,29.9,29.8,29.7,0
4/29/2017,89,77,68,69,66.5,62,100,72.7,45,15,6.1,0,29.9,29.9,29.8,0
4/30/2017,79,70.7,61,67,63.4,59,93,78.4,62,14,10.7,0,30,29.9,29.9,0
5/1/2017,82,68.8,58,66,62.2,57,100,81.8,56,16,8.6,0,29.9,29.7,29.5,0
5/2/2017,76,69.5,57,65,50,35,81,53,27,23,12,0,29.7,29.5,29.4,0.01
5/3/2017,65,59,48,46,39.7,34,80,50.5,37,24,10.4,0,30,29.9,29.7,0
5/4/2017,65,56.2,45,54,44.9,36,100,69.2,41,18,11.6,0,30.1,29.9,29.8,0
5/5/2017,70,63.3,55,67,62.3,55,100,96.6,87,20,11,0,29.8,29.4,29.2,0.8
5/6/2017,66,56.7,48,66,50.8,44,100,81.3,64,22,10.4,3,29.4,29.3,29.2,0.74
5/7/2017,61,52.3,45,45,39,32,93,62.8,35,20,10.8,0,29.7,29.6,29.4,0.03
5/8/2017,61,51.9,40,36,29.8,24,68,45.2,26,16,9.2,0,29.8,29.8,29.7,0
5/9/2017,65,52.5,39,39,31.9,25,89,51,25,12,5,0,29.9,29.8,29.8,0
5/10/2017,73,58.9,41,47,41.2,38,93,56.3,28,12,4.5,0,29.9,29.8,29.8,0
5/11/2017,59,53.4,51,54,51.6,47,100,93.6,69,14,9.1,0,29.9,29.8,29.8,0
5/12/2017,58,52.4,49,50,48.7,46,100,87.7,67,16,7.1,0,29.9,29.8,29.8,0.56
5/13/2017,57,52.4,49,53,50.6,49,100,93.7,77,13,8.4,0,29.8,29.7,29.6,0.78
5/14/2017,77,61.4,44,53,45.3,23,100,63,22,26,10.1,0,29.6,29.6,29.5,0.01
5/15/2017,74,61.5,49,46,40.1,30,67,47.3,29,21,12.3,0,29.8,29.7,29.7,0
5/16/2017,82,66,45,54,47.4,43,97,56.5,25,8,3.1,0,29.9,29.9,29.8,0
5/17/2017,93,75.5,56,67,61,53,90,63,36,12,3.9,0,29.9,29.8,29.8,0
5/18/2017,91,81.8,71,68,64.1,61,71,56,40,12,8,3,29.9,29.8,29.7,0
5/19/2017,90,76.5,67,73,67.9,64,100,77.3,45,20,7.7,0,29.9,29.8,29.7,0
5/20/2017,69,65.8,59,68,58,48,100,76.5,58,15,9.7,0,30.1,30,29.8,0.36
5/21/2017,66,61,57,54,47.8,41,75,62.1,53,13,7.7,0,30.2,30.1,30,0
5/22/2017,69,61.6,56,64,60.3,53,100,95.7,81,8,4,0,30,29.9,29.8,0.05
5/23/2017,65,60.9,56,61,58,55,100,90.9,75,13,4.6,0,29.8,29.7,29.6,0.14
5/24/2017,65,60.9,56,58,56.2,54,100,85.1,73,18,8.4,0,29.6,29.6,29.5,0.26
5/25/2017,73,60.8,56,64,59,56,100,94.5,64,25,11,0,29.5,29.3,29.3,0.57
5/26/2017,74,65.2,58,60,57.1,54,100,77.1,53,24,12.3,0,29.7,29.6,29.4,0.64
5/27/2017,72,64.4,55,62,57.9,54,100,80.7,57,10,3.1,0,29.8,29.7,29.7,0
5/28/2017,73,65.5,57,66,62.8,57,100,91.7,66,13,6.2,0,29.7,29.7,29.7,0.02
5/29/2017,75,66.6,62,67,63.8,62,100,91.4,73,12,6.8,0,29.9,29.7,29.6,0.19
5/30/2017,66,61.5,59,65,61.1,59,100,98.7,93,12,8,0,29.9,29.9,29.9,0
5/31/2017,83,67.8,63,67,63.2,53,100,87.5,36,31,5.3,0,29.9,29.8,29.8,0.1
6/1/2017,81,70,59,62,53.9,46,100,62.8,32,23,8.8,0,29.9,29.8,29.8,0.38
6/2/2017,80,68.5,55,55,49,40,93,54.8,26,18,7.4,0,29.9,29.8,29.8,0
6/3/2017,79,67.9,53,57,53.1,48,90,61.3,39,9,4,0,29.9,29.8,29.8,0
6/4/2017,86,71.6,54,66,59,54,100,69.1,34,12,4.5,0,29.9,29.8,29.6,0
6/5/2017,74,70.5,64,71,67.6,64,100,90.5,81,10,3.9,0,29.6,29.6,29.5,0
6/6/2017,77,68.5,62,65,58,51,100,73,42,15,7.3,0,29.7,29.6,29.5,0.14
6/7/2017,64,60.2,51,61,55.6,51,100,85.3,67,14,8.9,0,29.9,29.8,29.7,0
6/8/2017,72,61.5,48,55,51.4,47,100,72.8,44,14,3.9,0,29.9,29.8,29.7,0
6/9/2017,82,68.8,52,57,53.7,51,100,62.9,35,15,6.9,0,29.8,29.7,29.6,0
6/10/2017,88,75.3,57,64,57.7,54,96,58.4,31,13,5.3,0,29.9,29.9,29.8,0
6/11/2017,93,80.4,65,66,63,60,93,58.8,34,13,5.9,0,30,29.9,29.9,0
6/12/2017,93,82.1,68,68,64.8,61,93,59.1,34,12,5.8,0,29.9,29.9,29.8,0
6/13/2017,96,84.7,70,71,67.6,63,97,60.3,33,10,5.7,0,29.9,29.8,29.7,0
6/14/2017,87,81,74,71,67.9,62,85,65,55,12,8,5,29.8,29.8,29.7,0
6/15/2017,84,75,66,66,62.9,59,90,67,45,10,7.3,0,29.9,29.8,29.8,0
6/16/2017,82,74.5,68,73,67.7,62,100,79.8,65,9,4.3,0,29.8,29.7,29.7,0
6/17/2017,86,77.3,72,77,72.6,71,100,86.4,61,15,4.6,0,29.8,29.7,29.7,0
6/18/2017,91,81.4,73,73,72.7,72,100,76.9,53,15,8.3,0,29.7,29.7,29.6,0.04
6/19/2017,90,77.3,70,74,71.2,65,100,83.4,54,23,10,3,29.7,29.7,29.6,0
6/20/2017,88,77.3,66,72,62.8,54,100,65.3,32,14,8.2,0,29.8,29.8,29.7,0.91
6/21/2017,89,77.5,67,68,64.2,59,97,67,38,15,6.9,0,29.8,29.8,29.7,0
6/22/2017,87,79,68,73,69,66,96,72.5,55,10,3.4,0,29.9,29.8,29.8,0
6/23/2017,88,78.8,71,75,73.1,71,100,83.8,63,17,9.7,5,29.8,29.6,29.5,0.13
6/24/2017,86,78.5,69,75,66.1,58,97,68.8,38,21,11.3,0,29.8,29.6,29.4,0.18
6/25/2017,85,75.7,68,63,56.3,46,84,53.9,28,15,8.2,0,29.9,29.8,29.8,0
6/26/2017,82,72.4,60,58,50,44,75,48.3,28,12,6.3,3,29.9,29.9,29.8,0
6/27/2017,79,71.8,63,58,51.3,46,81,50.6,31,16,6.5,0,29.9,29.8,29.8,0
6/28/2017,80,69.1,53,57,50,43,93,55,27,9,4.7,0,30,30,29.9,0
6/29/2017,90,77.1,63,64,59.5,56,84,57.3,32,13,6.9,0,30,29.9,29.9,0
6/30/2017,92,82,72,69,64.5,60,69,56,42,17,8.4,3,29.9,29.8,29.8,0
7/1/2017,92,79.4,73,75,72.4,69,100,80.1,52,17,7,0,29.8,29.8,29.7,0
7/2/2017,92,80.9,70,73,68.4,64,100,69.5,39,12,4.5,0,29.9,29.8,29.8,0.35
7/3/2017,91,81.5,68,71,64.3,57,100,59.9,32,10,4.9,0,29.9,29.9,29.8,0
7/4/2017,91,78.3,70,72,67.6,61,97,72.3,40,10,4.5,0,29.9,29.9,29.8,0
7/5/2017,85,77.6,73,73,70.6,66,97,80.2,56,16,9.3,5,30,29.9,29.9,0.32
7/6/2017,76,74,73,75,73.2,71,100,97.3,91,14,8.8,0,30,29.9,29.8,0.27
7/7/2017,89,77.1,72,75,71.1,65,100,84.3,49,16,5.5,0,29.7,29.7,29.6,1.51
7/8/2017,87,77.8,69,67,62.9,56,78,61,43,18,9.8,3,29.8,29.7,29.6,0.01
7/9/2017,83,74.1,64,63,55.8,45,93,57.5,29,14,5.6,0,29.9,29.9,29.8,0
7/10/2017,89,77,65,72,66.9,60,100,73.1,43,14,4.4,0,29.9,29.9,29.8,0.01
7/11/2017,91,81.9,71,73,68.3,65,87,64.8,43,14,6,0,29.8,29.8,29.8,0
7/12/2017,90,82,74,75,71.9,68,94,72.3,55,15,5.5,0,29.9,29.9,29.9,0
7/13/2017,94,85.3,74,75,72.6,70,94,67.6,49,15,7.2,0,29.9,29.9,29.8,0
7/14/2017,91,80.9,73,78,74.8,69,100,83,55,17,4.6,0,29.9,29.8,29.8,0.03
7/15/2017,88,79.1,71,74,68.1,62,100,72,43,14,6.7,0,29.8,29.8,29.8,0.14
7/16/2017,86,76.5,64,68,63.5,60,93,66.6,43,8,4,0,29.9,29.8,29.8,0
7/17/2017,89,78.6,70,74,70.3,67,93,77.1,49,15,4.4,0,29.9,29.9,29.8,0
7/18/2017,90,80.9,71,75,72.3,69,100,76.9,57,14,3.9,0,29.9,29.9,29.9,0.02
7/19/2017,95,83.5,73,76,72.8,67,100,73,40,15,4.2,0,29.9,29.9,29.8,0
7/20/2017,96,86.9,73,75,71.4,67,100,63,38,14,5.9,0,29.9,29.8,29.7,0
7/21/2017,93,85.4,76,76,71.2,68,87,63.6,45,10,4.9,0,29.8,29.8,29.7,0
7/22/2017,94,80.1,73,76,72.6,67,100,80.5,41,20,5.8,0,29.7,29.7,29.6,0
7/23/2017,88,77.1,73,76,73.9,72,100,91.1,59,15,5.6,0,29.6,29.6,29.6,0.11
7/24/2017,90,78.6,71,76,71.3,65,100,81.2,45,22,7,0,29.7,29.6,29.6,0.38
7/25/2017,79,73.3,65,72,62.9,60,97,70.9,56,14,7.2,0,30,29.9,29.8,0.02
7/26/2017,80,72.9,62,68,66,62,100,80,62,12,6.3,0,30.1,30,29.9,0
7/27/2017,86,77,71,75,70.5,68,93,81,61,10,4.2,0,29.9,29.8,29.7,0
7/28/2017,78,74.5,71,75,73.4,71,100,96.5,82,15,7.1,0,29.7,29.6,29.5,0
7/29/2017,74,69.8,66,71,65.3,55,100,86.3,64,20,10.5,5,29.8,29.6,29.5,3.84
7/30/2017,82,71.9,61,61,54.8,51,90,57.7,34,13,5.8,0,29.9,29.9,29.8,0.1
7/31/2017,87,74.6,59,67,62.3,59,100,69.2,43,9,3.5,0,29.9,29.9,29.9,0
8/1/2017,89,76.1,65,71,67,64,100,76.6,43,14,4.4,0,29.9,29.9,29.9,0
8/2/2017,89,75.2,70,71,69,65,100,83.6,45,26,5.2,0,29.9,29.9,29.8,0.01
8/3/2017,85,73.9,68,73,70.4,68,100,89.4,67,10,5.7,0,30,29.9,29.9,0.68
8/4/2017,87,77.8,69,73,70.6,67,100,80.3,59,15,5.6,0,29.9,29.8,29.7,0.38
8/5/2017,78,73.6,64,73,61,54,93,66.8,45,21,10.5,0,29.9,29.8,29.7,0
8/6/2017,79,71.1,62,65,59.4,52,87,68.1,40,8,3.9,0,30,29.9,29.9,0
8/7/2017,73,69.9,66,72,68.9,63,100,96.9,71,12,5.6,0,29.9,29.8,29.7,0.17
8/8/2017,79,70.8,63,69,64.6,58,100,83.2,48,9,4,0,30,29.8,29.8,0.57
8/9/2017,82,71.1,60,64,58.6,52,100,69.7,35,7,2.9,0,30.1,30,30,0
8/10/2017,83,72.1,60,63,60.1,55,100,69.6,39,7,2.8,0,30.1,30.1,30,0
8/11/2017,79,73,65,71,66.9,63,100,81.9,66,9,3.9,0,30,29.9,29.8,0
8/12/2017,83,73.9,69,76,71.5,66,100,92.7,74,21,4,0,29.8,29.8,29.7,0.24
8/13/2017,83,74.1,67,70,65.7,62,100,77.4,51,8,4.7,0,29.9,29.8,29.7,0.53
8/14/2017,77,72.2,63,71,67.4,63,100,85.5,69,7,2.2,0,29.9,29.8,29.8,0
8/15/2017,78,74.5,71,75,73.4,70,100,96.3,87,9,1.9,0,29.8,29.7,29.7,0
8/16/2017,89,75.1,69,74,70.7,69,100,88.1,52,9,2.2,0,29.9,29.8,29.8,0.76
8/17/2017,85,76.9,70,76,73.9,70,100,91,72,13,4.3,0,29.9,29.8,29.8,0
8/18/2017,91,79.4,74,78,75.5,73,100,88.8,63,15,5.3,0,29.8,29.7,29.6,0
8/19/2017,88,78.8,70,76,69.7,62,100,76,51,17,4.8,0,29.8,29.7,29.7,0.44
8/20/2017,85,74.5,65,67,63,59,97,70.2,43,7,3.6,0,30,29.9,29.8,0
8/21/2017,87,76.7,67,79,72.1,67,100,86.3,67,16,5.5,0,30,30,29.9,0
8/22/2017,92,81.4,70,76,72.3,69,100,76.3,50,13,6.2,0,29.9,29.8,29.6,0.02
8/23/2017,83,77.1,68,74,66.5,59,87,70.8,47,12,6.4,0,29.8,29.7,29.6,0
8/24/2017,79,71.3,62,64,58.3,54,96,65.9,42,8,3.9,0,29.8,29.8,29.7,0
8/25/2017,79,70.4,62,64,60.5,57,100,73.1,48,9,3.7,0,30.1,30,29.9,0.03
8/26/2017,78,69.5,60,62,57.9,53,97,69.5,42,10,4.1,0,30.1,30.1,30,0
8/27/2017,77,68.2,58,63,56.2,52,100,68.6,43,15,5.6,0,30.1,30.1,30,0
8/28/2017,76,68.1,57,59,56,53,100,67.4,45,17,10.3,0,30.1,30.1,30,0
8/29/2017,68,65.1,63,66,63.6,57,100,95.2,68,15,10.3,6,30,29.9,29.8,0.13
8/30/2017,76,67.5,57,65,60.5,57,100,80.2,54,9,4.4,3,29.9,29.8,29.8,0.63
8/31/2017,83,72.5,61,67,64,61,100,76.8,53,14,5.7,0,29.9,29.8,29.8,0
9/1/2017,70,63,59,59,50.7,44,93,65.1,48,20,7.3,0,30,30,29.9,0.01
9/2/2017,63,60.3,58,63,58.8,52,100,95.3,70,17,10.1,3,30,29.9,29.8,0.11
9/3/2017,77,65.3,58,63,60.4,57,100,86,50,14,6,0,29.9,29.8,29.8,0.59
9/4/2017,82,70.3,57,66,59.9,56,100,72.8,42,13,6,0,29.9,29.8,29.7,0
9/5/2017,87,73.1,67,69,66.7,62,100,82.3,51,17,7.5,0,29.7,29.6,29.6,0
9/6/2017,68,63.8,60,68,63.2,60,100,97.9,90,8,4.6,0,29.8,29.7,29.6,0.68
9/7/2017,71,61.9,56,60,54.7,49,100,80.5,45,16,8,0,29.9,29.8,29.7,0.44
9/8/2017,75,63.3,50,57,52.4,50,100,70.4,46,15,6.6,0,30.1,30,29.9,0
9/9/2017,70,61.2,51,52,49.5,45,96,67.5,41,12,5.3,0,30.2,30.1,30.1,0
9/10/2017,73,61.8,53,56,51.1,47,90,70,44,13,6.6,0,30.2,30.2,30.2,0
9/11/2017,72,62.6,51,57,51.8,48,100,71.3,43,9,2.9,0,30.2,30.1,30,0
9/12/2017,76,66.5,58,60,56.5,47,97,73,38,8,2.6,0,30,29.9,29.8,0
9/13/2017,78,68.9,64,72,67,60,100,94.1,78,8,2.9,0,29.8,29.7,29.7,0.04
9/14/2017,80,72.1,64,69,66.2,64,100,83.4,58,10,3.8,0,29.8,29.7,29.7,0.07
9/15/2017,82,72.3,62,68,65.1,62,100,80.2,52,7,2.4,0,29.9,29.9,29.8,0
9/16/2017,83,72.2,63,68,65.9,63,100,82.8,54,9,2.1,0,30,30,29.9,0
9/17/2017,81,71.9,64,70,68,64,100,88.5,66,10,3.3,0,30,30,29.9,0
9/18/2017,73,69.8,64,71,67.8,64,100,93.2,81,13,5.7,0,29.9,29.9,29.9,0
9/19/2017,83,73.3,67,68,66.6,66,97,80.6,56,13,7,5,29.9,29.8,29.7,0.02
9/20/2017,87,75.1,64,67,64.5,61,100,71.7,43,13,6.5,3,29.8,29.8,29.7,0
9/21/2017,87,74.3,61,67,64.2,61,100,73.9,46,9,3.7,0,29.9,29.9,29.8,0
9/22/2017,81,72.3,63,67,65.5,63,100,80.6,58,10,3.8,0,29.9,29.9,29.8,0
9/23/2017,88,71.7,59,63,59.5,54,100,69.8,33,9,4.3,0,29.9,29.9,29.9,0
9/24/2017,89,75.2,62,67,63.3,59,90,70.2,40,10,3.5,0,29.9,29.9,29.9,0
9/25/2017,89,76.2,65,70,66.7,65,100,75.2,46,9,3.7,0,29.9,29.9,29.8,0
9/26/2017,83,74.8,67,70,67.5,65,93,78.5,58,14,6.6,0,29.9,29.8,29.8,0
9/27/2017,89,77.6,68,71,68.8,66,97,76.1,52,12,6.3,0,29.8,29.7,29.6,0
9/28/2017,80,72.9,63,66,56.3,47,93,58.5,33,18,9.3,0,29.9,29.7,29.6,0
9/29/2017,72,62,50,52,47.4,43,93,62.1,35,13,4.4,0,30,29.9,29.9,0
9/30/2017,65,59.6,54,53,45.3,41,78,60,43,17,9.2,3,30.2,30.1,29.9,0
10/1/2017,68,56.1,46,48,44.4,42,93,67.5,40,7,3.5,0,30.3,30.2,30.1,0
10/2/2017,74,58.3,44,51,47.6,43,100,72.5,35,9,2.5,0,30.3,30.2,30.2,0
10/3/2017,72,60.7,47,56,51.8,47,100,75.5,45,9,3.6,0,30.4,30.4,30.3,0
10/4/2017,77,62.5,48,57,54.2,48,100,77.8,45,10,3.2,0,30.4,30.2,30.1,0
10/5/2017,83,68.8,52,62,57.1,52,100,69.8,41,10,4.6,0,30.1,30,29.9,0
10/6/2017,82,71.5,61,66,62.9,61,100,76.4,49,9,2.6,0,30,29.9,29.9,0
10/7/2017,84,72.2,60,71,65.4,60,100,81.5,47,14,5,0,29.9,29.9,29.8,0
10/8/2017,82,76.8,73,75,73.3,71,100,89.2,71,12,6.9,0,29.8,29.8,29.8,0
10/9/2017,84,75.7,73,75,73.9,72,100,94.6,74,14,8.2,0,29.8,29.7,29.7,0.34
10/10/2017,84,75.7,68,73,69.1,67,100,81.6,56,8,2.9,0,29.9,29.9,29.8,0.31
10/11/2017,73,70.2,66,72,68.5,64,100,94.5,87,17,9.7,0,29.9,29.9,29.9,0
10/12/2017,65,62.5,59,65,60.2,53,100,92,78,23,14.2,3,30.2,30.1,29.9,0.65
10/13/2017,64,61,59,61,57.8,54,100,89.3,80,15,8.5,3,30.2,30.2,30.1,0.01
10/14/2017,70,63.5,60,62,61.5,60,100,93.7,76,6,3.3,0,30.1,30.1,30,0.01
10/15/2017,76,66.8,63,67,64.4,62,100,92.7,71,12,5.1,0,30,29.9,29.7,0
10/16/2017,71,60.5,49,67,49.2,37,97,68.5,38,16,7.8,3,30.1,29.9,29.7,0.1
10/17/2017,62,49.5,39,42,36.8,31,97,66.6,32,8,3,0,30.2,30.2,30.1,0
10/18/2017,70,53.9,39,48,43.3,39,100,73,38,7,2.6,0,30.2,30.2,30.1,0
10/19/2017,72,55.8,42,50,46.1,42,100,75,38,8,3.1,0,30.1,30.1,30,0
10/20/2017,76,61,50,52,47.4,40,93,65.3,29,10,5.3,0,30.1,30,30,0
10/21/2017,75,58.6,45,51,46.3,39,100,70.3,27,8,2.1,0,30.2,30.2,30.1,0
10/22/2017,74,59.3,45,57,50.8,42,100,77.6,32,8,2.7,0,30.2,30.2,30.1,0
10/23/2017,74,66.8,54,66,62.3,53,100,86.6,66,15,7.5,0,30.1,30,29.7,0
10/24/2017,72,65.5,55,68,59.6,52,100,82.9,55,17,8.3,0,29.6,29.6,29.6,0.13
10/25/2017,64,55.5,49,47,40.2,37,86,58.2,38,10,5.4,0,29.6,29.6,29.6,0
10/26/2017,59,49.8,41,41,38.2,34,86,66.2,42,21,7.9,0,29.9,29.7,29.6,0
10/27/2017,67,52,36,50,41.9,35,97,71.5,40,12,3.9,0,29.9,29.9,29.9,0
10/28/2017,70,59.7,44,60,49.8,43,96,72.2,41,13,5.8,0,29.9,29.8,29.6,0
10/29/2017,66,60.1,47,66,59.9,46,100,99.3,94,28,9.2,0,29.6,29.3,28.9,0.26
10/30/2017,57,49.4,44,45,37,30,97,65.3,36,26,15.1,0,29.8,29.5,29,1.18
10/31/2017,59,47.7,38,41,35.8,29,97,67.7,33,17,4.5,0,30.1,29.9,29.8,0
11/1/2017,60,51.6,44,53,43.2,33,97,73.5,61,9,5.1,0,30.1,30.1,30,0
11/2/2017,76,61.6,49,61,55.7,49,100,83.3,51,12,3.7,0,30.1,30,30,0
11/3/2017,76,62.1,49,60,55.8,47,100,82.2,56,14,4,0,30.1,29.9,29.9,0
11/4/2017,56,52.2,47,52,44.4,37,100,76,59,10,7.1,0,30.2,30.1,30.1,0
11/5/2017,61,60.2,56,61,60.1,56,100,99.6,97,9,3.6,0,30,29.9,29.9,0
11/6/2017,71,63.3,51,61,57.6,42,97,82.3,68,12,7.7,3,30,29.8,29.8,0.03
11/7/2017,49,42.5,40,42,39.4,35,100,89.8,66,12,6.8,3,30.1,30,29.9,0
11/8/2017,48,43.5,40,40,38.5,37,97,83.1,71,10,5.2,0,30.1,30.1,30,1.11
11/9/2017,56,47.9,40,50,45.3,38,100,91.1,74,9,4,0,30,30,29.9,0
11/10/2017,45,38.8,28,45,23.6,9,100,57.9,36,18,9.8,3,30.4,30.1,29.9,0.04
11/11/2017,38,29.9,22,22,12,5,81,49.7,30,10,3.2,0,30.5,30.4,30.3,0
11/12/2017,46,36.4,25,33,25.8,20,92,68.3,41,9,2.2,0,30.3,30.3,30.2,0
11/13/2017,50,42.3,34,39,38,34,100,85.7,66,10,4.7,0,30.2,30.2,30.1,0.12
11/14/2017,49,41.8,33,39,33,30,100,73.9,52,10,4.6,0,30.2,30.2,30.1,0
11/15/2017,50,43.9,31,42,36.4,29,96,75.9,57,12,3.2,0,30.1,30,29.9,0
11/16/2017,60,49.4,42,45,36.7,29,96,64.6,39,21,10.8,0,29.9,29.8,29.7,0.01
11/17/2017,52,41.9,33,31,28.7,25,89,62,35,13,6.3,0,30.1,30,29.9,0
11/18/2017,63,49,33,50,37.2,28,89,65.5,46,17,6.2,0,29.9,29.6,29.2,0
11/19/2017,61,49.3,40,56,36.6,25,93,63.1,46,30,17.1,7,29.8,29.5,29.1,0.16
11/20/2017,50,41.5,35,26,23,21,64,48.7,33,15,9.4,0,30,30,29.8,0
11/21/2017,60,48.9,32,45,34,25,82,58.4,36,16,6.3,0,30,29.9,29.8,0
11/22/2017,56,47.5,32,49,34.9,23,100,63.8,43,25,10.1,0,30,29.9,29.7,0.01
11/23/2017,44,34.2,28,25,23.2,22,85,65.8,43,9,2.8,0,30,30,29.9,0
11/24/2017,54,38.8,26,34,27.9,23,92,69.2,30,8,2,0,29.9,29.9,29.8,0
11/25/2017,62,45.1,30,37,33.7,28,96,68,37,10,2.9,0,29.8,29.6,29.6,0
11/26/2017,52,45.1,34,35,29.2,26,79,55.1,38,14,8.1,0,29.9,29.9,29.7,0
11/27/2017,58,46.7,36,34,29.5,24,86,53.3,36,17,7.4,0,30.1,30,29.9,0
11/28/2017,63,47,33,42,34.6,22,92,67,21,9,4.3,0,30.2,30.1,30.1,0
11/29/2017,66,49.9,36,43,34.9,25,93,61.7,24,17,6.3,0,30.1,30,30,0
11/30/2017,56,47.7,37,49,38.9,29,100,72.5,58,8,5.2,0,30.1,30,29.9,0
12/1/2017,54,45,33,46,36.2,31,100,74.7,43,13,3.7,0,30.1,30,29.9,0.02
12/2/2017,50,38.2,28,38,33,27,100,83.3,57,6,2,0,30.1,30.1,30,0
12/3/2017,56,42.2,32,44,36.4,31,100,82.6,45,12,3.4,0,30.1,30.1,30,0.01
12/4/2017,52,40.3,29,41,35.8,28,100,85.4,57,10,2.3,0,30.3,30.2,30.1,0.02
12/5/2017,60,51.4,36,57,49.8,36,100,95,75,12,3.3,0,30.1,29.9,29.7,0
12/6/2017,56,44,38,55,24.9,12,97,49,30,24,10.1,0,29.9,29.9,29.7,0.14
12/7/2017,48,40.2,35,25,22.7,19,64,51,33,18,7.6,0,30,29.9,29.9,0
12/8/2017,39,37,35,26,20.4,17,70,51.7,41,7,3.2,0,30,29.9,29.8,0
12/9/2017,37,31.2,28,30,27.1,20,100,86.4,52,8,5.1,0,29.8,29.7,29.6,0
12/10/2017,39,33,26,28,24.5,22,92,72.5,53,18,7.2,0,29.9,29.8,29.7,0.23
12/11/2017,46,39.8,34,32,27,24,79,61.8,42,12,5,0,29.9,29.8,29.7,0
12/12/2017,46,38.4,23,33,25,2,73,59.4,40,25,11,0,29.6,29.5,29.3,0
12/13/2017,32,26.8,20,26,10.8,1,92,54.2,32,23,11.5,0,29.6,29.6,29.4,0
12/14/2017,39,34.5,28,27,17.8,9,67,51.1,41,20,9.3,0,29.9,29.6,29.3,0.01
12/15/2017,29,25.6,19,25,18.6,10,100,77.4,49,7,2.8,0,30,29.9,29.8,0
12/16/2017,45,33,20,24,22.7,19,96,69,42,14,5.4,0,30,29.9,29.9,0.1
12/17/2017,48,37.3,26,36,30,24,92,76.3,52,8,3.6,0,30.1,30.1,30,0
12/18/2017,56,45.2,34,38,35.6,33,96,70.8,49,7,2,0,30,29.9,29.8,0
12/19/2017,59,49.7,40,40,37,36,86,63.6,42,15,6.4,0,29.9,29.8,29.7,0
12/20/2017,53,44.5,29,37,27.1,20,78,51.6,35,14,7,0,29.9,29.8,29.7,0
12/21/2017,44,33.1,24,23,21,18,84,63.5,37,7,2.5,0,30.1,30,29.9,0
12/22/2017,52,42.4,30,41,34.1,26,85,73.2,50,9,3,0,30.1,30,29.9,0
12/23/2017,64,51.1,44,60,48.4,38,100,90.8,76,21,8.8,0,29.9,29.7,29.5,0.05
12/24/2017,44,39.1,36,37,33.7,29,100,82.1,62,14,6.5,0,30.1,29.9,29.7,0.3
12/25/2017,37,33.2,29,37,18.2,8,100,57.8,37,28,14.7,0,30.2,29.9,29.6,0.01
12/26/2017,35,30,27,13,9.8,6,53,43.2,34,15,9.3,0,30.3,30.3,30.2,0
12/27/2017,30,25.1,16,14,8.5,-1,63,49.9,35,16,8.3,0,30.4,30.4,30.3,0
12/28/2017,24,17.3,13,3,-0.3,-3,65,47.3,31,13,6.9,0,30.5,30.4,30.3,0
12/29/2017,28,20.9,12,8,6,4,73,53.9,37,14,4.9,0,30.3,30.2,30.1,0
12/30/2017,33,23,19,23,16.8,5,96,78.7,46,20,4.8,0,30.1,29.9,29.8,0.06
12/31/2017,20,16.1,9,4,1.3,-4,73,53.1,35,15,9.5,3,30.3,30.2,30,0
1/1/2018,22,14.2,5,7,2,-2,87,60.1,38,18,7.4,0,30.4,30.3,30.3,0
1/2/2018,23,16.1,11,4,0.5,-2,67,50.8,39,16,10,0,30.4,30.3,30.2,0
1/3/2018,30,20.3,5,19,8.5,2,87,62.5,37,9,4.2,0,30.2,30.1,29.8,0
1/4/2018,26,22.1,14,22,13.3,-2,93,70.6,49,28,17.9,5,29.8,29.6,29.4,1.98
1/5/2018,18,12.8,10,-2,-4.5,-6,56,46.2,39,25,17.6,12,30.1,29.9,29.7,0.02
1/6/2018,17,11.6,7,-4,-5.9,-7,53,45.6,36,23,15.6,7,30.4,30.3,30.1,0
1/7/2018,21,13.3,3,2,-2.8,-6,66,50,32,8,4,0,30.5,30.4,30.2,0
1/8/2018,35,27.1,13,35,16.6,1,100,67.5,38,12,3.6,0,30.2,30,29.9,0
1/9/2018,49,33.4,23,35,28.6,23,100,85.5,46,12,3.5,0,30.2,30.1,29.9,0.06
1/10/2018,42,34.4,24,30,26.3,22,96,73.3,55,7,2.3,0,30.3,30.3,30.2,0
1/11/2018,70,51,41,56,41.4,30,100,71.2,42,13,4,0,30.2,30.1,29.9,0
1/12/2018,63,58.8,53,63,58.8,53,100,100,100,13,7.2,3,29.9,29.6,29.3,0.12
1/13/2018,57,38.4,21,57,30.3,5,100,74.6,46,32,15.7,7,30.3,29.7,29.2,0.36
1/14/2018,26,19.7,15,6,2.6,0,65,48.4,32,13,7.6,3,30.5,30.4,30.3,0
1/15/2018,29,23,13,22,14.7,6,78,70.8,65,8,3.5,0,30.5,30.4,30.3,0
1/16/2018,39,31.4,28,31,27.9,24,100,87.8,60,7,1.8,0,30.3,30.3,30.2,0
1/17/2018,33,26.1,18,31,18.2,7,100,73.8,48,18,10.5,6,30.2,30.2,30.1,0.09
1/18/2018,42,28.2,13,13,8.8,7,77,47.6,24,18,9.6,3,30.1,29.9,29.9,0.01
1/19/2018,51,34.5,21,20,15.3,10,75,49.9,22,16,3.9,0,30,29.9,29.9,0
1/20/2018,60,41.3,26,31,24.7,14,76,55.2,28,14,5.5,0,29.9,29.8,29.8,0
1/21/2018,56,43.9,30,38,35,28,92,72.1,51,8,2.5,0,30.1,30,29.9,0
1/22/2018,61,50.4,43,44,40.8,38,86,70.5,51,8,3.7,0,30,29.9,29.8,0
1/23/2018,64,53.4,43,60,45.1,28,100,76.5,41,23,10.5,0,29.8,29.6,29.4,0.04
1/24/2018,44,39.7,31,30,25.1,16,68,56.3,44,17,12.2,5,30.1,29.9,29.7,0.06
1/25/2018,39,32.5,22,23,17.5,15,78,55.4,39,16,8.2,0,30.4,30.3,30.1,0
1/26/2018,41,31,20,27,21.2,17,92,69.5,43,13,3,0,30.6,30.5,30.4,0
1/27/2018,61,46.2,24,42,33.7,23,96,65.2,39,17,7.4,0,30.4,30.2,30.1,0
1/28/2018,57,51.1,47,52,48.9,43,100,93.1,59,10,5.2,0,30.1,30.1,30,0.01
1/29/2018,47,43.7,40,41,32.2,27,80,64.7,51,16,9.5,3,30,29.9,29.8,0.1
1/30/2018,40,30.8,21,33,19.4,5,96,64.6,43,22,13.9,0,30.1,29.9,29.8,0.02
1/31/2018,38,26.7,16,20,11.1,6,71,53.7,31,9,4.8,0,30.2,30.1,29.9,0
2/1/2018,51,44,38,39,26.5,18,89,51.3,41,18,7.5,0,29.8,29.8,29.7,0
2/2/2018,39,27.7,16,37,13,2,97,56.3,37,25,14.6,3,30.3,30,29.8,0.04
2/3/2018,34,24.8,13,14,6.5,3,71,48,27,12,5.7,0,30.4,30.3,30.2,0
2/4/2018,34,32.2,31,34,26.8,13,100,83.1,47,10,4.6,0,30.1,29.8,29.6,0
2/5/2018,35,30.1,23,33,20.2,11,100,69.2,38,22,9.5,0,30.1,29.9,29.6,1.19
2/6/2018,40,30.6,22,26,23,19,92,74.5,53,10,2.6,0,30.3,30.2,30.1,0
2/7/2018,39,33.4,27,38,30.2,23,100,88.8,69,16,6.9,0,30.3,30,29.8,0.01
2/8/2018,35,28.1,20,25,16.8,13,92,63.9,42,18,8.8,0,30.3,30.3,30.1,0.42
2/9/2018,43,32.6,22,32,24.6,18,92,74,48,10,4.2,0,30.4,30.3,30.2,0
2/10/2018,49,41.9,29,49,41.4,29,100,98.3,86,8,2.3,0,30.2,30,29.9,0
2/11/2018,66,52.4,46,63,52.1,46,100,99,87,14,4.7,0,29.9,29.8,29.7,1.71
2/12/2018,62,47,34,62,35.3,17,100,66.7,34,17,9,0,30.5,30.2,29.8,0.38
2/13/2018,38,34.6,29,29,20.9,16,76,58.1,46,12,6.2,3,30.6,30.6,30.4,0.04
2/14/2018,52,41.5,32,43,34.9,28,96,78.3,59,10,3.3,0,30.4,30.1,29.9,0
2/15/2018,68,56.6,43,58,51.7,43,100,84.9,63,16,5.5,0,29.9,29.7,29.5,0.04
2/16/2018,62,54.5,37,61,48.9,25,100,82.2,59,18,9.8,0,30.1,29.7,29.5,0.18
2/17/2018,40,33.8,31,33,28.8,22,100,83.9,53,12,4.8,0,30.2,30.1,29.9,0.03
2/18/2018,47,36.1,31,36,32,29,100,87.2,53,14,4.7,0,30.3,30.1,29.9,0.57
2/19/2018,48,41.2,34,48,40.6,32,100,97.5,89,6,1.6,0,30.3,30.2,30.2,0
2/20/2018,76,59.9,49,58,54.2,49,100,84.7,46,17,8.3,3,30.2,30.2,30.1,0.01
2/21/2018,79,68.5,55,63,60.7,55,100,78.3,54,17,9,3,30.2,30.1,30.1,0
2/22/2018,65,48.6,41,57,42.7,33,100,82.1,45,18,11.9,7,30.5,30.3,30.2,0
2/23/2018,44,41.1,39,43,40.8,38,100,98.8,93,13,5.7,0,30.4,30.3,30.1,0.11
2/24/2018,50,47,43,48,45.9,43,100,96.3,86,14,6.5,0,30.1,30,30,0.16
2/25/2018,50,46.4,44,50,46.4,44,100,99.8,96,12,4.5,0,29.9,29.8,29.8,0.14
2/26/2018,51,45.4,36,46,36.1,26,100,72.8,43,10,4,0,30.2,30,29.9,0.27
2/27/2018,58,44.8,30,29,22.3,18,82,45.9,22,10,4,0,30.3,30.2,30.1,0
2/28/2018,64,51.9,41,41,33.6,27,68,51.1,31,12,6.2,0,30.1,29.9,29.7,0
3/1/2018,53,48.5,45,48,45.9,42,100,91.3,71,12,4.5,0,29.7,29.5,29.3,0
3/2/2018,47,41.5,36,47,28.4,22,100,61.5,45,40,24.9,3,29.8,29.5,29.3,0.46
3/3/2018,51,41.6,36,28,25.4,22,62,53.1,41,24,16.2,7,30.1,29.9,29.8,0
3/4/2018,50,41.6,34,26,18.8,8,70,43.1,23,15,10.6,6,30.1,30,30,0
3/5/2018,47,38.3,30,22,15.6,10,59,40.5,29,16,10.8,5,30,30,29.9,0
3/6/2018,45,35.5,24,35,27.9,21,100,76.2,44,13,5.5,0,29.9,29.8,29.7,0
3/7/2018,41,36,32,37,34,27,100,93.2,67,14,7.8,3,29.7,29.6,29.5,0.42
3/8/2018,43,36.2,30,26,19.8,14,70,53.3,33,20,11.8,6,29.7,29.7,29.6,0.12
3/9/2018,44,35.6,31,20,18.2,16,61,49.8,38,22,14.3,9,29.8,29.7,29.6,0
3/10/2018,49,37.5,23,23,18.2,15,81,48.8,27,16,7.3,0,29.9,29.9,29.8,0
3/11/2018,49,37,25,23,19.4,16,78,52,29,8,2.5,0,30,29.9,29.9,0
3/12/2018,43,35.7,29,34,26.6,21,100,71.5,45,16,8.2,0,29.9,29.7,29.6,0
3/13/2018,44,36.1,31,32,21.8,14,96,60,34,25,13.6,5,29.7,29.6,29.6,0.03
3/14/2018,40,34.7,29,22,17.6,15,69,50.8,36,25,16.5,8,29.7,29.6,29.6,0
3/15/2018,50,39.4,31,25,19.6,16,64,45.8,34,20,10.7,0,29.6,29.5,29.4,0
3/16/2018,43,35.5,28,22,15.7,11,66,45.9,29,23,12.2,5,29.9,29.7,29.6,0
3/17/2018,44,34.9,26,32,21.9,14,85,61.3,35,16,7.6,0,29.9,29.8,29.6,0
3/18/2018,56,42.5,31,28,19.3,14,85,43.4,20,13,6.4,0,29.8,29.8,29.7,0
3/19/2018,57,43.6,29,33,24.9,22,79,52,26,13,6.3,0,29.8,29.7,29.7,0
3/20/2018,39,33.1,30,33,30.1,26,100,89.2,62,22,12.2,6,29.8,29.6,29.6,0.05
3/21/2018,34,31.9,30,32,30.3,27,100,93.7,82,14,8.9,3,29.6,29.5,29.5,0.6
3/22/2018,46,38.5,32,31,23.8,20,89,57.3,40,18,13.2,7,29.9,29.8,29.7,0.45
3/23/2018,47,39.3,32,21,18.8,13,61,45.3,27,21,13,7,30,29.9,29.9,0
3/24/2018,49,39.4,27,23,19.8,17,72,47.7,29,14,5.9,0,30.1,30,29.9,0
3/25/2018,44,38.1,32,33,25.5,16,79,60.9,44,16,9.4,3,30.4,30.2,30,0
3/26/2018,48,38.3,27,30,26.8,24,96,66.3,42,14,7,0,30.5,30.5,30.4,0
3/27/2018,44,37.9,28,37,29.9,26,92,73.9,51,8,3.4,0,30.5,30.3,30.1,0
3/28/2018,52,45.4,41,47,43,38,100,91.4,74,7,2.6,0,30,29.9,29.8,0.03
3/29/2018,72,55.1,47,57,50.2,46,100,85.7,55,13,5.4,0,29.9,29.8,29.6,0.06
3/30/2018,75,61.2,44,59,50.4,33,93,68.1,53,21,12.6,7,30,29.7,29.5,0
3/31/2018,58,47,31,32,25.2,19,85,46.6,23,15,7.9,0,30.2,30.1,29.9,0.03
4/1/2018,63,54.6,46,45,35.6,27,55,48.8,42,14,6.2,0,29.9,29.9,29.8,0
4/2/2018,51,42.7,39,38,36.7,35,93,80.5,54,15,8,0,30,29.9,29.8,0.07
4/3/2018,48,45.2,43,47,42.2,37,100,89.4,80,13,5.4,0,30,29.8,29.6,0
4/4/2018,68,50.8,41,58,41.1,19,100,75.3,28,33,13.3,0,29.9,29.5,29.3,0.02
4/5/2018,51,42.1,33,26,18.8,15,52,39.9,29,21,12.1,0,30.1,30,29.9,0.01
4/6/2018,71,54.5,43,40,32.5,25,89,50.3,18,17,8.7,0,30,29.7,29.5,0
4/7/2018,60,44.5,39,39,22,11,60,42,27,16,9.2,3,29.8,29.7,29.5,0
4/8/2018,48,40.2,33,18,15.9,14,52,38.4,28,15,9.7,3,29.9,29.8,29.7,0
4/9/2018,42,39.5,34,39,25.3,14,100,59,39,12,3.6,0,30.1,30,29.9,0
4/10/2018,53,43.8,34,40,29.5,20,100,63.9,30,17,6.2,0,30.1,30,30,0.01
4/11/2018,56,45.6,34,33,27.7,23,76,52.3,32,10,3.8,0,30.1,30,29.9,0
4/12/2018,77,60,38,41,36.7,32,83,47.3,23,20,8.7,0,30,29.8,29.6,0
4/13/2018,86,74.2,63,48,43,39,48,34,19,15,11.8,9,29.8,29.8,29.7,0
4/14/2018,86,75.1,66,56,53.1,49,63,47.4,33,17,10.7,5,29.8,29.8,29.7,0
4/15/2018,66,48.5,44,55,46.7,43,100,94.3,65,25,18.4,3,30,29.9,29.6,0
4/16/2018,60,51.5,45,58,46.5,29,100,84.7,52,25,15.2,0,29.6,29.4,29.3,1.49
4/17/2018,46,41.8,37,30,25.9,24,65,53.6,44,21,13.7,6,29.7,29.6,29.6,0.05
4/18/2018,60,47.3,34,42,30.2,24,71,53.3,36,13,6.8,0,29.8,29.7,29.5,0
4/19/2018,60,48.7,38,45,35.3,25,83,60.6,42,30,11.9,0,30,29.7,29.5,0
4/20/2018,58,47.1,34,28,24.8,21,67,43.2,31,20,10.5,3,30.2,30.1,30,0
4/21/2018,61,48.8,33,35,28.1,25,82,47.9,26,13,3.6,0,30.3,30.3,30.2,0
4/22/2018,64,54.8,44,42,35.5,29,79,50.8,32,14,6,0,30.3,30.2,30.2,0
4/23/2018,67,57.8,47,46,39,26,77,51.5,28,14,5.6,0,30.3,30.2,30.2,0
4/24/2018,63,55.4,50,54,46.8,33,100,74.9,50,22,13.1,5,30.2,30,29.8,0
4/25/2018,65,58.9,54,61,57.4,54,100,95.3,80,13,7.3,3,29.8,29.6,29.5,1
4/26/2018,69,58.9,46,53,40.6,34,93,53.6,27,20,10.3,0,29.7,29.7,29.6,0.01
4/27/2018,62,55.3,50,53,51.3,45,100,87.4,60,12,5.6,0,29.7,29.6,29.6,0.51
4/28/2018,75,59.9,47,56,50.6,46,100,75.5,38,16,5.8,0,29.8,29.6,29.5,0.02
4/29/2018,55,48.8,42,42,32.4,30,69,53.8,43,20,14.2,6,30,29.9,29.8,0.01
4/30/2018,70,54.5,38,32,25,17,79,37.2,16,21,11.3,5,30,29.9,29.9,0
5/1/2018,80,64.9,43,35,32.3,29,71,33.3,17,14,6.6,0,30,30,29.9,0
5/2/2018,89,72.7,51,47,41.4,34,71,36.8,15,15,6,0,30,29.9,29.9,0
5/3/2018,91,80.1,65,58,53.3,46,59,40.3,28,15,9.2,5,29.9,29.9,29.8,0
5/4/2018,90,79.9,71,64,60,55,70,52.3,34,13,7.8,3,29.8,29.8,29.7,0
5/5/2018,75,67.1,60,56,47.7,38,78,51.7,30,13,5.9,0,30,29.9,29.8,0
5/6/2018,67,62.2,59,56,54.1,53,87,75,63,13,6.2,0,29.9,29.8,29.7,0.01
5/7/2018,74,64.9,56,55,52.5,50,93,66.6,44,12,6,0,30,29.9,29.8,0
5/8/2018,75,65,52,54,50.1,47,93,61.3,38,12,6.3,0,30.1,30,30,0
5/9/2018,78,66.4,50,53,47.7,43,96,54.9,33,10,4.3,0,30,30,29.9,0
5/10/2018,83,71.2,57,64,60,54,96,69.6,47,12,6.1,0,29.9,29.7,29.6,0
5/11/2018,82,71.3,60,59,54.1,49,87,57.8,36,14,6,0,29.9,29.8,29.7,0.01
5/12/2018,86,70.2,62,69,61.8,55,97,76.1,48,20,7.1,0,29.9,29.8,29.7,0
5/13/2018,65,61.5,59,63,60.3,57,100,95.7,88,14,7.6,0,30,29.9,29.9,0.36
5/14/2018,76,65.3,58,67,62.2,58,100,90.3,71,10,4.6,0,29.9,29.8,29.7,0.13
5/15/2018,89,73,65,70,66.6,62,100,82.7,50,16,8.9,0,29.9,29.8,29.6,0.22
5/16/2018,70,66.7,65,69,66.2,65,100,98.2,93,13,6,0,29.9,29.8,29.8,1.63
5/17/2018,67,64.9,63,66,64.2,63,100,97.4,93,10,7.5,3,29.9,29.8,29.8,1.56
5/18/2018,68,62,54,66,60.9,53,100,96.1,88,22,14.7,6,30.1,30,29.9,0.76
5/19/2018,70,60.7,54,69,60.1,53,100,98,93,16,8,0,30.1,30,29.9,0.93
5/20/2018,87,76.1,70,70,67.3,63,100,77.1,46,15,7.6,0,29.9,29.9,29.8,0.14
5/21/2018,78,71.6,66,64,59.5,56,87,67,52,13,6,0,30.1,30,29.9,0
5/22/2018,70,66.8,64,67,64,58,100,90.9,75,8,3.2,0,30,29.9,29.8,0
5/23/2018,80,71.5,63,68,62.3,56,100,76,48,18,6.7,0,29.9,29.8,29.8,0.19
5/24/2018,84,72.1,59,57,50.8,43,87,51.6,25,9,4.8,0,30,30,29.9,0
5/25/2018,87,74.9,55,66,59.8,50,93,61.6,40,12,5.9,0,30,29.8,29.7,0
5/26/2018,91,78.9,73,74,69.5,66,96,74.4,47,10,6.2,0,29.7,29.7,29.6,0
5/27/2018,85,72.9,63,73,69.9,63,100,90.6,65,24,7.9,0,29.9,29.8,29.7,0.03
5/28/2018,68,63.9,61,65,62.3,60,100,94.5,84,10,6,0,29.9,29.9,29.9,1.04
5/29/2018,80,71.3,65,72,68.3,65,100,90.7,71,8,1.1,0,29.9,29.8,29.8,0
5/30/2018,80,71.5,66,71,68.8,66,100,91.8,69,15,6.4,0,29.9,29.9,29.8,0
5/31/2018,81,71.8,66,74,70,66,100,94,77,17,6.7,0,29.9,29.8,29.7,0.02
6/1/2018,85,75,69,74,70.5,69,100,87.1,61,20,3.9,0,29.7,29.6,29.6,1.14
6/2/2018,83,74.3,70,72,70.3,69,100,87.8,63,13,4.7,0,29.6,29.6,29.6,0.86
6/3/2018,73,62.2,55,71,60.1,54,100,93.1,78,23,12.9,7,29.8,29.7,29.6,0.17
6/4/2018,76,62.4,53,61,55.8,52,100,81.1,52,13,6,0,29.7,29.6,29.6,1.7
6/5/2018,78,66.8,53,58,54.7,52,97,68.4,42,25,10.5,0,29.6,29.6,29.5,0
6/6/2018,72,64.9,57,57,54.8,53,93,71.6,51,10,6,3,29.8,29.7,29.6,0.04
6/7/2018,77,68.1,58,63,58.9,55,93,73.5,56,8,3.1,0,30,29.9,29.8,0
6/8/2018,82,72.3,60,69,64.3,59,96,77.2,56,7,2.5,0,30,30,29.9,0
6/9/2018,85,74.1,66,71,68.8,65,97,84.5,61,15,3.1,0,30,29.9,29.9,0
6/10/2018,76,69.3,63,70,66.4,59,100,90.7,76,21,10.3,0,29.9,29.8,29.7,0
6/11/2018,65,60.9,55,59,57.7,54,100,89.5,78,15,8.3,0,30,29.9,29.7,1.59
6/12/2018,76,65.9,50,61,56.4,50,100,73.5,44,10,4.9,0,30.1,30,29.9,0.03
6/13/2018,83,73,66,72,66.9,61,96,81.8,67,12,5.6,0,29.9,29.8,29.7,0
6/14/2018,84,76.5,66,72,56.4,49,90,52.9,33,18,9.5,3,29.8,29.7,29.7,0
6/15/2018,82,71.3,59,55,51.5,49,78,52.3,33,15,5.9,0,29.9,29.8,29.8,0
6/16/2018,86,73.5,58,63,56.3,52,90,59.1,32,10,2.9,0,29.9,29.9,29.8,0
6/17/2018,89,79.2,69,68,65,63,84,63.5,43,9,3.4,0,29.9,29.9,29.9,0
6/18/2018,93,82.9,70,75,70.8,68,93,68.4,50,12,4.4,0,29.9,29.8,29.7,0
6/19/2018,89,81.7,73,74,71.6,63,82,71.7,61,12,6.8,0,29.7,29.7,29.7,0
6/20/2018,83,74.6,67,71,64.8,57,97,73.1,47,9,3.3,0,29.7,29.7,29.6,0.01
6/21/2018,80,74.3,69,71,69.3,66,100,85.1,62,13,4.1,0,29.7,29.6,29.6,0.08
6/22/2018,74,68.7,65,69,65.1,62,97,88.5,71,20,12.7,3,29.8,29.7,29.7,0
6/23/2018,80,70.5,66,72,68.5,65,100,93.7,74,13,6.1,0,29.7,29.7,29.6,0.13
6/24/2018,87,76.2,67,70,67.9,63,100,77.9,51,16,6.3,0,29.8,29.7,29.6,0.04
6/25/2018,82,74.4,66,69,61,52,100,65.7,43,15,7.2,0,30,29.9,29.7,0.08
6/26/2018,81,71.2,59,61,55.6,50,83,58.9,44,12,5.5,0,30.1,30,30,0
6/27/2018,79,73,67,73,68.3,56,94,85.1,68,10,5.3,0,29.9,29.8,29.7,0
6/28/2018,88,79.5,73,73,69.9,66,97,74.4,49,14,7.8,3,29.8,29.7,29.6,0.04
6/29/2018,92,81.5,70,67,64.3,60,84,58.9,35,9,4.6,0,29.9,29.8,29.8,0
6/30/2018,95,83.4,68,68,66.4,64,90,59.2,37,10,3.8,0,29.9,29.9,29.9,0
7/1/2018,95,83,71,73,70,67,90,67.1,41,13,4.3,0,29.9,29.9,29.8,0
7/2/2018,98,85.7,72,76,74,71,100,70.8,43,9,3.5,0,29.9,29.9,29.9,0
7/3/2018,97,86.8,76,76,73.3,69,94,66.9,43,22,5.1,0,30.1,30,29.9,0
7/4/2018,93,83.7,75,76,72.8,68,94,71.6,45,10,4.5,0,30.1,30.1,30.1,0.03
7/5/2018,91,82.5,78,76,74.8,72,93,78.4,53,10,3.5,0,30.1,30.1,30,0
7/6/2018,87,81.5,77,76,70.7,59,93,71,50,12,6.7,3,30,29.9,29.9,0
7/7/2018,80,72.8,66,58,51.3,47,63,47.5,35,16,11,0,30.2,30.1,30,0
7/8/2018,83,71.3,56,57,52.5,46,93,55.8,30,13,5.3,0,30.2,30.2,30.1,0
7/9/2018,90,74.9,57,60,55.3,50,93,55.2,27,10,3.2,0,30.1,30,29.9,0
7/10/2018,95,81.7,67,67,61.7,58,79,53.8,31,12,6.2,0,29.9,29.8,29.7,0
7/11/2018,91,82.6,74,66,60.4,56,76,49.3,32,14,6.9,0,29.9,29.8,29.7,0
7/12/2018,88,78.5,69,62,57.5,52,68,49,39,10,6.2,0,30.1,30,29.9,0
7/13/2018,87,77.1,64,67,61.5,58,96,61.5,38,10,5,0,30.1,30.1,30,0
7/14/2018,91,78.9,64,62,58.1,51,90,53.4,26,10,5.1,0,30,30,29.9,0
7/15/2018,86,78.6,71,73,67,61,84,68,51,15,5.1,0,29.9,29.9,29.8,0
7/16/2018,95,79,70,77,72.2,68,100,81.3,46,18,4,0,29.8,29.8,29.8,0.02
7/17/2018,90,77.9,73,76,74.3,72,100,89.2,57,23,6.1,0,29.8,29.7,29.6,0.86
7/18/2018,87,77.1,68,70,59.8,52,96,59,33,12,6.4,0,29.8,29.8,29.7,2.54
7/19/2018,86,75.9,65,61,56.5,51,87,53.7,34,9,4.4,0,29.9,29.9,29.8,0
7/20/2018,86,76.3,64,66,61.1,55,93,62.5,35,17,5.7,0,30,29.9,29.9,0
7/21/2018,73,69.2,66,70,66.9,63,100,92.7,71,25,13.2,5,29.9,29.7,29.4,0
7/22/2018,80,70.9,63,74,67.9,62,100,90.5,68,14,7.2,0,29.7,29.6,29.4,4.79
7/23/2018,83,77.7,75,76,74.9,73,100,91.3,74,17,8.5,0,29.9,29.8,29.7,0.96
7/24/2018,79,75,73,75,73.6,73,100,95.7,84,16,7.2,0,29.9,29.9,29.8,0.96
7/25/2018,82,75.5,71,74,72.5,70,100,90.7,74,14,5.7,0,29.8,29.8,29.7,2.85
7/26/2018,89,77.3,71,74,70.3,64,100,81.7,43,9,4.4,0,29.8,29.7,29.7,0.39
7/27/2018,88,76.7,70,76,71.3,68,100,84.4,55,21,4.7,0,29.9,29.8,29.8,0
7/28/2018,86,76.2,67,70,65.5,60,100,73.2,43,12,4.7,0,29.9,29.9,29.8,0.97
7/29/2018,85,74.3,65,66,62.5,58,93,69.3,43,8,3.1,0,30,29.9,29.9,0
7/30/2018,76,72,67,71,67.4,65,100,86,69,16,5.6,0,30,29.9,29.9,0
7/31/2018,81,74.9,70,75,70.8,68,100,87.6,72,9,5.9,0,29.9,29.9,29.9,0.32
8/1/2018,89,77.7,72,75,72.6,71,100,85.7,57,16,6.8,0,29.9,29.9,29.8,0.11
8/2/2018,86,76.5,73,76,73.3,72,100,90.8,63,13,4.5,0,30,29.9,29.9,0.14
8/3/2018,85,76.5,72,74,72.5,71,100,87.9,63,10,5.2,0,30,30,29.9,0.28
8/4/2018,87,76.7,72,73,71.2,67,100,84.9,53,10,5.8,0,30,29.9,29.9,0.47
8/5/2018,91,79.1,70,74,71,68,97,78.4,48,12,3.6,0,30,30,29.9,0
8/6/2018,91,80.7,72,76,72.5,67,97,77.4,52,12,4.2,0,30,29.9,29.9,0.08
8/7/2018,91,78.7,72,75,73.2,70,100,84.3,57,30,4.6,0,29.9,29.8,29.8,0
8/8/2018,90,80.4,71,75,71.8,68,100,77.3,54,15,5.2,0,29.8,29.7,29.7,0.48
8/9/2018,89,79.4,71,71,69.2,67,93,72.7,51,10,6,0,29.7,29.7,29.7,0
8/10/2018,90,80.7,70,73,68.5,65,93,68.9,45,8,3.8,0,29.8,29.7,29.7,0
8/11/2018,90,82.2,74,73,69.9,65,88,67.2,53,14,6.2,0,29.8,29.7,29.7,0
8/12/2018,85,75.6,72,73,70.1,66,100,83.7,63,10,4.3,0,29.9,29.8,29.8,0
8/13/2018,85,73.9,67,73,68.9,66,100,85.7,55,29,6.8,0,29.9,29.8,29.7,0.08
8/14/2018,84,74,67,69,66.5,64,97,78.8,53,14,8.1,3,29.8,29.8,29.7,0.23
8/15/2018,89,78.1,68,69,66.9,65,91,70.2,46,14,6.9,0,29.9,29.8,29.8,0.02
8/16/2018,91,80.3,69,75,70.5,68,97,74.4,48,9,2.8,0,29.9,29.9,29.9,0
8/17/2018,92,82,74,75,72.8,69,97,75.4,50,10,4.4,0,29.9,29.9,29.8,0
8/18/2018,87,78.2,72,73,71.3,69,100,80,59,15,6,0,29.8,29.7,29.6,0.06
8/19/2018,81,74.6,71,70,68.1,67,90,80.4,62,15,7.6,3,29.9,29.8,29.7,0
8/20/2018,77,72.6,68,69,66.8,63,96,82.2,74,12,9.2,7,30,29.9,29.9,0
8/21/2018,78,74.8,71,76,72.4,68,100,92,81,15,7.4,0,29.9,29.8,29.7,0
8/22/2018,83,74.4,68,71,67.4,59,100,80.4,54,10,5.9,0,29.7,29.6,29.6,1.02
8/23/2018,79,69.7,62,59,55.9,49,87,64.4,38,14,6.8,0,30,29.9,29.8,0.01
8/24/2018,83,70.2,58,59,56.5,52,97,66,37,8,2.6,0,30.1,30,30,0
8/25/2018,79,72,61,63,61.5,59,96,70.8,56,8,3.2,0,30.1,30.1,30,0
8/26/2018,87,75.4,61,70,65,61,100,72.5,49,12,4.2,0,30.1,30,29.9,0
8/27/2018,92,81.1,71,77,73.3,69,96,78.3,55,7,3.7,0,30,29.9,29.9,0
8/28/2018,95,84.5,74,77,74.1,71,100,73.5,46,8,3,0,29.9,29.9,29.9,0
8/29/2018,95,85,74,76,74.2,71,100,72.5,46,13,5.3,0,29.9,29.9,29.8,0
8/30/2018,90,82.6,75,74,70.4,67,90,68,46,10,4.5,0,29.9,29.9,29.8,0
8/31/2018,82,75.7,70,76,72.2,68,100,89.2,74,22,8.8,0,30.1,30,29.9,0.03
9/1/2018,83,76.2,71,74,72.4,70,97,88.1,74,14,9,5,30.1,30.1,30,0.85
9/2/2018,88,79,73,75,73.1,71,100,83.4,59,9,2.9,0,30.1,30.1,30,0
9/3/2018,92,82.2,74,77,74.7,73,100,79.5,54,14,2.8,0,30.1,30.1,30,0
9/4/2018,93,82.9,75,77,74.4,70,100,77.9,48,8,2.8,0,30.1,30.1,30,0
9/5/2018,94,83.3,73,76,73.7,71,100,75,49,6,2.1,0,30.1,30,30,0
9/6/2018,93,83.6,74,75,72.2,69,100,70.9,47,8,4,0,30,30,29.9,0
9/7/2018,87,77.1,72,74,71.4,69,97,83.6,61,16,5.1,0,30,29.9,29.9,0
9/8/2018,74,67.9,62,73,65.7,58,100,92.6,80,16,9.3,0,29.9,29.9,29.9,0.44
9/9/2018,64,61.4,59,63,60.1,58,100,95.5,90,24,17.1,10,29.9,29.9,29.9,1.08
9/10/2018,72,67.9,61,72,66.9,60,100,96.8,93,21,10.5,5,29.9,29.9,29.8,1.56
9/11/2018,76,70.4,67,72,69.1,67,100,95.7,87,8,5.7,0,30,29.9,29.9,0.03
9/12/2018,82,74.7,69,75,71.8,68,100,90.6,76,7,4.2,0,30.1,30,30,0.49
9/13/2018,78,75.4,73,74,72.4,71,97,90.5,81,15,11.9,10,30.1,30,30,0
9/14/2018,76,72.7,71,72,70.8,69,100,93.5,87,15,12.3,9,30,30,30,0.04
9/15/2018,80,72.5,67,70,67.7,66,100,85.7,69,14,8.7,3,30,30,30,0.03
9/16/2018,81,72,67,70,67.4,63,96,86.2,60,15,8.1,3,30.1,30,30,0
9/17/2018,78,75,71,76,73.1,70,100,94,84,15,8.4,5,30,29.8,29.7,0
9/18/2018,82,75.3,72,77,73.1,67,100,93.5,67,18,6.6,0,29.7,29.6,29.6,1.83
9/19/2018,85,75.3,68,69,66.5,63,96,75.9,49,12,5.3,0,29.9,29.8,29.7,0.78
9/20/2018,80,72.7,66,69,66.6,63,93,81.6,67,12,4.7,0,30.1,30,29.9,0
9/21/2018,74,71.3,69,70,66.2,64,90,84,76,13,6.2,0,30.1,30,29.9,0
9/22/2018,77,70.6,60,72,62.6,53,100,76.9,57,12,6.1,0,30,29.9,29.8,0.04
9/23/2018,63,61,60,61,59.5,55,100,94.6,81,13,6.8,0,30.1,30.1,30,0.04
9/24/2018,67,63.4,61,63,61.8,60,100,94.6,84,21,13.3,7,30.2,30.2,30.1,0.95
9/25/2018,78,71,64,75,69.7,63,100,95.8,87,12,4.5,0,30.2,30.1,29.9,0.34
9/26/2018,86,73.9,69,73,71,69,100,91.6,63,16,4.5,0,29.9,29.8,29.7,0.04
9/27/2018,70,61.5,56,68,57,51,100,86.6,59,12,7.6,3,30,29.9,29.8,0.47
9/28/2018,75,62.6,57,61,58.5,57,100,87.8,57,10,5.2,0,30,29.9,29.8,1
9/29/2018,78,67.4,58,61,57.9,54,100,74.7,45,10,4.3,0,30.1,30,30,0
9/30/2018,76,65,55,60,55.9,51,100,75.2,46,8,2.2,0,30.2,30.1,30.1,0
10/1/2018,82,70.7,61,69,64.3,60,97,81.9,58,9,3.6,0,30.2,30.1,30.1,0
10/2/2018,82,73.2,63,69,66.3,62,97,80.3,60,15,5,0,30.1,30,29.9,0
10/3/2018,83,74,65,69,65.3,61,100,76.2,49,10,4.6,0,29.9,29.9,29.9,0
10/4/2018,88,73.8,63,74,68.8,62,100,86.2,53,15,4.1,0,29.9,29.8,29.8,0
10/5/2018,73,66.8,63,71,60.7,54,93,81.3,65,14,7.4,0,30,29.9,29.8,0.19
10/6/2018,73,68.5,64,68,65.5,62,100,90.1,79,7,2.2,0,30,30,30,0
10/7/2018,84,75.1,70,73,70.9,68,97,87.5,67,6,2.9,0,30.1,30,30,0
10/8/2018,82,73.7,69,73,71.5,69,100,93,74,14,4.5,0,30.2,30.1,30.1,0
10/9/2018,81,73.6,70,72,70.4,68,100,90.2,67,8,3.5,0,30.2,30.1,30,0
10/10/2018,82,73.7,69,73,70.4,68,100,89.8,67,9,2.9,0,30,29.9,29.7,0
10/11/2018,82,75.6,70,75,73.3,69,100,92.8,74,10,5.7,0,29.7,29.5,29.4,0.16
10/12/2018,69,58.8,49,66,45.7,40,90,63.4,45,18,10.6,0,29.7,29.6,29.3,0.61
10/13/2018,58,51.9,45,48,43.6,39,93,74.4,49,17,6.4,0,30,29.8,29.7,0.06
10/14/2018,56,51.6,44,55,47.3,40,97,85.6,71,5,0.9,0,30.1,30.1,30,0
10/15/2018,71,61.8,55,66,59.7,54,100,92.9,78,17,5.8,0,30,29.9,29.8,0.1
10/16/2018,64,56.1,51,55,43.1,36,86,62.8,44,16,7.3,0,30.1,30,29.9,0.09
10/17/2018,66,55.9,48,51,40.9,34,96,61,34,25,10,0,30.1,29.9,29.8,0
10/18/2018,57,48.4,39,38,33.4,30,96,59,39,14,6.8,0,30.3,30.2,30.1,0
10/19/2018,63,51.1,36,46,40.9,35,97,71.3,45,10,5,0,30.2,30.1,29.8,0
10/20/2018,65,57.3,50,55,50,41,100,78.1,50,22,7.4,3,29.7,29.6,29.5,0.05
10/21/2018,53,47.5,38,44,32.6,28,80,58,38,25,14.2,6,30.1,29.9,29.6,0.01
10/22/2018,56,45.4,33,40,34.1,31,92,67.5,42,13,4.5,0,30.2,30.1,30,0
10/23/2018,69,55.6,43,43,38.7,33,96,57.8,30,14,6.9,0,30,29.9,29.8,0
10/24/2018,55,46.8,39,36,33.1,30,86,60.9,42,17,8,0,30.1,30,29.9,0
10/25/2018,54,43.8,33,40,33.3,30,92,68.8,43,9,4.1,0,30.1,30,29.9,0
10/26/2018,48,45,39,48,39.4,35,100,81.8,66,14,8.2,0,30,29.9,29.7,0
10/27/2018,51,49.6,47,50,48,43,100,94,83,20,10.4,0,29.6,29.4,29.4,1.23
10/28/2018,58,51.1,47,47,45,41,100,81.2,56,15,6.8,0,29.7,29.6,29.6,0.17
10/29/2018,58,51.3,41,48,41.7,36,89,70.9,51,22,10.5,3,29.9,29.7,29.6,0.02
10/30/2018,62,48.3,35,43,40,35,100,76.7,44,15,5.2,0,30,30,29.9,0
10/31/2018,70,54.5,40,53,46.5,39,97,76.9,47,8,2.6,0,30,29.9,29.8,0
11/1/2018,74,63.6,50,62,55.6,50,100,76.9,51,18,6.4,0,29.8,29.7,29.6,0
11/2/2018,73,66.2,55,66,61,54,100,84,68,24,10.2,5,29.6,29.5,29.4,0
11/3/2018,58,51.6,41,54,41.3,34,96,69.6,45,23,11.2,0,30.2,29.8,29.5,0.77
11/4/2018,56,46.2,34,46,37.1,34,100,73.6,45,12,4.4,0,30.4,30.3,30.2,0
11/5/2018,57,53.4,51,56,52.8,46,100,97.7,83,14,7.2,0,30.2,30,29.9,0.19
11/6/2018,60,55.9,52,59,55.7,51,100,99.1,96,13,4.4,0,29.9,29.7,29.6,1.04
11/7/2018,62,54,46,48,44,40,100,70.8,46,13,4.9,0,30,29.9,29.8,0.92
11/8/2018,58,52.6,48,40,33.9,32,61,49.4,39,12,6.5,0,30.1,30.1,30,0
11/9/2018,49,47.6,45,48,44.6,33,100,90.2,58,14,7.4,0,30.2,29.9,29.7,0
11/10/2018,46,39.4,30,44,23.3,12,93,56,32,26,12.9,3,30.2,30,29.8,0.59
11/11/2018,47,35.8,26,26,22.8,19,89,61.7,37,8,3.7,0,30.3,30.2,30.2,0
11/12/2018,48,40.6,28,41,35.5,26,96,83.1,61,7,3.6,0,30.3,30.2,30,0
11/13/2018,49,44.9,42,45,41,31,100,87,62,15,8.8,5,30.1,29.9,29.8,1.02
11/14/2018,45,39.6,36,30,21.5,18,65,48.9,37,13,8.6,3,30.4,30.3,30.1,0.01
11/15/2018,40,34.1,30,39,30.2,19,100,86.9,48,28,13.6,5,30.4,30,29.5,0.01
11/16/2018,46,39.5,34,39,32.8,29,100,78.6,51,20,12.3,5,29.9,29.7,29.4,1.37
11/17/2018,48,41.2,31,33,31.2,30,96,68.7,54,15,6.6,0,30.2,30.1,29.9,0
11/18/2018,50,39.2,29,38,33.3,28,97,81.4,56,8,1.9,0,30.2,30.1,30,0
11/19/2018,56,43.8,32,45,39.9,32,100,87.1,64,8,1.6,0,30,29.9,29.7,0
11/20/2018,52,45.4,38,44,34.8,25,100,68.7,46,22,9.3,0,30,29.8,29.7,0
11/21/2018,51,40.3,29,30,26.3,24,85,59.5,39,17,9.1,0,30.1,30,29.9,0
11/22/2018,39,29.5,25,22,8.5,2,54,41.5,32,16,8.2,3,30.4,30.3,30.1,0
11/23/2018,32,28.2,24,17,7.6,1,59,42.2,35,10,4.8,0,30.5,30.4,30.1,0
11/24/2018,48,40.6,29,47,37.9,21,100,90.4,72,16,9.2,0,30.1,29.7,29.5,0
11/25/2018,61,47.3,39,45,41,37,97,81.2,48,13,5.2,0,29.8,29.7,29.6,0
11/26/2018,52,47.7,40,51,45,30,100,91.2,65,18,7,0,29.7,29.4,29.3,0
11/27/2018,41,38.1,34,30,23.4,18,68,55.8,47,22,16.3,9,29.5,29.5,29.4,0.42
11/28/2018,38,34,30,21,18.5,16,61,53.4,43,31,19.4,12,29.8,29.6,29.5,0
11/29/2018,41,34,29,25,21.7,19,72,61.3,49,15,8.3,0,29.9,29.9,29.8,0
11/30/2018,42,39.3,34,34,28.8,23,79,66.3,55,9,4.5,0,30,29.9,29.8,0
12/1/2018,44,38.9,30,44,36.6,29,100,91.8,73,9,5.1,0,30.1,30,29.8,0
12/2/2018,57,51.9,45,56,51.2,45,100,97.3,93,9,4.3,0,29.7,29.5,29.4,0.33
12/3/2018,58,51.8,44,56,41.4,31,100,70,46,22,11.2,5,29.7,29.6,29.4,0
12/4/2018,42,38,30,33,25.3,22,75,61.1,45,12,6.7,0,29.9,29.9,29.7,0
12/5/2018,38,31.9,29,25,21.3,18,82,65.7,46,10,5.4,0,30.1,29.9,29.9,0
12/6/2018,42,36.2,27,24,22.3,20,78,58.2,45,15,8.2,5,30.1,30.1,30.1,0
12/7/2018,41,34.3,26,24,19.3,15,76,55.7,38,16,6.9,0,30.3,30.2,30.1,0
12/8/2018,37,29.2,20,23,17.7,16,89,64.3,42,13,4.6,0,30.4,30.4,30.3,0
12/9/2018,33,31.1,28,19,17.9,17,69,58.4,54,9,4.3,0,30.4,30.2,30,0
12/10/2018,38,31.2,27,23,19.9,16,81,63.7,53,10,5.5,3,30,30,29.9,0
12/11/2018,44,31.4,22,24,19.5,15,92,65.5,31,13,4.1,0,30,29.9,29.8,0
12/12/2018,45,37.9,32,27,24.3,21,75,58.8,46,9,4.3,0,30.1,30,29.9,0
12/13/2018,50,42,37,37,32.9,28,89,71.1,52,9,3.3,0,30.2,30.1,30,0
12/14/2018,48,43,33,47,41.7,32,100,95.6,89,7,3.5,0,30.3,30.2,30,0
12/15/2018,53,50.5,48,53,50,47,100,98.4,96,21,12.1,6,30,29.9,29.8,0.57
12/16/2018,48,42.7,36,48,41.2,35,100,94.7,89,17,9.6,3,29.8,29.7,29.6,2.11
12/17/2018,54,43.6,38,38,32,24,97,66.3,37,20,11,3,29.8,29.7,29.6,0.47
12/18/2018,45,37.8,26,25,22,20,84,54.5,39,17,8.4,0,30,29.9,29.8,0
12/19/2018,48,34.7,24,31,26.3,22,96,73.3,47,9,2.7,0,30.1,30,29.9,0
12/20/2018,60,39.8,28,59,39,26,100,96.7,89,14,5.8,0,29.9,29.8,29.3,0
12/21/2018,62,57.9,49,61,56.6,44,100,95.5,80,18,7.7,0,29.3,29.1,29,1.15
12/22/2018,50,43.7,38,38,33,30,85,66.6,50,26,15.6,3,29.9,29.6,29.1,0.04
12/23/2018,49,39.9,28,37,30.2,27,96,70.1,44,10,3.8,0,30.1,30,29.9,0
12/24/2018,44,40.3,36,38,28.3,19,97,65.7,42,18,9.3,0,30.1,30,29.9,0.01
12/25/2018,41,34.4,26,23,20.2,17,84,57.3,43,12,5,0,30.3,30.2,30.1,0
12/26/2018,48,34.9,23,29,25.3,21,92,70.1,46,6,3.8,0,30.4,30.3,30.3,0
12/27/2018,50,39.2,27,41,31.2,25,96,75.3,46,9,4.6,0,30.4,30.3,30.2,0
12/28/2018,54,50,41,54,49.7,41,100,99,96,10,4.9,0,30.2,29.9,29.7,0.47
12/29/2018,54,47.5,35,52,40.2,29,100,78.7,47,21,7.6,0,30.1,29.9,29.7,0.61
12/30/2018,47,39,34,34,31.6,29,92,75.8,56,5,1.6,0,30.1,30.1,30,0
12/31/2018,49,40.5,30,49,39.7,29,100,97,89,10,3.8,0,30.2,30,29.6,0
1/1/2019,61,53.6,42,57,45.7,33,100,76.4,53,22,13,5,30.1,29.8,29.5,0.72
1/2/2019,45,42.6,38,38,34.3,32,86,72.6,60,8,3.3,0,30.2,30.1,29.9,0
1/3/2019,48,42.4,31,39,33.8,28,89,72.8,52,13,4.1,0,29.9,29.8,29.7,0
1/4/2019,48,41,29,43,36.7,27,96,85.3,68,8,3.9,0,29.9,29.8,29.5,0
1/5/2019,50,45.7,44,45,42.3,36,100,88.7,63,18,9.2,0,29.7,29.4,29.3,0.06
1/6/2019,54,45.8,37,37,30,22,74,55.8,34,18,10.2,5,30.2,29.9,29.7,0
1/7/2019,37,34.5,33,31,20.6,15,79,57.5,44,9,5.5,0,30.4,30.2,30,0
1/8/2019,52,42.9,35,46,40.1,33,100,90.4,74,14,3.1,0,30.1,29.8,29.4,0.08
1/9/2019,50,40.6,29,37,25.9,18,76,56.4,42,26,16.4,8,29.7,29.6,29.5,0.08
1/10/2019,36,31.2,27,18,15.4,13,64,52.5,44,29,19.2,10,30,29.8,29.7,0
1/11/2019,37,29.9,25,17,14,10,72,53,36,17,8.6,0,30.3,30.2,30,0
1/12/2019,34,28.7,23,27,20.6,11,96,74.4,38,8,2.8,0,30.4,30.3,30.3,0
1/13/2019,31,28.5,27,28,26,20,96,90.7,66,15,8.3,0,30.3,30.2,30.1,0.35
1/14/2019,35,28.5,24,21,16.3,13,81,61.6,40,9,4.2,0,30.1,30.1,30,0.18
1/15/2019,37,28.3,21,23,21.2,19,92,75.8,54,12,4.5,0,30.1,30,30,0
1/16/2019,39,31.4,20,27,24,19,96,75.6,60,16,5.8,0,30.1,30,29.9,0
1/17/2019,36,33.1,31,30,25.5,19,96,74.8,54,12,6.6,0,30.2,30.1,30,0
1/18/2019,44,34.8,31,35,32.5,30,100,91.9,71,8,3.8,0,30,29.9,29.9,0.11
1/19/2019,38,36.1,33,37,33.4,30,100,90.3,73,16,7.9,0,30.1,29.8,29.5,0
1/20/2019,49,37.5,16,49,31.4,-2,100,81,43,30,13.7,0,29.9,29.4,29.1,0.98
1/21/2019,21,15.8,12,-1,-4.1,-7,49,41.7,31,28,19,6,30.4,30.1,29.9,0.02
1/22/2019,32,22.7,12,14,5.5,0,67,49.5,27,8,4.8,0,30.6,30.5,30.4,0
1/23/2019,52,39.5,27,47,25.6,11,83,59.1,38,12,5.1,0,30.3,30,29.7,0
1/24/2019,56,48.4,32,56,45.3,23,100,89.3,62,25,10.7,0,29.7,29.4,29.2,0.27
1/25/2019,39,32.7,23,24,16.7,8,85,54,33,23,9.3,0,30.1,29.9,29.7,0.74
1/26/2019,38,28.5,19,22,15.5,11,85,61.4,34,7,2.2,0,30.1,30.1,30,0
1/27/2019,47,35.5,21,27,23.2,19,96,64.7,39,13,4.3,0,30,29.9,29.8,0
1/28/2019,36,30.2,25,18,10.1,3,63,44.3,29,9,6,0,30,29.9,29.8,0
1/29/2019,38,32.7,24,35,28.8,14,100,86.1,65,16,5.4,0,29.8,29.7,29.6,0
1/30/2019,34,21.6,8,18,9,-9,88,60.3,40,33,15.6,0,30.2,29.8,29.7,0.23
1/31/2019,21,13,6,4,-6.7,-12,73,43.5,23,15,5.9,0,30.3,30.3,30.2,0
2/1/2019,20,17.9,11,16,11.1,-3,92,76,38,9,5,0,30.3,30.3,30.2,0
2/2/2019,37,23.8,9,24,17.5,7,95,78.2,59,8,2.9,0,30.3,30.1,30,0.09
2/3/2019,50,34.4,23,34,28,20,96,79,52,6,1.8,0,30,30,29.9,0
2/4/2019,58,38.8,27,40,32.8,26,100,81.3,49,7,2.1,0,29.9,29.9,29.8,0
2/5/2019,70,51.3,31,50,42,29,97,74.2,47,16,4.8,0,29.9,29.8,29.8,0
2/6/2019,50,43.9,37,43,40.6,37,100,89.5,66,13,6,0,30,29.9,29.8,0
2/7/2019,51,45.8,42,44,42.8,41,100,89.5,77,9,5.8,3,29.9,29.9,29.8,0.12
2/8/2019,57,43.7,32,47,33.2,12,100,73.5,27,28,10.9,0,30.2,29.9,29.8,0
2/9/2019,35,29.5,23,12,8.6,6,58,42.3,31,20,11,0,30.6,30.5,30.3,0.02
2/10/2019,37,29.3,18,29,16.9,9,96,62.4,39,8,3.6,0,30.6,30.4,30.2,0
2/11/2019,32,31.7,30,32,31,29,100,97.1,92,10,6.3,0,30.2,30.1,30.1,0.36
2/12/2019,35,33.1,31,35,33.1,31,100,100,100,17,9.7,0,30.2,29.9,29.5,0.47
2/13/2019,45,38.3,34,35,26.7,21,100,66,45,23,11.2,3,29.8,29.6,29.5,0.72
2/14/2019,52,41.5,29,30,22.6,19,76,49,28,9,5.5,0,30,29.9,29.7,0
2/15/2019,65,55.1,43,40,33.4,13,63,45.1,23,17,10.1,0,29.7,29.6,29.5,0
2/16/2019,48,40.4,32,21,18.2,13,61,41.8,24,21,9.2,3,29.9,29.8,29.6,0
2/17/2019,37,33,28,34,23.9,19,100,70.5,48,10,5.1,0,30,29.9,29.7,0
2/18/2019,47,39.4,33,38,29.9,19,100,71.7,47,23,10,0,30.3,29.9,29.6,0.46
2/19/2019,40,33.8,26,19,11,6,69,41.2,26,12,6,0,30.5,30.4,30.3,0
2/20/2019,35,30.9,28,32,27.3,14,100,88.4,46,14,6.5,0,30.4,30.2,29.9,0
2/21/2019,57,40.1,30,40,32.1,26,100,78.1,40,13,4.9,0,30.1,29.9,29.8,0.74
2/22/2019,49,44.9,37,29,26.2,24,73,48.5,41,9,3.6,0,30.3,30.2,30.1,0
2/23/2019,40,37.6,36,37,32.8,26,100,84.3,60,14,8.1,0,30.3,30.1,29.9,0
2/24/2019,55,42.8,37,47,36.9,17,100,83.4,33,26,9.4,0,29.9,29.5,29.3,0.49
2/25/2019,47,41.2,37,17,8.2,4,35,26.4,19,36,20.4,8,30.1,29.9,29.6,0.14
2/26/2019,52,39.1,28,20,13.1,6,54,36,23,14,7.2,0,30.3,30.2,30.1,0
2/27/2019,38,34.4,29,30,20.6,16,73,57.6,48,13,7,0,30.2,30.1,29.8,0
2/28/2019,46,39.8,36,33,24,16,83,55.9,30,18,8.2,0,30.1,29.9,29.8,0
3/1/2019,36,32.3,30,33,30,23,100,91.5,59,14,9.6,6,30.1,30.1,29.9,0.23
3/2/2019,44,37.4,33,35,33.6,31,100,87.3,68,12,6,3,30,29.9,29.9,0
3/3/2019,40,35.6,33,34,30.9,24,100,84.9,55,12,5.9,0,30,29.8,29.6,0
3/4/2019,40,34.5,28,34,23.5,12,100,67,41,20,11.7,5,29.9,29.7,29.6,0.55
3/5/2019,40,30.5,22,13,11.3,6,68,46,33,16,7.2,0,30,29.9,29.8,0
3/6/2019,30,24.4,19,9,5,2,62,44.2,33,18,11.6,0,30.2,30.1,29.9,0
3/7/2019,41,30.7,19,17,12.5,8,78,49,32,17,6.3,0,30.2,30.2,30.1,0
3/8/2019,39,33.9,27,34,26.5,16,100,76.9,43,8,3.1,0,30.2,30.1,30.1,0
3/9/2019,42,36.9,33,36,32.7,30,100,86,65,10,3.5,0,30.2,30.1,30,0.1
3/10/2019,57,43.1,37,48,41.2,35,100,93.5,72,10,4.3,0,30,29.9,29.7,0
3/11/2019,61,51.9,43,39,27,20,86,42.3,21,20,11,3,30,29.9,29.9,0
3/12/2019,50,42.4,31,22,19.5,17,69,41.4,28,17,8.7,0,30.2,30.1,30,0
3/13/2019,56,42.1,27,32,24.3,21,82,53.3,28,14,4.9,0,30.2,30.1,30.1,0
3/14/2019,70,54.2,40,49,42.5,34,86,66.3,46,14,6.7,0,30.1,29.9,29.8,0
3/15/2019,78,66.9,57,60,53.8,36,72,63.1,45,26,13.5,5,29.8,29.6,29.5,0
3/16/2019,55,47.7,41,35,24.5,20,55,41,29,21,15.4,9,30.1,29.9,29.7,0.03
3/17/2019,51,41.5,30,22,19,16,69,43,26,15,5.3,0,30.1,30.1,30,0
3/18/2019,47,41.4,36,28,24.4,18,73,51.7,37,10,4.9,0,30.2,30.1,30,0
3/19/2019,51,39.8,27,27,17,11,78,44.3,22,9,3.9,0,30.3,30.3,30.2,0
3/20/2019,52,41.8,29,37,24.7,18,76,54,27,9,4.3,0,30.2,30.2,30.1,0
3/21/2019,51,47,43,50,45.7,38,100,95,82,22,10.5,3,30,29.6,29.3,0.22
3/22/2019,50,44.7,40,45,33.9,22,100,67.9,48,28,19.7,14,29.6,29.4,29.3,1.58
3/23/2019,52,42.3,34,23,19.8,16,61,42.7,25,26,15.8,6,30.1,29.9,29.6,0
3/24/2019,64,49.2,29,37,23,15,72,40.9,16,12,5.1,0,30.1,30,29.9,0
3/25/2019,63,50,42,42,38.3,35,86,66.4,38,14,7.2,0,29.9,29.9,29.8,0
3/26/2019,49,42.1,31,38,19,8,89,44.6,23,15,7.3,0,30.2,30.1,29.9,0
3/27/2019,50,41,30,29,15.8,7,65,38.9,18,12,5,0,30.4,30.3,30.2,0
3/28/2019,60,46.3,29,40,31.3,25,85,58.8,36,14,4.9,0,30.3,30.2,30.1,0
3/29/2019,68,56.1,43,46,41.4,38,83,59.6,40,9,2.5,0,30,29.9,29.9,0
3/30/2019,75,62.1,50,48,45.4,42,83,57.1,32,13,5.8,0,29.9,29.8,29.6,0
3/31/2019,64,53.4,34,54,35.9,13,88,52.8,35,28,15.9,5,30,29.7,29.5,0
4/1/2019,49,39.3,31,22,15.3,12,54,39,25,18,10.1,0,30.2,30.1,30,0.02
4/2/2019,48,41.9,31,41,30.9,22,89,66.8,36,15,5.5,0,30.2,30.1,29.9,0
4/3/2019,69,53.1,35,37,29.4,23,93,48.5,18,24,10,0,30.1,30,29.9,0.03
4/4/2019,67,54.9,42,33,27.8,23,62,37.8,22,10,4.3,0,30.3,30.2,30.1,0
4/5/2019,52,47.8,43,44,37.1,26,97,68.9,44,17,11.1,0,30.2,30.1,30.1,0
4/6/2019,69,51.5,43,47,43.7,41,100,77.9,42,7,3.1,0,30.1,30,30,0.02
4/7/2019,71,58.3,45,51,46.5,42,90,67.3,47,13,5.1,0,30.1,30,29.9,0
4/8/2019,83,68.5,55,60,55.8,48,93,66.7,39,21,8,0,29.9,29.7,29.6,0.02
4/9/2019,79,69.5,61,61,49.6,22,90,55,18,18,9.4,0,29.6,29.5,29.4,0
4/10/2019,69,60.2,45,38,33.2,26,60,37.6,26,15,7.2,0,29.8,29.7,29.6,0
4/11/2019,58,51.8,45,42,36,30,80,55.8,47,21,12.1,7,30.1,30,29.9,0
4/12/2019,70,59.4,47,62,53.1,43,93,80.2,63,15,7.3,0,30,30,29.9,0
4/13/2019,76,67.2,61,64,58.9,49,100,77.3,38,7,3.8,0,29.9,29.9,29.8,0.16
4/14/2019,73,65.2,57,66,62.9,57,100,92.5,78,13,5.8,0,29.8,29.6,29.3,0
4/15/2019,71,57.3,44,66,46.7,30,100,70.3,43,38,16.5,0,29.9,29.4,29.2,0.4
4/16/2019,68,55.1,42,39,34.4,31,73,48,31,16,8.8,0,30,29.9,29.8,0
4/17/2019,67,57.4,49,47,43.7,38,75,60.8,47,13,8.8,0,30,29.9,29.8,0
4/18/2019,78,64,53,59,53.1,47,93,70,45,13,7.3,0,30,29.8,29.6,0
4/19/2019,76,68.7,66,66,62.8,55,97,82.2,64,16,9.2,5,29.6,29.5,29.4,0
4/20/2019,73,66.3,62,65,55.5,41,100,72.8,36,17,9,3,29.7,29.5,29.4,0.36
4/21/2019,67,60.7,52,47,44,41,71,54.8,42,12,5.2,0,29.9,29.8,29.7,0
4/22/2019,72,62.6,54,50,47.4,45,83,59,41,14,7.8,0,30,29.9,29.9,0
4/23/2019,82,67.2,49,55,48.7,44,93,56.4,27,10,5,0,29.9,29.8,29.6,0
4/24/2019,75,67,58,56,45.3,37,75,48.7,25,20,7.7,0,29.7,29.7,29.6,0
4/25/2019,72,64.7,57,53,46.8,39,72,53.2,41,10,5.5,0,29.8,29.7,29.7,0
4/26/2019,75,62.5,56,64,56.2,40,96,80.8,55,24,9.3,0,29.7,29.4,29.2,0.07
4/27/2019,70,60.6,52,43,31.6,23,71,37.2,18,28,14.8,0,29.8,29.6,29.4,0.38
4/28/2019,72,57.1,49,53,47.6,38,93,72,51,21,7.4,0,30.1,29.8,29.7,0.04
4/29/2019,60,52.6,39,51,38.5,31,89,61,35,12,6.3,0,30.3,30.1,30,0
4/30/2019,81,66.4,54,59,55.4,51,93,70,45,16,6.8,0,30.1,30,30,0
5/1/2019,64,60.1,57,58,54.7,50,90,82.2,72,17,10.2,5,30.2,30.1,30,0
5/2/2019,86,67.7,59,67,62.1,59,100,84.5,43,10,2.6,0,30,29.9,29.9,0
5/3/2019,71,63.6,58,66,61.1,58,100,92.3,73,13,8,0,29.9,29.9,29.8,0.82
5/4/2019,74,67,62,64,62.5,61,97,85.9,71,9,3.4,0,29.8,29.7,29.6,0.02
5/5/2019,66,61.3,57,65,59.4,54,97,93.5,87,15,8.5,0,29.7,29.6,29.5,0.24
5/6/2019,78,65.2,57,59,55.2,52,87,71.2,46,8,4.1,0,29.9,29.8,29.7,0.68
5/7/2019,81,66.1,57,63,59,55,100,80.5,41,13,3.3,0,30,30,29.9,0
5/8/2019,69,64.7,60,61,59.5,55,96,83.1,75,13,8.5,0,30.1,30,29.9,0
5/9/2019,75,66.5,60,64,59.1,53,90,77.6,57,13,8.7,5,30.1,30,29.9,0
5/10/2019,81,70.4,65,68,64.3,61,96,81.7,56,18,8,0,29.9,29.8,29.8,0
5/11/2019,69,62.1,57,65,55.9,50,97,81.5,54,12,6.4,0,29.9,29.8,29.7,0.56
5/12/2019,59,54.1,49,58,52.1,47,97,92.9,86,21,14.3,10,29.7,29.6,29.6,0.72
5/13/2019,55,50.9,49,50,48.2,47,96,90.2,80,14,7.8,0,29.7,29.6,29.6,0.93
5/14/2019,61,52.5,46,49,44.6,40,97,77,48,17,6.4,0,29.8,29.7,29.6,0.29
5/15/2019,74,60.6,44,45,43,39,90,56.7,30,15,7.3,0,29.8,29.8,29.7,0
5/16/2019,78,65.1,52,54,49.4,43,83,60,29,13,5.7,0,29.8,29.7,29.7,0.02
5/17/2019,83,69.5,54,62,57.7,52,93,68.3,44,15,5.4,0,29.7,29.7,29.6,0
5/18/2019,80,72.1,64,66,62.5,57,90,72.6,54,13,5.8,0,29.9,29.8,29.7,0
5/19/2019,86,75.4,62,73,67.8,61,97,78.2,63,15,5.7,0,29.9,29.8,29.7,0.24
5/20/2019,90,80.4,73,68,62.6,52,74,55.6,40,16,10.3,6,29.7,29.7,29.6,0
5/21/2019,72,65.8,58,53,45.9,41,67,49.8,34,16,9,0,30,29.9,29.7,0
5/22/2019,73,64.2,50,50,42.8,37,80,48,30,10,4.5,0,30.1,30.1,30,0
5/23/2019,85,70.5,59,69,61.2,49,93,73.2,53,37,7.5,0,30.1,29.9,29.8,0
5/24/2019,83,75.5,68,69,56.1,50,93,54.1,34,21,9.1,0,29.9,29.8,29.7,0.47
5/25/2019,78,70.6,65,64,58.4,53,84,65.8,54,16,8.4,0,30.1,30,29.9,0
5/26/2019,88,76.7,64,69,66,62,93,71.4,44,18,7.1,0,29.9,29.8,29.7,0
5/27/2019,84,75.3,67,67,64.2,60,93,70.5,46,8,3.5,0,29.8,29.8,29.7,0.03
5/28/2019,91,76.2,65,71,67.9,61,93,77.8,47,15,6.5,0,29.8,29.6,29.5,0.08
5/29/2019,93,81.7,67,68,65.5,60,87,59.5,41,16,6.8,0,29.6,29.6,29.5,0.01
5/30/2019,89,76.6,70,71,67.1,64,93,74.2,45,21,7.9,0,29.6,29.6,29.5,0
5/31/2019,84,75.6,65,62,59.9,55,87,60.4,37,13,5.8,0,29.7,29.6,29.6,0.4
6/1/2019,86,75.8,65,62,57.6,54,87,56,36,12,4.2,0,29.7,29.6,29.6,0
6/2/2019,85,71.5,63,64,61.1,57,93,71.8,44,29,8,0,29.7,29.6,29.5,0
6/3/2019,74,65.3,53,61,45.4,34,96,52.9,24,17,8.4,0,29.9,29.8,29.7,0.54
6/4/2019,77,65.1,48,53,44.2,38,86,50.2,29,13,4.9,0,30,29.9,29.9,0
6/5/2019,82,73.8,62,71,63.1,52,93,69.6,58,14,6.2,0,29.9,29.7,29.6,0
6/6/2019,88,78.8,70,71,68.3,65,96,72.1,49,12,5.5,0,29.7,29.6,29.6,0.07
6/7/2019,84,77.3,72,69,61.2,56,79,58.4,43,15,9.1,5,29.8,29.7,29.7,0
6/8/2019,84,75.6,68,65,60.5,54,84,60.8,44,16,11,0,30,29.9,29.8,0
6/9/2019,78,70.3,67,65,61.2,55,93,74,50,23,15.4,10,30,30,29.9,0
6/10/2019,79,69.6,63,72,66.7,61,97,90.7,76,13,6.7,0,29.9,29.8,29.7,0.18
6/11/2019,81,71.6,64,68,54.5,46,90,58.5,29,16,9.7,0,29.9,29.8,29.7,0.31
6/12/2019,77,69.6,61,62,52.3,45,87,56,39,14,7.9,0,30,29.9,29.8,0
6/13/2019,76,66.7,63,66,62.1,52,96,85.8,61,17,8.5,0,29.8,29.6,29.5,0.58
6/14/2019,77,66.7,59,52,47.1,44,78,51,31,24,11.8,0,30,29.8,29.7,0
6/15/2019,84,70.4,54,56,53.2,50,90,58.2,31,14,5.9,0,30,29.9,29.8,0
6/16/2019,86,78.7,70,72,63.7,55,74,60.4,51,12,6.6,0,29.8,29.7,29.7,0
6/17/2019,91,79.7,73,74,69.7,65,94,73.3,43,10,4.5,0,29.8,29.8,29.7,0
6/18/2019,85,76.8,72,74,70.6,67,97,82,56,18,5.7,0,29.8,29.8,29.7,0.32
6/19/2019,88,76.6,71,75,71,69,100,84,55,10,3.4,0,29.7,29.6,29.5,0.37
6/20/2019,90,79.8,72,77,71.4,65,97,77.6,46,17,5.7,0,29.5,29.4,29.3,0.1
6/21/2019,84,76.1,71,70,59.6,51,93,58.6,35,22,12.9,6,29.8,29.6,29.4,0.11
6/22/2019,83,72.8,60,55,51,48,72,48.4,30,16,6.5,0,29.9,29.8,29.8,0
6/23/2019,86,74.1,59,57,53.6,50,87,52.8,29,10,4.8,0,29.9,29.9,29.8,0
6/24/2019,91,77.4,63,74,66.1,58,91,69.8,43,8,3,0,29.8,29.7,29.6,0
6/25/2019,91,79.9,72,74,67.7,60,97,69.7,41,14,7.2,0,29.8,29.7,29.6,0.06
6/26/2019,93,81.1,68,66,62.5,60,78,55.6,34,15,7.2,0,29.9,29.9,29.8,0
6/27/2019,96,84,73,69,65,62,76,54.8,33,8,4.6,0,30,30,29.9,0
6/28/2019,97,82.8,70,70,66,64,84,58.6,35,12,4.8,0,30,30,29.9,0
6/29/2019,96,81.5,73,73,68.9,65,94,68,37,22,6.7,0,29.9,29.9,29.8,0
6/30/2019,92,82.2,74,72,61.4,54,87,52.4,31,21,10.5,3,29.8,29.7,29.6,0.31
7/1/2019,87,76.9,65,62,56.5,53,78,51.2,33,12,4.8,0,29.8,29.8,29.8,0
7/2/2019,96,78,64,70,65.9,62,93,69.7,38,29,9.7,0,29.8,29.7,29.6,0
7/3/2019,93,81.9,72,72,69.9,68,93,69.3,45,9,4.7,0,29.8,29.7,29.7,0.49
7/4/2019,89,78.8,74,75,72.9,70,94,82.6,59,24,5,0,29.9,29.9,29.8,0
7/5/2019,91,80.4,75,76,74.8,73,94,83.8,59,9,3.9,0,30,29.9,29.9,1.01
7/6/2019,94,82.4,75,77,73.8,70,94,76.9,52,22,5.9,0,29.9,29.8,29.7,0
7/7/2019,88,79.2,73,74,72.2,69,97,79.8,55,12,5.2,0,29.8,29.7,29.7,0.13
7/8/2019,78,74.4,67,74,70.2,63,100,87.3,62,23,11.3,0,29.9,29.8,29.7,0.09
7/9/2019,86,76.5,65,70,66.3,63,97,72.6,53,7,3,0,29.9,29.9,29.9,0.66
7/10/2019,88,78.8,68,68,66,61,93,66.5,49,9,4.9,0,29.9,29.9,29.8,0
7/11/2019,88,77.3,72,79,72.2,62,97,84.8,65,15,4.9,0,29.8,29.7,29.6,0.01
7/12/2019,89,79.8,70,71,68.4,64,100,71,45,13,6.1,0,29.7,29.6,29.6,0.34
7/13/2019,89,79.8,68,68,65.1,63,84,62.6,43,13,5.1,0,29.8,29.8,29.7,0
7/14/2019,93,82.5,72,71,67.5,64,87,62.4,44,13,7.4,0,29.9,29.8,29.8,0
7/15/2019,90,79.8,68,68,61.8,59,82,56,36,8,4.3,0,29.9,29.9,29.9,0
7/16/2019,94,82.5,70,75,70.3,67,91,68.9,42,8,2.8,0,29.9,29.9,29.8,0
7/17/2019,97,82.4,74,76,73.1,69,96,76.7,40,28,4.7,0,29.9,29.8,29.7,0.02
7/18/2019,91,83.3,75,77,74.7,73,97,76.8,55,16,4.2,0,29.7,29.7,29.7,0.41
7/19/2019,97,87,76,75,73.6,71,94,66.5,44,13,4.5,0,29.8,29.8,29.7,0
7/20/2019,97,88.5,79,76,74,72,84,63.3,46,9,6.2,3,29.8,29.7,29.7,0
7/21/2019,99,88.9,80,75,72.6,66,82,59.9,42,17,7.4,3,29.7,29.7,29.7,0
7/22/2019,94,82,73,75,70.4,69,90,69.5,46,20,6.1,0,29.7,29.6,29.6,0
7/23/2019,77,71.9,68,71,66.4,63,100,83.5,64,24,7.2,3,29.7,29.7,29.6,0.66
7/24/2019,84,75,66,65,61.6,56,90,65.5,41,9,4.8,0,29.9,29.8,29.7,0.03
7/25/2019,87,75.8,61,62,58.8,55,93,59.2,33,8,3.8,0,30,29.9,29.9,0
7/26/2019,88,77.2,64,63,59.3,52,93,58.8,29,8,3,0,30.1,30.1,30,0
7/27/2019,92,79.4,66,66,62.8,58,90,60.2,33,12,4.4,0,30.1,30.1,30,0
7/28/2019,94,83.1,72,72,65.2,63,77,56.9,37,12,6,0,30,29.9,29.9,0
7/29/2019,94,84.8,74,73,68.4,64,87,60.1,38,12,5.6,3,29.9,29.9,29.8,0
7/30/2019,97,85.2,74,70,67.5,59,85,58.2,28,14,6.1,0,29.9,29.8,29.8,0
7/31/2019,90,80.2,73,69,67.4,65,84,66.1,48,9,4.9,0,29.9,29.9,29.8,0
8/1/2019,90,79.2,70,70,67.3,64,87,68.3,46,22,5.4,0,29.9,29.9,29.9,0
8/2/2019,88,78.9,71,72,67.7,63,93,70.7,43,12,4.4,0,30,29.9,29.9,0
8/3/2019,89,79.7,69,73,68.7,66,97,70.7,49,16,3.9,0,29.9,29.8,29.8,0
8/4/2019,92,78.8,70,72,68.1,61,97,73.8,38,12,4.3,0,29.8,29.8,29.7,0.3
8/5/2019,88,79.6,71,69,66.8,63,91,66.3,48,13,4.4,0,29.8,29.8,29.8,0
8/6/2019,92,78.8,70,71,67,62,91,69.1,39,15,5.2,0,29.8,29.7,29.6,0
8/7/2019,90,75.2,69,73,69.5,65,100,84.3,50,21,5.4,0,29.7,29.6,29.5,0.17
8/8/2019,90,79.4,68,69,64.6,60,97,64.6,37,15,7.3,3,29.6,29.6,29.6,0.5
8/9/2019,90,80.1,71,66,62,54,81,55.9,36,14,8.7,3,29.7,29.6,29.6,0
8/10/2019,85,75,62,61,56,50,84,54.3,32,16,6.4,0,29.8,29.7,29.7,0
8/11/2019,85,74.5,63,60,55.8,52,90,55.9,33,8,4.9,0,29.9,29.9,29.8,0
8/12/2019,91,77.9,61,71,63.6,60,97,65,39,9,4.1,0,29.9,29.8,29.7,0
8/13/2019,84,79.3,76,74,70.3,66,91,74.2,66,7,3.5,0,29.7,29.6,29.6,0
8/14/2019,87,79.5,76,75,73,69,94,81.5,55,13,5,0,29.8,29.6,29.6,0.03
8/15/2019,85,77.8,73,73,70.4,68,93,79.1,59,12,7.3,0,29.8,29.8,29.8,0.03
8/16/2019,88,78.7,73,73,70.7,68,94,77.9,51,8,5.1,0,29.9,29.8,29.8,0
8/17/2019,90,81.2,74,76,72.4,66,93,75.9,51,16,4.5,0,29.9,29.8,29.8,0
8/18/2019,95,83.4,73,76,71.4,66,94,69.1,46,14,4.6,0,29.9,29.8,29.8,0
8/19/2019,99,84.5,71,73,69.6,65,93,65.1,34,14,5,0,29.9,29.8,29.8,0.01
8/20/2019,95,83.6,74,73,70.1,67,87,65.9,43,13,6.6,0,29.9,29.9,29.9,0
8/21/2019,94,80.2,71,73,69.9,68,93,73.1,45,12,5.8,0,29.9,29.8,29.7,0
8/22/2019,94,80.3,71,73,69.5,66,96,73.4,40,24,8.3,0,29.8,29.8,29.7,0.07
8/23/2019,74,69.1,64,71,65.6,61,97,88.6,76,9,6,0,29.9,29.9,29.8,1.21
8/24/2019,77,70.2,63,62,55.6,52,90,61.4,42,12,5.7,0,30.1,30,29.9,0.07
8/25/2019,79,70.4,61,59,56.8,55,93,63.9,44,16,9.3,0,30.1,30,30,0
8/26/2019,76,69.6,63,61,59,58,84,69.3,58,13,9.9,5,30,30,29.9,0
8/27/2019,79,71.5,63,66,62.8,59,90,74.6,54,9,6.1,0,29.9,29.9,29.8,0
8/28/2019,81,73.4,66,70,67.1,62,93,81.2,65,15,4.4,0,29.8,29.7,29.7,0
8/29/2019,83,72.8,63,65,57.8,54,93,62.7,37,15,6.8,0,29.9,29.8,29.7,0
8/30/2019,91,76.2,59,62,59.2,57,96,60,35,10,4.5,0,29.9,29.9,29.9,0
8/31/2019,88,77.3,64,64,61.8,59,90,60.9,42,13,6,0,30.1,30,29.9,0
9/1/2019,82,75.4,70,68,65.2,63,84,70.9,56,14,8.7,5,30.1,30.1,30,0
9/2/2019,90,77.2,70,72,68.5,64,97,76.4,46,10,5,0,30,29.9,29.8,0
9/3/2019,89,77,68,67,62.4,58,93,63.6,36,12,4.6,0,29.9,29.9,29.8,0
9/4/2019,95,81.8,69,72,67.7,61,93,65.2,40,15,6.4,0,29.9,29.8,29.7,0
9/5/2019,82,75.5,71,62,59.9,57,71,58.7,48,15,10.9,6,29.9,29.9,29.8,0
9/6/2019,72,68.8,60,62,59.3,57,90,71.9,68,15,9.2,0,29.8,29.7,29.6,0
9/7/2019,84,70.4,57,59,56.3,54,93,64.3,39,13,4.4,0,29.8,29.7,29.7,0
9/8/2019,85,73.1,58,58,55.5,52,93,57.1,33,8,2.9,0,29.9,29.9,29.8,0
9/9/2019,85,75.1,66,64,59.8,56,79,60.6,37,10,3.6,0,30.1,30,30,0
9/10/2019,87,75.9,65,67,62.5,58,90,66.1,40,10,4.7,0,30.2,30.1,30.1,0
9/11/2019,97,78.9,69,74,68.5,66,93,73.1,36,8,4.3,0,30.1,30,29.9,0
9/12/2019,97,81.6,71,74,69.1,65,87,68.6,36,17,7.9,0,30,29.9,29.9,0
9/13/2019,73,69.3,67,68,61.6,57,96,76.9,61,17,13.5,6,30.2,30.2,30,0.15
9/14/2019,80,71.6,64,69,63.8,58,93,76.7,62,10,4.8,0,30.2,30.1,30,0
9/15/2019,89,76.9,64,69,61.5,48,93,64,24,9,3.6,0,30,30,29.9,0
9/16/2019,91,76.7,62,66,61.3,56,90,62.1,30,9,4,0,29.9,29.9,29.8,0
9/17/2019,81,74,64,66,59.9,55,84,62.9,44,15,8.3,0,30,29.9,29.9,0
9/18/2019,78,67.8,57,58,54.1,51,93,64.6,39,15,6,0,30.1,30,30,0
9/19/2019,72,63.7,55,53,45.7,37,77,55.3,29,14,5.3,0,30.2,30.1,30.1,0
9/20/2019,81,64.8,49,56,49.4,45,93,62.8,29,13,3.5,0,30.2,30.1,30,0
9/21/2019,89,71.1,53,63,57.1,51,97,65.6,34,10,1.8,0,30.1,30,30,0
9/22/2019,89,77.1,63,69,64.9,61,93,68.2,45,12,3.6,0,30,29.9,29.9,0
9/23/2019,93,81.5,70,67,62.4,57,87,55.8,31,17,7.8,0,29.8,29.7,29.6,0
9/24/2019,81,72.4,62,64,54.7,49,90,56.2,34,15,7.9,0,29.8,29.7,29.7,0
9/25/2019,83,69.8,55,57,50.6,46,84,54.9,27,12,3.5,0,29.8,29.7,29.7,0
9/26/2019,87,73.5,58,64,58.7,54,90,62.7,33,13,4.1,0,29.8,29.7,29.6,0
9/27/2019,81,71,58,61,55.6,44,97,62.2,29,10,4.5,0,30,29.9,29.8,0.01
9/28/2019,88,75.8,65,71,66,57,91,72.5,55,10,3.5,0,30,29.9,29.9,0
9/29/2019,87,77.8,70,70,65.6,62,93,67.8,48,12,6.4,0,30.1,30,29.9,0
9/30/2019,75,71.5,66,64,61.9,59,84,71.8,64,10,6.3,0,30.1,30.1,30,0
10/1/2019,89,75.5,68,69,63.5,58,90,67.3,46,9,3.8,0,30,29.9,29.8,0
10/2/2019,96,83.7,72,70,66,61,87,58.8,31,16,7.3,0,29.8,29.7,29.6,0
10/3/2019,84,73.6,70,69,67.6,65,97,82,53,15,9.7,0,29.9,29.8,29.7,0
10/4/2019,79,69.1,48,69,52.8,39,91,59.2,30,16,9.7,0,30.2,29.9,29.8,0
10/5/2019,65,57,48,48,41.7,37,74,57.4,45,13,9.5,5,30.3,30.2,30.2,0
10/6/2019,73,67.1,60,62,57.5,50,87,71.4,66,10,3.5,0,30.1,30.1,30,0
10/7/2019,81,71.4,60,62,59.7,58,93,68.2,45,14,8.4,3,30,30,29.9,0
10/8/2019,69,63.6,60,57,49.1,42,90,61.2,40,17,10.8,6,30.1,30,30,0.16
10/9/2019,69,61.4,55,52,48.7,43,89,63.8,50,14,10.4,3,30.1,30.1,30,0.09
10/10/2019,78,65.1,56,53,48.3,43,72,55.9,39,10,6.3,0,30.1,30,30,0
10/11/2019,75,64.2,54,51,41.5,32,86,45,33,13,6.4,0,30,29.9,29.9,0
10/12/2019,75,60.7,50,53,49.3,46,89,68.3,41,10,3.7,0,29.9,29.8,29.8,0
10/13/2019,66,59,53,55,44.7,36,83,60.1,42,10,5.3,0,30,29.9,29.8,0
10/14/2019,76,62.4,47,55,44.9,37,97,59.8,24,14,4.9,0,29.9,29.8,29.8,0
10/15/2019,70,57.2,46,46,42.9,41,86,62.4,35,12,3.8,0,30,29.9,29.9,0
10/16/2019,65,58.7,48,62,54.4,39,97,86.3,57,21,6.9,0,29.9,29.5,29.3,0
10/17/2019,60,54.5,50,41,37.8,36,66,53.5,42,29,17.6,8,29.6,29.5,29.4,1.29
10/18/2019,65,54.3,47,39,36.6,35,71,53.2,33,16,9.2,5,29.9,29.8,29.7,0
10/19/2019,65,52.9,40,47,41.2,37,89,67,40,8,2.9,0,30,29.9,29.9,0
10/20/2019,57,55.5,51,55,53.3,47,96,92.3,83,17,8.8,0,29.9,29.8,29.7,0.15
10/21/2019,69,59.4,54,56,50.7,48,89,74.4,49,9,6.1,3,29.9,29.9,29.8,1.2
10/22/2019,63,60.5,57,61,58.9,56,100,94.2,83,14,6.7,0,29.9,29.8,29.6,0.04
10/23/2019,68,57,47,54,44,35,100,67.3,31,14,7.4,0,30.1,29.9,29.7,0.68
10/24/2019,70,54.8,40,49,41.2,36,93,64.9,31,8,3.1,0,30.2,30.1,30.1,0
10/25/2019,68,57,46,54,49.5,44,96,77.8,52,5,1.2,0,30.1,30.1,30,0
10/26/2019,64,60.2,57,56,51,47,93,72.6,56,12,6.4,0,30.1,30,30,0
10/27/2019,80,65.8,57,69,60.5,49,100,85.2,43,16,8.7,0,29.9,29.7,29.6,0.46
10/28/2019,68,59.2,49,55,49.4,46,93,71.6,50,9,4.9,0,30.1,30,29.9,0.82
10/29/2019,65,60,53,54,52.8,51,96,77.5,63,8,4.1,0,30.1,30.1,30.1,0
10/30/2019,67,60.9,54,60,56.5,52,97,86.1,68,7,2,0,30.1,30,29.9,0
10/31/2019,77,68.8,55,71,65.5,46,100,89.3,72,29,9.5,0,29.9,29.6,29.4,0.56
11/1/2019,54,47.3,40,38,30,28,63,51.8,38,23,13.2,3,30.1,30,29.6,0.76
11/2/2019,55,42.3,33,35,31.7,28,92,69.1,40,7,1.4,0,30.1,30,29.9,0
11/3/2019,56,44.4,34,33,29.3,25,85,58.3,33,15,6,0,30.1,30,29.9,0
11/4/2019,61,47.7,33,40,34.5,30,92,64.2,32,13,4,0,30.2,30.1,30.1,0
11/5/2019,66,50.3,37,44,38.5,35,96,68.3,34,13,3.6,0,30.1,30,30,0
11/6/2019,59,49.5,41,38,33,28,76,56,31,12,3.7,0,30.3,30.2,30.1,0
11/7/2019,59,51.2,44,50,42.8,37,93,73.6,60,14,6.6,0,30.2,30,29.9,0
11/8/2019,45,38.8,31,34,21.8,17,70,51.8,37,21,9.4,0,30.2,30.1,29.9,0.1
11/9/2019,43,34.8,24,27,21.8,16,85,61.7,36,10,3.5,0,30.2,30.1,30,0
11/10/2019,58,45.2,34,36,31.8,27,83,62,37,8,2.1,0,30,29.9,29.9,0
11/11/2019,68,52,35,47,39.5,32,93,66.2,36,12,3.3,0,29.9,29.8,29.6,0
11/12/2019,61,43.5,29,49,29.9,8,89,60.2,40,20,12.2,6,30.1,29.8,29.6,0.08
11/13/2019,37,29.7,23,19,13.4,7,75,51.9,36,12,5.3,0,30.3,30.2,30.1,0
11/14/2019,43,32.6,22,27,19.9,16,82,61.7,37,9,2,0,30.3,30.2,30.1,0
11/15/2019,54,41.5,29,28,25.7,24,85,57.3,31,9,3.5,0,30.1,30.1,30,0
11/16/2019,45,40.4,37,27,18,8,65,42.6,26,18,12,5,30.2,30.2,30.1,0
11/17/2019,45,39.7,35,35,23.4,9,76,53.7,31,14,10.1,6,30.2,30,29.8,0
11/18/2019,52,43.8,39,41,36.5,33,96,75.9,59,9,4.2,0,29.8,29.7,29.6,0
11/19/2019,57,47.4,42,42,39.7,35,100,76.9,45,8,4.1,0,29.7,29.6,29.6,0.13
11/20/2019,55,48.1,43,41,34.1,29,77,59.2,44,17,8.8,0,30,29.9,29.7,0
11/21/2019,54,46.7,35,35,31,29,82,55.9,38,9,4.3,0,30.1,30,29.8,0
11/22/2019,54,49,40,49,36.6,24,89,63.4,50,16,7.6,0,29.9,29.8,29.6,0
11/23/2019,45,38.8,29,38,30.1,23,93,72.5,47,10,4.5,0,29.9,29.7,29.5,0.03
11/24/2019,52,43.1,39,39,34.4,28,93,73.6,41,25,12.6,0,29.6,29.4,29.3,0.75
11/25/2019,59,45.3,35,35,32.1,29,86,62.6,35,10,4,0,29.8,29.7,29.6,0
11/26/2019,63,46.1,32,42,36.3,29,89,71.4,37,9,1.7,0,29.9,29.8,29.8,0
11/27/2019,59,52.1,39,50,43.2,26,93,73.8,35,28,10.1,0,29.9,29.6,29.5,0
11/28/2019,51,47.4,41,30,28.1,26,62,47.5,38,29,16.6,9,30.1,29.9,29.6,0.01
11/29/2019,50,42.1,35,28,24.9,23,67,51.8,36,10,6.8,3,30.1,30.1,30,0
11/30/2019,44,41.1,37,25,21.6,13,57,46.7,30,7,3.5,0,30,29.9,29.8,0
12/1/2019,45,41,39,42,36.9,26,93,86,53,16,9.1,0,29.8,29.6,29.3,0.01
12/2/2019,42,39.6,38,37,33.8,29,89,80,67,17,8.5,3,29.5,29.4,29.4,0.61
12/3/2019,48,40.8,37,29,26.9,23,70,58.8,39,25,10.8,0,29.6,29.5,29.5,0.06
12/4/2019,47,40.3,35,34,30.7,27,89,69.9,50,14,6.2,0,29.5,29.5,29.4,0
12/5/2019,47,41,31,29,23.7,21,76,51.4,37,21,11,0,30,29.8,29.5,0
12/6/2019,55,43.3,29,35,27.3,23,78,56,31,16,6,0,30,29.9,29.8,0
12/7/2019,43,36.8,28,23,20.5,19,75,52.8,40,10,3.5,0,30.3,30.2,30.1,0
12/8/2019,46,37.1,24,40,27.2,20,85,68.8,46,9,3.1,0,30.4,30.3,30.1,0
12/9/2019,53,46.8,43,49,44.4,39,97,91.5,82,17,6,0,30.1,29.8,29.6,0.05
12/10/2019,59,53,38,55,48.1,34,90,83.5,71,16,9.8,6,30,29.8,29.6,0.84
12/11/2019,40,34.9,27,33,23.3,14,87,65.2,36,17,10.4,6,30.4,30.2,30,0.18
12/12/2019,38,32,27,25,16,12,72,52.7,36,9,4.4,0,30.6,30.5,30.4,0
12/13/2019,49,39.9,32,47,35.9,25,97,85.8,72,8,4.1,0,30.4,30,29.6,0
12/14/2019,50,47.3,44,48,43.4,32,97,87.4,60,24,8.1,0,29.6,29.3,29.1,0.45
12/15/2019,53,45,38,33,28.3,21,65,52.9,39,23,12.2,5,30.1,29.8,29.5,0.09
12/16/2019,38,34.7,33,34,31,22,93,86.7,53,10,6,0,30.1,30,29.9,0.09
12/17/2019,41,38.5,36,38,35.2,28,100,88.7,63,15,6.3,0,29.9,29.7,29.5,0.36
12/18/2019,40,33.7,25,28,17.6,3,69,52.8,36,25,13.9,7,30.1,29.9,29.7,0
12/19/2019,32,25.6,20,13,6.5,2,74,45.3,35,17,8.3,0,30.3,30.3,30.1,0
12/20/2019,40,29.3,19,17,15.3,14,81,58.7,36,10,3.4,0,30.5,30.4,30.3,0
12/21/2019,37,29,24,23,20.1,17,85,70.1,52,6,0.8,0,30.5,30.4,30.3,0
12/22/2019,51,33.8,22,28,23.7,18,89,69.3,39,8,2.4,0,30.3,30.2,30.1,0
12/23/2019,55,37.5,26,33,27.4,23,88,69.7,37,6,2,0,30.1,30,29.9,0
12/24/2019,52,40.1,29,33,28.5,25,85,65.3,43,13,3.4,0,30,29.9,29.8,0
12/25/2019,49,34.9,26,30,26.2,22,89,72.7,46,6,1.5,0,30.1,30,30,0
12/26/2019,51,39.9,28,40,33.9,24,89,79.5,66,8,3.8,0,30.2,30.1,30,0
12/27/2019,58,46.5,42,47,42.3,38,100,85.8,67,8,2.3,0,30.2,30.1,30,0
12/28/2019,65,50.2,38,46,40.7,35,97,73.1,41,10,3.1,0,30.1,30.1,30,0
12/29/2019,48,46,42,46,42.8,38,97,88.4,79,9,5.9,0,30.1,29.9,29.7,0
12/30/2019,63,52.5,43,59,50,39,100,91.7,77,15,6.4,0,29.7,29.5,29.4,0.66
12/31/2019,53,46.1,42,39,34.9,26,89,67.3,45,17,7.5,0,29.6,29.6,29.5,0.17
1/1/2020,49,41.7,30,27,22.3,18,69,47.1,32,20,9.1,0,29.8,29.7,29.6,0
1/2/2020,54,39.6,25,33,26.5,19,85,61.5,37,8,2.8,0,29.9,29.8,29.7,0
1/3/2020,53,50,46,49,45.7,32,97,85.8,47,10,4.7,0,29.7,29.7,29.6,0.17
1/4/2020,59,51.6,45,55,48.2,33,97,88.6,63,16,4.2,0,29.6,29.5,29.4,0.12
1/5/2020,44,38.8,33,30,23.1,20,70,53.8,45,22,12.6,0,29.9,29.8,29.6,0.15
1/6/2020,54,42.3,34,30,23.5,17,72,49.7,29,17,6.1,0,29.9,29.9,29.8,0
1/7/2020,45,35.3,29,32,27,17,92,74.4,37,12,5.5,0,29.9,29.8,29.7,0
1/8/2020,44,35.5,30,31,22.6,14,89,62.8,32,24,11.1,3,30.4,30,29.8,0.42
1/9/2020,36,31.2,24,24,14.1,9,65,50.1,34,9,3.9,0,30.6,30.5,30.4,0
1/10/2020,54,43.7,32,42,34.5,25,80,70.4,58,12,3.7,0,30.5,30.4,30.2,0
1/11/2020,72,61.5,45,61,52.6,41,86,73.3,59,17,8.8,0,30.2,30,29.7,0
1/12/2020,70,62.8,47,63,51,36,93,67.7,38,21,12,5,30.2,29.9,29.7,0.29
1/13/2020,52,46.4,40,42,37.7,34,89,72.1,61,8,3.4,0,30.2,30.2,30.2,0
1/14/2020,46,44,40,44,41.9,37,97,92.4,89,8,2.8,0,30.2,30.1,29.9,0
1/15/2020,57,46.5,39,44,41.5,37,100,84.4,57,10,3.3,0,30.1,30,29.8,0.06
1/16/2020,54,46.1,36,46,29.2,17,93,55.8,31,28,14.2,0,30.2,29.9,29.7,0
1/17/2020,37,32.1,26,21,9.7,4,64,40.2,27,17,9.2,0,30.6,30.5,30.2,0.01
1/18/2020,41,31.7,27,37,22.3,6,89,69.8,39,13,6.4,0,30.5,30.1,29.6,0
1/19/2020,44,37.8,26,40,25.3,11,92,63,40,24,14.1,0,30,29.7,29.6,0
1/20/2020,35,28,23,10,7.4,4,55,43.2,28,18,10,0,30.3,30.2,30,0
1/21/2020,36,27.9,20,15,10.6,6,63,49,37,12,5.6,0,30.4,30.3,30.3,0
1/22/2020,41,29.8,20,19,15.3,13,75,56.6,33,6,2.1,0,30.4,30.3,30.3,0
1/23/2020,41,32,21,25,20.8,17,85,65,46,7,1.6,0,30.3,30.2,30.2,0
1/24/2020,51,42,29,41,33.3,23,83,71.9,61,15,8.1,0,30.2,30.1,29.9,0
1/25/2020,51,46.6,38,45,41.9,30,93,84.1,64,16,9.9,3,29.9,29.7,29.6,1.37
1/26/2020,48,42,33,31,28,25,85,58.5,48,16,9.5,3,29.7,29.7,29.7,0.12
1/27/2020,49,42.3,36,29,27.4,25,67,56.4,44,15,10,5,29.7,29.6,29.6,0
1/28/2020,45,41.9,38,29,26.4,24,68,54.6,46,17,10.4,5,29.9,29.8,29.7,0
1/29/2020,46,39.7,30,29,22,18,66,50.4,34,15,6.4,0,30,29.9,29.9,0
1/30/2020,39,33.6,29,24,19.5,15,67,56.7,50,8,5.2,0,30.2,30.1,30,0
1/31/2020,44,38.6,32,36,30.1,24,89,72,58,7,1.9,0,30.2,30.1,30,0
2/1/2020,48,38.2,30,40,34.3,28,96,86.4,63,6,1.7,0,29.9,29.8,29.6,0.03
2/2/2020,52,41.1,33,37,32.3,28,92,72.5,43,12,5.1,0,29.6,29.5,29.3,0.11
2/3/2020,67,48.5,31,39,34.3,28,89,62.6,29,10,2.5,0,29.8,29.7,29.5,0
2/4/2020,66,57.3,49,50,45.4,37,93,65.7,52,6,1.9,0,29.7,29.6,29.6,0.02
2/5/2020,54,42,38,49,36.8,31,89,82.1,70,18,8.1,0,29.9,29.8,29.6,0.04
2/6/2020,43,40.5,37,41,38.2,36,97,91.6,87,9,3.7,0,29.7,29.4,29.2,0.11
2/7/2020,60,48,34,56,41.2,18,97,79.2,43,32,15,0,29.8,29.1,28.8,0.79
2/8/2020,44,36.8,29,24,20.2,17,78,52.9,35,14,6.9,0,30.2,30,29.8,0.48
2/9/2020,49,39.3,25,27,23.1,19,88,55.9,31,9,4.1,0,30.4,30.3,30.2,0
2/10/2020,49,46.3,42,46,39.2,29,90,77.4,48,13,7.3,3,30.1,30,29.9,0.01
2/11/2020,55,50.6,47,51,46.6,32,96,86.6,54,17,3.8,0,29.9,29.8,29.7,0.64
2/12/2020,49,43.4,39,38,29.5,25,89,60.2,41,16,6.3,0,30.1,30,29.8,0.07
2/13/2020,57,47.1,40,54,42,29,93,83.4,58,18,8.3,0,29.9,29.6,29.4,0.13
2/14/2020,41,34.4,24,27,14.7,6,62,45.3,32,20,11.6,5,30.4,30.2,29.9,0.15
2/15/2020,34,27.5,19,17,9,2,57,46.1,34,9,5.5,0,30.5,30.4,30.2,0
2/16/2020,53,39.9,30,31,24.3,17,75,55.5,31,9,2.5,0,30.1,30,29.9,0
2/17/2020,55,44.3,36,31,26.2,23,73,50.8,30,10,3.1,0,30.1,30.1,29.9,0
2/18/2020,60,49.6,38,43,38,28,83,65.5,44,12,5,0,30.1,30,29.8,0
2/19/2020,54,45.8,36,42,21.3,12,64,39.4,20,16,10.2,3,30.3,30.1,29.9,0
2/20/2020,39,35.3,30,19,13.3,8,64,41.8,28,13,4.2,0,30.3,30.3,30.2,0
2/21/2020,38,30.2,23,15,7.8,3,52,40.3,24,13,7.1,0,30.4,30.3,30.3,0
2/22/2020,54,38.8,26,15,8,4,56,31.8,14,15,6.4,0,30.2,30.2,30.1,0
2/23/2020,59,41.2,23,19,13.3,7,74,38.8,13,9,2,0,30.1,30,29.9,0
2/24/2020,58,45.5,29,39,27.5,19,73,52,31,9,3.4,0,29.9,29.8,29.8,0
2/25/2020,52,49,46,49,46,40,96,89.7,74,6,2.8,0,29.8,29.7,29.6,0
2/26/2020,50,48.1,44,48,45.5,40,93,90.7,85,26,9.5,0,29.8,29.6,29.3,0.22
2/27/2020,44,38.8,32,40,21.9,10,86,53.6,34,29,19.6,8,29.8,29.6,29.4,0.21
2/28/2020,46,37.9,31,26,18.4,12,58,45.7,38,17,10,3,29.8,29.7,29.7,0
2/29/2020,37,31.7,26,14,11.9,9,60,44.6,31,23,11.4,0,30,29.8,29.8,0
3/1/2020,50,36.9,20,25,14.7,10,74,43.9,24,15,6.2,0,30.1,30,30,0
3/2/2020,67,49.4,27,45,30,22,81,52.2,25,18,7.4,0,29.9,29.8,29.6,0
3/3/2020,64,54.1,44,53,46.2,36,90,75.6,51,22,6.5,0,29.7,29.5,29.3,0.08
3/4/2020,64,54.3,44,36,27,22,61,37.1,21,20,10.4,0,29.8,29.7,29.6,0.05
3/5/2020,55,47,38,33,24.9,21,60,42.8,27,13,4.6,0,30,29.9,29.8,0
3/6/2020,48,40.3,32,37,33.6,25,88,77.3,58,14,5.9,0,29.9,29.7,29.6,0
3/7/2020,52,42.1,34,34,20.9,8,82,47.5,18,20,11.4,0,30.3,30.1,29.9,0.16
3/8/2020,62,48.2,32,23,15.7,8,61,32.1,12,13,5.3,0,30.4,30.3,30.2,0
3/9/2020,74,55.5,35,34,26.8,18,64,37.2,12,10,4.7,0,30.3,30.2,30.1,0
3/10/2020,72,63.1,58,53,45.4,33,70,53.4,35,17,11,3,30.1,29.9,29.8,0
3/11/2020,56,50.6,46,44,35.5,32,68,56.7,47,10,5,0,30,29.9,29.9,0.02
3/12/2020,61,52,42,48,40.1,35,93,65.5,46,13,7.2,0,30,29.9,29.8,0
3/13/2020,74,57.5,50,56,43.9,20,96,69.7,15,21,9.7,0,30,29.8,29.6,0.26
3/14/2020,58,51,42,37,22.7,17,82,35.7,23,16,8.5,3,30.2,30.2,30,0
3/15/2020,53,43.9,38,37,35,29,89,73.1,41,10,5.2,0,30.3,30.3,30.2,0.23
3/16/2020,53,45.7,38,35,27.9,15,70,50.8,38,18,9.9,0,30.4,30.3,30.2,0
3/17/2020,65,50.3,44,45,39.4,35,82,67.1,48,10,5.2,0,30.2,30,29.9,0
3/18/2020,55,49.6,42,44,33.2,27,86,54.9,38,14,6.5,3,30.3,30.3,30.1,0
3/19/2020,64,53.7,48,54,49.7,45,96,86.4,70,10,4.6,0,30.1,30,30,0.76
3/20/2020,82,62.7,53,61,54.8,52,100,79,41,20,5.7,0,30,29.8,29.7,0.04
3/21/2020,67,52.6,46,52,32.7,23,70,47.6,37,13,8.4,5,30.3,30.1,29.8,0.06
3/22/2020,52,44.2,37,35,26.3,16,71,50.6,37,18,11.8,3,30.4,30.4,30.3,0
3/23/2020,47,43.3,40,43,39.1,34,93,85.4,68,15,9.1,3,30.4,30.1,29.9,0.11
3/24/2020,57,48.3,40,39,37.6,36,89,68,47,9,4.8,0,30,30,29.9,0.24
3/25/2020,49,46.3,44,45,41.5,37,90,83.4,73,18,9.7,3,29.9,29.8,29.8,0.04
3/26/2020,61,49.7,36,43,39.5,34,93,70.1,48,12,4.9,0,29.9,29.8,29.7,0.26
3/27/2020,65,58,47,48,46,43,86,65.5,52,6,2.6,0,29.9,29.7,29.6,0
3/28/2020,59,53.4,50,52,50.8,48,96,91.1,67,15,6.4,0,29.9,29.8,29.8,0.43
3/29/2020,60,53.1,50,54,50.3,48,96,90.5,78,13,5.1,0,29.8,29.7,29.6,0.22
3/30/2020,72,58.4,53,53,45.1,34,96,66.3,30,16,7.2,3,29.8,29.8,29.6,0
3/31/2020,53,45.4,0,44,36.5,0,90,66.3,0,16,9.7,0,29.8,26.9,0,0
4/1/2020,56,47,41,38,34.9,33,76,63.7,47,16,8.3,0,29.7,28.6,0,0.09
4/2/2020,62,52.2,40,29,25.8,22,55,37.3,28,25,14,6,29.8,29.7,29.6,0
4/3/2020,63,54.6,47,38,30,22,54,39.4,32,21,13.8,7,29.8,29.6,29.6,0
4/4/2020,57,53.5,47,43,40.5,36,80,62,53,8,5.5,0,29.9,29.8,29.8,0.02
4/5/2020,68,58.3,50,46,44,42,80,60.2,40,9,4.5,0,29.9,29.9,29.8,0
4/6/2020,70,59.9,48,48,35.1,22,77,45.3,17,12,5.1,0,29.9,29.9,29.8,0
4/7/2020,71,59.3,48,56,48.2,33,90,67.8,47,14,4.2,0,29.9,29.7,29.5,0
4/8/2020,77,65.1,56,55,50.8,44,93,63.4,36,21,10.3,0,29.5,29.4,29.4,0.08
4/9/2020,70,55.9,46,55,43.9,23,93,68.7,28,37,12.2,0,29.4,29.3,29.1,0.09
4/10/2020,50,45.5,41,27,21.7,18,51,39.1,33,32,17.8,7,29.7,29.5,29.4,0
4/11/2020,61,49.3,37,29,25.3,22,57,40.8,25,17,8.7,0,29.9,29.8,29.8,0
4/12/2020,72,55.9,39,56,42.1,30,86,61.7,40,13,5.8,0,30,29.9,29.8,0
4/13/2020,77,63,55,67,55.4,34,96,79.1,40,25,11.5,3,29.8,29.5,29.3,1.76
4/14/2020,58,50.9,42,39,31.1,28,86,49.2,32,18,8.4,3,30,29.9,29.8,0.42
4/15/2020,53,45.1,38,37,27.3,19,89,55,26,17,8,0,29.9,29.9,29.8,0.17
4/16/2020,52,45,35,30,22.3,16,65,42.3,26,23,10.9,0,30.1,30,29.9,0
4/17/2020,57,46.7,33,41,30.3,21,79,55.4,29,13,5.3,0,30.2,30,29.7,0
4/18/2020,54,48.3,37,45,35.4,26,86,63.3,37,22,7.7,0,29.8,29.7,29.6,0.05
4/19/2020,65,51.1,34,47,33.6,28,82,55.8,29,14,5.9,0,29.9,29.7,29.6,0
4/20/2020,63,55.6,51,47,40.6,35,86,59.3,37,10,4.7,0,29.6,29.5,29.5,0
4/21/2020,67,54.3,44,46,37.5,20,86,56.8,24,25,13.8,5,29.7,29.5,29.3,0
4/22/2020,59,47.8,35,26,19.3,16,55,34.3,19,21,11.1,0,29.9,29.8,29.7,0.03
4/23/2020,55,51.7,42,52,39.8,27,93,67.4,35,10,5.2,0,29.9,29.8,29.6,0
4/24/2020,56,52.6,50,52,48.1,46,96,85.1,74,12,7.2,3,29.7,29.6,29.5,1.11
4/25/2020,64,53.3,43,49,44.6,36,93,74.4,44,14,5,0,29.9,29.8,29.8,0.06
4/26/2020,55,51.1,48,52,48.4,44,94,90.4,86,12,7.2,0,29.8,29.6,29.5,0.21
4/27/2020,57,49.2,44,44,37.8,34,90,66.8,44,21,9.8,3,30,29.8,29.6,0.28
4/28/2020,59,51.4,41,45,38.1,32,82,62.3,42,8,3.5,0,30,30,29.9,0
4/29/2020,73,59.9,49,56,48.8,40,81,67.4,51,18,11,5,29.9,29.9,29.8,0
4/30/2020,67,61.6,57,59,56.4,54,94,83.7,65,24,9.6,0,29.8,29.6,29.5,0
5/1/2020,65,57.6,52,55,48.4,41,94,73.8,43,16,7.5,0,29.8,29.6,29.5,1.25
5/2/2020,73,62.4,51,44,39.8,35,71,46.8,25,14,6.5,3,30,29.9,29.8,0.09
5/3/2020,80,67.7,60,63,54.4,43,94,63.6,50,16,5.9,0,29.7,29.6,29.6,0
5/4/2020,73,65.4,54,62,45,34,93,52.8,28,25,13.1,5,29.8,29.6,29.5,0.4
5/5/2020,59,53.8,43,47,36,33,89,53,38,8,4.3,0,29.8,29.8,29.7,0
5/6/2020,53,49.9,46,49,46.2,41,93,87.3,74,12,6,0,29.7,29.6,29.6,0.06
5/7/2020,67,55.4,41,42,34.1,28,89,51.1,24,16,8.4,0,29.8,29.7,29.6,0.34
5/8/2020,62,52.6,41,51,40.8,31,86,66,41,24,7.8,0,29.7,29.6,29.4,0
5/9/2020,51,42.6,35,29,21,16,65,43.7,31,26,14.5,3,30.1,29.9,29.7,0.21
5/10/2020,65,52.1,37,44,28.1,22,80,43.2,23,17,8.8,0,30.1,30,29.8,0
5/11/2020,60,52.5,45,45,36.2,30,90,56.7,37,24,14,0,29.9,29.8,29.7,0.02
5/12/2020,61,50.6,39,33,29.8,25,73,47.1,26,23,10,0,30.1,30,29.9,0
5/13/2020,70,56.1,37,41,33.3,30,79,46.3,23,18,5.2,0,30.2,30.1,30.1,0
5/14/2020,72,60,43,57,47.8,39,90,66.3,47,10,3.8,0,30.1,30,29.9,0
5/15/2020,87,75.8,63,62,57.6,52,84,56.8,30,15,8.9,3,29.9,29.8,29.7,0
5/16/2020,83,73.8,65,59,53.8,46,73,51.2,28,13,7.8,5,30,29.9,29.8,0
5/17/2020,67,62.7,59,56,52.1,46,81,69,52,16,11.1,3,30.1,30,30,0
5/18/2020,68,61.5,56,55,51.4,43,87,70.8,43,18,12.9,9,29.9,29.9,29.8,0
5/19/2020,71,61.7,56,47,38.4,30,67,44.3,26,24,17.1,7,30.1,30,29.9,0
5/20/2020,63,56.6,52,43,38,31,66,50.2,40,23,18.5,9,30.2,30.2,30.1,0
5/21/2020,71,59.1,48,54,48.6,41,82,68.8,53,14,10.8,7,30.2,30.1,30.1,0
5/22/2020,73,65.6,59,68,62.3,54,94,88.8,80,12,5.7,0,30.1,29.9,29.8,0.18
5/23/2020,83,71.8,63,65,62.6,57,96,75.4,42,13,6.6,0,29.9,29.8,29.8,0.37
5/24/2020,69,62.4,59,64,56.2,54,90,80.1,70,16,9.1,0,30.1,30,29.9,0
5/25/2020,75,66.2,60,59,56.9,55,84,72.3,57,9,4.8,0,30.1,30,30,0
5/26/2020,79,66.9,56,64,60.1,53,96,80.3,54,9,2.4,0,30.1,30,30,0
5/27/2020,80,70.7,65,66,63.6,61,97,79.4,54,12,5.3,0,30.1,30,30,0
5/28/2020,78,73.6,71,72,69.8,66,94,87.8,79,15,7.7,3,30,29.9,29.8,0.03
5/29/2020,86,78.1,73,73,70.7,69,93,78.8,57,15,6.3,0,29.9,29.8,29.7,0.05
5/30/2020,83,75.4,67,63,54.4,44,84,51.7,25,13,6.8,0,29.8,29.8,29.7,0
5/31/2020,76,67.4,57,49,40,36,52,37.6,25,17,8.9,3,30,29.9,29.8,0
6/1/2020,75,64.1,47,43,39.1,35,77,42.2,27,12,5.5,0,30.2,30.1,30,0
6/2/2020,78,66.1,52,54,47.1,41,75,52.5,30,13,4.5,0,30,29.9,29.7,0
6/3/2020,96,82,62,64,60.4,54,78,49.9,32,17,9.8,3,29.7,29.6,29.5,0
6/4/2020,91,78.3,69,68,65.1,61,93,66.8,40,23,8.1,0,29.8,29.7,29.6,0
6/5/2020,88,75.2,69,71,68.8,67,94,82.1,53,14,5.1,0,29.8,29.7,29.7,2.51
6/6/2020,91,78.6,69,71,65.5,52,93,68,35,16,7.2,0,29.7,29.7,29.6,0.28
6/7/2020,82,73.8,61,55,51.8,49,78,47.8,34,15,6.9,0,29.8,29.8,29.7,0
6/8/2020,82,72.3,62,55,49.5,44,72,46.3,30,10,4.8,0,29.9,29.9,29.8,0
6/9/2020,90,76.4,58,70,63,55,90,65.2,46,12,3.8,0,29.9,29.8,29.7,0
6/10/2020,89,82,73,75,72.1,68,85,72.5,59,14,7.7,3,29.8,29.8,29.7,0
6/11/2020,85,77.2,70,74,68.5,57,93,76,46,12,7.4,0,29.9,29.8,29.8,0.22
6/12/2020,86,77.8,66,57,54.3,50,68,45.6,31,9,6.3,0,30,29.9,29.9,0.75
6/13/2020,79,71,59,51,46.2,39,62,41.6,33,12,7,0,30.1,30,29.9,0
6/14/2020,75,68.2,61,53,46.4,40,58,46,36,13,8,0,30.2,30.1,30.1,0
6/15/2020,77,69.8,62,53,51.4,49,70,53.5,39,16,10.8,5,30.2,30.2,30.1,0
6/16/2020,77,69.8,63,56,50.1,48,68,50.8,37,20,12.3,7,30.2,30.1,30.1,0
6/17/2020,73,68.6,64,66,60.6,54,90,75.9,63,18,13.7,8,30.1,30,29.9,0
6/18/2020,82,71.8,67,67,63.9,57,94,78.5,42,14,9.1,3,30,29.9,29.9,0.43
6/19/2020,82,74.1,65,69,65.9,62,90,76,58,9,4.2,0,30,29.9,29.9,0.01
6/20/2020,80,72.1,66,69,66.2,62,93,82.1,67,18,3.2,0,29.9,29.9,29.8,0.02
6/21/2020,83,73.5,66,70,66.9,64,93,80.7,58,6,1.8,0,29.9,29.8,29.8,0.93
6/22/2020,89,76.9,68,72,67.7,65,90,74.5,55,18,4.5,0,29.8,29.8,29.7,0.16
6/23/2020,89,78.5,66,75,70.1,64,93,76.3,57,15,4.5,0,29.7,29.6,29.5,0
6/24/2020,84,77.9,72,69,59.8,54,85,56.1,35,16,8.7,0,29.7,29.6,29.5,0.21
6/25/2020,85,74.2,66,66,61.6,56,93,67,39,15,4.3,0,29.8,29.8,29.7,0
6/26/2020,88,77,63,63,60.4,57,90,59.8,37,12,7.1,3,29.9,29.8,29.8,0.17
6/27/2020,90,81.2,74,71,66.2,62,82,61.4,42,14,7.1,0,29.8,29.7,29.6,0
6/28/2020,89,81.2,73,71,67.9,65,85,64.9,50,14,6.2,0,29.6,29.6,29.6,0
6/29/2020,91,81.8,72,69,63.3,60,82,55.9,35,14,6.4,0,29.7,29.7,29.6,0
6/30/2020,90,79.9,72,71,63.2,60,91,59.2,37,10,5.9,0,29.8,29.7,29.7,0
7/1/2020,88,76.1,69,69,67,64,90,74.7,46,12,4.7,0,29.7,29.7,29.7,0.44
7/2/2020,91,80.3,68,68,64.8,62,90,62.4,39,10,4.7,0,29.7,29.7,29.7,0.06
7/3/2020,96,85.2,74,69,65,62,71,52.2,33,10,6.3,0,29.7,29.7,29.6,0
7/4/2020,89,81.9,72,71,67.7,65,81,62.9,46,10,4.5,0,29.8,29.7,29.7,0
7/5/2020,94,82,75,73,70.8,64,90,70.6,46,20,6.1,3,29.8,29.8,29.8,0
7/6/2020,95,79,71,75,70.6,68,93,77.2,46,25,9.7,0,29.9,29.9,29.8,0
7/7/2020,88,77,71,74,70.2,68,93,80,59,14,6.5,0,29.9,29.9,29.8,1.41
7/8/2020,90,82.7,75,73,70,64,91,67.4,46,8,3.9,0,29.9,29.8,29.8,0
7/9/2020,89,81.4,72,74,70.4,69,91,70.6,52,14,6.6,0,29.8,29.8,29.8,0
7/10/2020,87,80,76,73,70.7,69,91,74.3,55,14,7.4,0,29.8,29.7,29.6,0.06
7/11/2020,89,80.7,74,73,69,64,93,69.3,43,18,7.4,0,29.6,29.6,29.5,0
7/12/2020,90,79.2,70,72,65,60,90,63.7,39,15,5.4,0,29.6,29.6,29.6,0
7/13/2020,90,78.6,68,70,65.2,61,93,66.4,38,10,3.7,0,29.8,29.7,29.6,0.02
7/14/2020,90,79.9,69,66,61.5,56,87,55.8,31,9,4.1,0,29.9,29.8,29.8,0
7/15/2020,90,79.6,67,70,64.8,60,87,63,39,16,5.9,0,30,30,29.9,0
7/16/2020,86,78.8,74,70,68.5,67,85,71.6,53,14,8.7,5,30.1,30.1,30,0
7/17/2020,97,83.8,75,75,69.8,64,87,65.6,34,13,6.1,0,30,29.9,29.9,0.01
7/18/2020,98,86,75,74,64.4,58,79,51.5,27,9,4,0,29.9,29.9,29.8,0
7/19/2020,99,85.8,71,77,70.5,64,84,62.5,32,9,4.4,0,29.9,29.8,29.7,0
7/20/2020,100,88.3,79,76,70.5,67,82,57.3,38,14,7.7,3,29.8,29.7,29.7,0
7/21/2020,97,85.1,75,73,67.5,63,89,59.3,34,16,4.9,0,29.9,29.8,29.8,0
7/22/2020,95,78.5,72,77,72.2,69,94,82.7,50,24,6.2,0,29.9,29.9,29.8,0.21
7/23/2020,94,80.5,73,76,72,68,94,77.7,47,15,5.1,0,29.9,29.9,29.8,0.81
7/24/2020,86,78.2,73,73,70.9,68,94,79,61,13,4.5,0,29.9,29.9,29.9,0.15
7/25/2020,90,80.7,71,74,71,69,93,73.9,53,7,2.9,0,30,29.9,29.9,0.02
7/26/2020,95,86.1,77,74,69.2,63,88,60.2,36,12,6.3,0,29.9,29.9,29.8,0
7/27/2020,96,86.3,75,70,68,66,79,56.3,37,15,7.2,0,29.8,29.7,29.6,0
7/28/2020,94,85.8,79,71,68.7,66,72,57.2,44,14,8.6,3,29.8,29.7,29.6,0
7/29/2020,94,84.5,74,70,62.7,56,85,52,28,10,5.6,3,29.8,29.8,29.7,0
7/30/2020,97,84.2,74,76,69.2,62,91,64.6,35,15,5.2,0,29.8,29.7,29.6,0
7/31/2020,80,75.8,72,73,71,69,94,85.3,74,7,3.3,0,29.7,29.6,29.6,0.26
8/1/2020,88,80.1,72,73,69.8,67,93,72.6,51,9,3.9,0,29.8,29.8,29.7,0.24
8/2/2020,93,84.2,78,76,73.2,70,87,70.6,47,15,7.5,3,29.8,29.7,29.7,0
8/3/2020,89,78.7,72,71,66.3,62,91,67.4,43,12,4.8,0,29.9,29.9,29.8,0
8/4/2020,85,75,70,71,68.7,66,93,81.7,57,24,9.1,0,29.9,29.7,29.5,1.21
8/5/2020,88,78.7,68,69,65.3,62,93,66.3,42,10,3.1,0,29.9,29.9,29.8,1.35
8/6/2020,84,76.4,71,71,69.7,67,94,80.5,63,20,6.5,0,29.9,29.9,29.9,0.97
8/7/2020,86,77.2,71,73,70.2,68,93,79.9,61,10,4.3,0,30,29.9,29.9,0
8/8/2020,86,77.5,71,70,68.5,67,93,75,55,8,3.3,0,30,30,29.9,0.25
8/9/2020,91,80.9,71,73,70.9,68,91,73.1,52,9,4.1,0,30,29.9,29.9,0
8/10/2020,93,83.8,75,74,72,66,94,69.9,43,10,3.9,0,29.9,29.9,29.8,0
8/11/2020,92,82.9,75,76,73.3,72,94,74.2,52,8,3.9,0,29.8,29.8,29.7,0
8/12/2020,93,80.1,72,75,71.8,68,93,76.8,52,28,7.1,0,29.9,29.9,29.8,0
8/13/2020,83,77.3,74,74,72.4,71,94,85.3,69,14,4.8,0,29.9,29.9,29.9,3.51
8/14/2020,88,77.5,73,73,71.4,69,94,82.5,57,13,6.4,0,29.9,29.8,29.8,1.04
8/15/2020,80,75.4,72,70,66.2,62,93,74.1,54,13,7.9,0,29.8,29.8,29.8,0.01
8/16/2020,75,69.9,66,69,64.8,62,93,84,66,15,8.5,0,29.8,29.8,29.7,1.13
8/17/2020,85,71.8,62,68,64.4,60,93,79,53,18,4.2,0,29.8,29.8,29.7,0.11
8/18/2020,87,75.3,65,65,62.5,59,93,67.3,40,9,3.3,0,29.8,29.7,29.7,0.26
8/19/2020,84,72.6,66,67,64.3,60,94,77.3,44,10,4.9,0,29.8,29.8,29.7,0.35
8/20/2020,82,73.3,66,64,60.3,56,87,64.8,45,9,4.5,0,29.9,29.9,29.8,0.28
8/21/2020,86,76.1,65,70,66.8,62,90,73.8,55,7,3.8,0,29.9,29.8,29.8,0
8/22/2020,85,77.8,74,72,70.8,69,91,79.6,59,8,4.2,0,29.9,29.8,29.8,0.03
8/23/2020,91,79.8,73,74,70.7,68,94,75.4,50,20,4.6,0,29.9,29.9,29.8,0
8/24/2020,91,81.3,72,74,70.8,69,93,72,50,9,5,0,29.9,29.9,29.8,0.15
8/25/2020,90,81.4,75,72,70.5,66,87,70.5,50,20,10.1,3,29.8,29.7,29.7,0.03
8/26/2020,86,77.9,67,66,62.6,59,84,61.1,43,13,7.1,3,29.9,29.8,29.8,0.1
8/27/2020,93,83.4,74,74,68.9,62,79,62.3,50,18,10.3,3,29.8,29.7,29.6,0
8/28/2020,91,78.6,73,73,69.5,63,94,74.8,53,20,7.7,0,29.7,29.7,29.7,0
8/29/2020,85,78,73,75,71.4,62,94,80.9,62,16,7.6,0,29.6,29.5,29.4,0.89
8/30/2020,82,74,64,62,59,56,87,61.1,42,13,6,0,29.8,29.6,29.5,0.02
8/31/2020,76,70.3,64,67,64.3,62,93,81.5,64,10,4.8,0,29.9,29.9,29.8,0
9/1/2020,80,74.5,69,72,67.6,63,87,79.3,64,8,5.9,0,29.9,29.9,29.9,0.12
9/2/2020,87,78.6,73,76,72.3,70,93,81.9,63,16,5.7,0,29.9,29.7,29.6,0.01
9/3/2020,88,79.4,71,77,74.1,70,96,84.6,61,10,3.6,0,29.7,29.6,29.6,0.12
9/4/2020,88,78.8,71,73,68.2,57,94,71.6,53,14,7,0,29.9,29.8,29.6,1.57
9/5/2020,81,70.6,59,57,53.4,49,87,57.2,35,9,4.5,0,30.1,30,29.9,0
9/6/2020,85,72,59,61,57.6,53,90,63.6,33,10,3.7,0,30.1,30,30,0
9/7/2020,82,71.5,60,63,59.3,56,93,68.1,42,8,2.8,0,30,29.9,29.8,0
9/8/2020,84,72.2,60,68,63.9,58,93,76.4,54,9,4.1,0,30,30,29.9,0
9/9/2020,80,76,72,73,71.2,69,91,85.1,74,12,7.8,3,30.1,30.1,30,0
9/10/2020,81,77.3,75,76,74.5,73,94,91,82,12,6,0,30.1,30,29.9,0.03
9/11/2020,80,75.8,72,74,69.7,63,97,82,66,12,5.8,0,30.1,30,29.9,0.63
9/12/2020,74,70.7,64,66,61.1,56,84,72,57,16,9.4,0,30.1,30.1,30,0
9/13/2020,83,71.4,59,69,62.6,56,91,75.1,54,9,2.7,0,30.1,29.9,29.9,0
9/14/2020,78,72,63,68,58.3,49,90,63.8,40,12,6.3,0,30.1,30,29.9,0
9/15/2020,69,60,51,50,44.6,41,92,58.9,37,12,4.8,0,30.2,30.1,30.1,0
9/16/2020,73,61.6,49,59,52.6,46,90,74.5,49,8,2.9,0,30.1,30,29.9,0
9/17/2020,74,68.1,61,67,62.7,58,93,83.4,66,5,1.2,0,29.9,29.9,29.8,0
9/18/2020,76,67.8,59,67,58.1,32,96,73.9,36,13,5.8,0,30,29.8,29.7,0.17
9/19/2020,66,56.4,46,42,34.2,31,86,45.7,29,13,7.3,0,30.2,30.1,30,0
9/20/2020,68,56.1,43,42,39,37,90,56.3,32,15,6.5,0,30.4,30.3,30.2,0
9/21/2020,66,54.9,43,44,38.4,34,86,58.4,32,17,5,0,30.4,30.3,30.2,0
9/22/2020,73,57.5,41,45,41.3,38,89,59.5,30,14,6.3,0,30.2,30,29.8,0
9/23/2020,80,66.3,51,54,49.2,44,77,56.2,38,14,8.1,3,29.9,29.8,29.8,0
9/24/2020,73,65.7,58,61,57.1,52,90,74.5,57,7,2.6,0,29.9,29.8,29.8,0
9/25/2020,71,64.1,58,62,59.2,56,97,84.8,59,7,2,0,30,29.9,29.9,0
9/26/2020,72,66.4,62,67,63.5,60,96,90.5,81,9,3.6,0,29.9,29.9,29.8,0.95
9/27/2020,79,71.3,68,69,67.3,66,96,87.4,68,9,3.6,0,29.8,29.8,29.7,0.15
9/28/2020,81,71.6,66,69,65.7,64,93,82.5,60,13,5.1,0,29.8,29.7,29.7,0.06
9/29/2020,81,69.7,57,69,64.3,54,93,83.6,58,14,6.3,0,29.7,29.6,29.5,0.05
9/30/2020,71,61.6,56,54,51.2,46,93,71.3,41,17,9.8,0,29.7,29.6,29.4,0.74
10/1/2020,73,63,55,57,53,50,90,71.9,46,12,5.3,0,29.8,29.8,29.7,0
10/2/2020,68,59.3,49,56,48.8,42,93,71.4,40,15,5.4,0,30,29.9,29.8,0.16
10/3/2020,68,55.5,44,45,41.4,36,89,63.2,33,12,4.5,0,30.1,30.1,30,0
10/4/2020,68,56.6,43,52,45.4,41,93,69.8,40,9,3,0,30.1,30,29.9,0
10/5/2020,70,59.5,51,52,49.4,47,93,71.8,44,12,5.4,0,30,30,29.9,0.03
10/6/2020,74,59.8,46,52,49.3,44,93,71.1,41,13,3.6,0,30,29.9,29.8,0
10/7/2020,81,67,51,56,52.6,49,93,63.9,38,21,7,0,29.8,29.7,29.5,0
10/8/2020,71,61.3,51,52,44.3,40,78,56,33,16,7.4,0,30,29.9,29.7,0
10/9/2020,72,58.9,45,49,44.3,41,90,61.9,34,10,4.8,0,30.1,30,30,0
10/10/2020,74,64.5,55,63,57.3,50,87,78.1,64,9,4.5,0,30,29.9,29.8,0
10/11/2020,71,66.9,64,66,63,61,93,87.4,75,15,6.3,0,29.9,29.9,29.8,0
10/12/2020,64,59.9,58,62,57.5,55,94,91.7,86,21,15,6,29.9,29.8,29.8,1.15
10/13/2020,68,59.8,52,57,55.2,47,97,85,65,12,6.2,0,29.8,29.8,29.7,0.26
10/14/2020,74,59.7,45,52,46.4,42,93,65.3,35,13,5,0,29.9,29.9,29.8,0
10/15/2020,77,64.3,54,60,54.3,49,90,71.4,48,15,6,0,29.9,29.8,29.7,0
10/16/2020,66,57.2,51,59,48.8,42,93,73.8,62,10,5,0,30,29.9,29.8,0.07
10/17/2020,63,51.4,41,40,36.8,30,89,61.3,30,9,3.6,0,30.3,30.2,30,0.16
10/18/2020,65,54.8,39,52,44.4,36,93,70.3,45,12,3.7,0,30.3,30.2,30.1,0
10/19/2020,72,61.7,50,57,53.5,48,93,75.9,55,10,4.4,0,30.2,30.1,30.1,0
10/20/2020,74,62.7,54,61,57.9,52,96,85.2,62,10,2.9,0,30.1,30.1,30,0
10/21/2020,78,66,58,67,62.5,56,100,88.9,64,9,1.7,0,30.1,30.1,30,0
10/22/2020,78,65.6,60,67,62.2,58,100,89.4,68,7,1,0,30.1,30.1,30,0
10/23/2020,75,63.9,59,63,59.9,56,100,87.5,62,12,2.6,0,30.1,30,29.9,0
10/24/2020,77,64.9,58,61,56.9,41,97,77.1,53,10,4.5,0,29.9,29.8,29.8,0
10/25/2020,56,49.2,47,44,40.4,36,90,72.8,52,12,8.4,5,30.1,30,29.9,0.03
10/26/2020,65,54.7,48,56,51,44,97,87.7,73,6,2.8,0,30,30,29.9,0.06
10/27/2020,63,59.3,55,55,52.2,49,93,78.2,62,7,1.9,0,30.1,30,30,0
10/28/2020,70,64.1,60,61,58,54,90,80.7,71,10,5.2,0,30,29.9,29.8,0
10/29/2020,60,56,51,58,52.8,47,94,89,78,17,9.7,5,29.8,29.5,29.2,0.56
10/30/2020,51,48.7,45,47,43,38,93,81.2,61,13,7.4,0,30.2,29.7,29.4,1.84
10/31/2020,48,44.9,37,42,36.2,33,93,72,56,10,4.6,0,30.4,30.3,30.2,0.04
11/1/2020,58,50.7,41,53,42.5,19,93,75.8,38,29,8.3,0,30.2,29.8,29.6,0
11/2/2020,49,43.3,38,25,21.2,18,55,42.2,32,24,15,6,29.9,29.9,29.8,0.4
11/3/2020,62,49.5,39,36,26.4,17,86,43.9,29,25,11,0,30.2,30,29.9,0
11/4/2020,69,52.6,36,45,38,32,89,62.7,25,10,3.5,0,30.3,30.3,30.2,0
11/5/2020,70,52.4,39,50,42.1,35,100,73.9,28,9,2.5,0,30.3,30.2,30.2,0
11/6/2020,74,56.4,46,51,45.3,43,93,71.2,33,6,1.8,0,30.2,30.1,30.1,0
11/7/2020,76,58.4,41,49,44.8,39,93,65.5,32,7,1.9,0,30.2,30.1,30.1,0
11/8/2020,76.5,58.25,45,54,48.8,42.5,95,74.9,43,7.5,1.4,0,30.2,30.15,30.1,0
11/9/2020,77,58.1,49,59,52.8,46,97,84.3,54,8,0.9,0,30.2,30.2,30.1,0
11/10/2020,78,63.5,48,60,54.8,46,93,75.4,46,13,3.3,0,30.1,30,29.9,0
11/11/2020,70,68,59,68,65.5,57,96,91.4,86,10,3.5,0,29.9,29.8,29.7,0
11/12/2020,69,58.3,50,65,54.2,41,97,86.4,71,12,6,0,29.9,29.8,29.7,2.58
11/13/2020,61,51.1,41,47,42.7,35,93,74.4,48,10,3.8,0,29.9,29.9,29.8,0.17
11/14/2020,58,48.4,39,37,31.3,23,74,54.5,26,13,4.2,0,30.1,30,29.9,0
11/15/2020,67,56.3,40,61,45.9,34,82,69.1,44,28,11.1,0,30.1,29.8,29.5,0
11/16/2020,60,52.3,45,31,23.5,16,44,33.5,21,24,13,5,29.9,29.9,29.7,0.36
11/17/2020,57,44.9,36,30,24,19,60,44.5,35,26,12.6,0,30.2,29.9,29.8,0
11/18/2020,45,37.3,30,23,20.7,19,72,52.1,37,16,8.2,0,30.4,30.3,30.2,0
11/19/2020,53,41.5,27,28,25.1,21,81,55.2,34,12,4.6,0,30.5,30.4,30.2,0
11/20/2020,66,50.3,36,36,32.5,28,76,53.1,30,8,2.7,0,30.3,30.2,30.1,0
11/21/2020,67,56.9,43,47,41.6,36,80,57.7,42,8,3,0,30.2,30.2,30.1,0
11/22/2020,57,53.6,50,52,42.3,36,87,66.3,54,14,7.8,0,30.2,30.1,29.9,0
11/23/2020,59,51.7,40,56,38.5,27,90,62.7,38,25,13.4,5,30.1,29.9,29.8,0.01
11/24/2020,52,44.1,34,32,27.2,24,73,52.8,35,7,3.6,0,30.2,30.2,30.1,0
11/25/2020,57,50.7,44,48,38.8,32,86,64.8,44,12,5.5,0,30.2,30.1,29.9,0
11/26/2020,68,58.9,51,58,51.2,43,93,77,50,14,5,0,29.9,29.9,29.8,0.09
11/27/2020,60,54.8,50,47,45,44,83,70,57,5,0.8,0,30,29.9,29.8,0
11/28/2020,59,50.1,38,43,35.4,28,86,59.4,37,21,5.9,0,30,29.9,29.8,0
11/29/2020,58,45.1,32,40,31,26,85,60.8,33,9,2.8,0,30.1,30,29.9,0
11/30/2020,63,58.1,48,61,54.5,37,96,88.3,61,18,7.7,0,29.8,29.3,29.2,0.4
12/1/2020,47,42.7,39,36,27.2,20,73,55.2,43,26,14,5,29.8,29.5,29.4,2.34
12/2/2020,48,41.2,33,27,22.6,20,59,48,37,21,11.9,6,30.1,29.9,29.8,0
12/3/2020,55,43.3,30,30,21.6,19,69,44.7,24,8,3.5,0,30.1,30.1,30,0
12/4/2020,51,47.7,45,44,35.5,25,93,65.2,39,7,2.9,0,30,29.9,29.7,0
12/5/2020,49,45.2,40,44,34.9,21,93,69.8,43,18,10.5,3,29.8,29.6,29.6,0.9
12/6/2020,45,39.1,31,25,22.5,21,67,52.2,40,17,11.6,7,29.8,29.8,29.7,0
12/7/2020,41,33.9,28,23,20.6,18,78,58.8,45,10,5.5,0,29.8,29.7,29.6,0
12/8/2020,46,37.4,31,22,19.5,16,64,49.8,33,20,11.1,5,29.8,29.7,29.6,0
12/9/2020,44,35.3,30,25,22.2,19,79,59.9,43,9,4.6,0,29.8,29.7,29.6,0
12/10/2020,53,38.9,28,34,29.2,23,88,70.3,47,7,2.2,0,30.1,30,29.8,0
12/11/2020,62,43.8,30,41,35.3,27,89,74.6,42,7,1.8,0,30.1,30,29.9,0
12/12/2020,64,48.1,36,51,42.4,33,97,82.7,50,10,2.5,0,29.9,29.9,29.8,0
12/13/2020,65,53.5,40,48,41,33,90,64.2,45,15,5.1,0,29.9,29.8,29.8,0
12/14/2020,44,39.7,35,38,33.5,22,93,79.2,59,16,7.5,0,30,29.8,29.7,0.05
12/15/2020,41,34.9,28,22,20,19,72,55.7,41,7,4.6,0,30.2,30.1,30,1.12
12/16/2020,35,32.3,30,33,26.3,17,92,79.3,57,22,13.3,7,30.2,29.9,29.5,0
12/17/2020,39,31.8,25,27,23.8,19,85,72.9,57,20,7.6,0,30,29.8,29.6,1.44
12/18/2020,36,32.3,26,26,23.4,20,78,70.1,64,7,4.1,0,30.3,30.1,30,0
12/19/2020,36,29.7,23,26,21.4,18,82,71.8,56,6,1.7,0,30.3,30.2,30.1,0
12/20/2020,45,38.4,33,35,31.8,26,92,77.6,63,9,2.2,0,30.1,29.9,29.8,0
12/21/2020,49,41.2,37,39,35.7,34,89,81.4,56,7,2.5,0,29.8,29.7,29.6,0
12/22/2020,49,43.1,37,39,31.3,28,86,64.4,50,23,11.3,3,30.1,29.8,29.6,0.03
12/23/2020,48,39.5,27,39,29.5,23,86,69.2,46,9,3.8,0,30.3,30.2,30.1,0
12/24/2020,61,55.3,42,59,50.6,38,93,84.2,69,18,10.4,0,30.1,29.6,29.2,0
12/25/2020,60,39.3,24,57,31.2,7,93,73.7,47,18,13.6,5,29.8,29.4,29.2,1.04
12/26/2020,33,28.5,23,15,9.8,6,58,45.8,38,15,9.6,6,30,29.9,29.8,0
12/27/2020,41,32.1,24,24,19,15,79,59.5,40,9,2.9,0,30.2,30.1,30,0
12/28/2020,56,42.7,29,32,28.3,24,85,58.8,37,12,5,0,30.1,30,29.9,0
12/29/2020,42,36.9,27,26,16.4,9,66,45,28,16,8.2,0,30.4,30.3,30.1,0
12/30/2020,48,39.2,28,39,22.1,16,72,51.8,32,12,5.6,0,30.4,30.2,29.9,0
12/31/2020,53,46.4,37,43,35.9,27,80,67.4,50,14,8.2,3,30.3,30,29.8,0
1/1/2021,39,36,31,37,30,23,97,79.9,59,14,6.5,0,30.4,30.1,29.8,0
1/2/2021,56,44.4,38,43,37.1,32,97,77.6,53,23,7.5,0,29.9,29.8,29.6,1.03
1/3/2021,41,39.2,36,38,35.6,32,93,87.3,73,12,6.4,0,29.9,29.8,29.7,0.11
1/4/2021,47,40.3,31,35,33.1,29,92,76.5,61,8,3.1,0,29.9,29.8,29.8,0.09
1/5/2021,44,40.2,38,36,33.7,31,86,78.1,68,8,3.1,0,29.8,29.8,29.7,0
1/6/2021,42,39.6,38,31,27.3,25,73,61.7,53,17,9.7,5,30,29.9,29.9,0
1/7/2021,47,38.7,32,26,23.6,22,67,55.5,41,10,5.9,0,30.1,30,30,0
1/8/2021,37,33.2,30,24,22.7,21,75,65.2,57,7,3.8,0,30,29.8,29.7,0
1/9/2021,46,37,29,23,16,8,61,44.4,24,17,10.2,5,29.9,29.8,29.7,0
1/10/2021,50,37.1,27,24,20.6,18,75,53.9,31,14,5,0,30.2,30.1,29.9,0
1/11/2021,45,33.6,25,32,24.5,20,89,70.5,48,3,1.3,0,30.2,30.1,30,0
1/12/2021,48,34.7,24,28,22.5,21,88,64.3,36,9,2.6,0,30,30,29.9,0
1/13/2021,51,36.2,24,32,24.8,20,88,66.6,35,8,2.4,0,29.9,29.9,29.7,0
1/14/2021,54,38.6,28,33,27.2,25,92,67.5,34,7,1.6,0,29.7,29.7,29.6,0
1/15/2021,50,43,32,43,36.1,26,93,77.6,61,15,6.2,0,29.7,29.6,29.5,0
1/16/2021,47,41,35,43,30.3,22,93,68,42,15,8.2,0,29.5,29.4,29.3,0.27
1/17/2021,48,41.1,34,28,24.8,21,60,52.8,42,14,8.5,3,29.6,29.6,29.5,0
1/18/2021,44,38.2,32,27,22.9,20,73,55.4,40,20,9.5,3,29.9,29.7,29.6,0
1/19/2021,50,39.1,30,23,19.6,15,64,47.3,25,18,7.2,0,30,30,29.9,0
1/20/2021,45,36.3,24,31,19,12,70,51.1,31,25,10.4,0,29.9,29.9,29.8,0.01
1/21/2021,52,37.5,20,24,19.9,14,78,51.5,31,15,6,0,29.9,29.6,29.5,0
1/22/2021,49,40.6,36,27,20.5,17,60,45.5,32,20,7.5,0,29.8,29.7,29.6,0
1/23/2021,38,31.3,24,19,8.7,3,53,39.6,28,18,12.8,7,30.1,30,29.8,0
1/24/2021,38,31.1,23,17,12.3,9,60,46.4,35,10,6.5,0,30.2,30.1,30,0
1/25/2021,36,33.5,30,28,21.1,14,89,63.5,42,12,6.1,0,30,29.9,29.9,0
1/26/2021,36,33.2,32,34,30.4,28,96,89.4,87,10,6,0,29.9,29.8,29.7,0.12
1/27/2021,44,37.9,35,34,28.7,21,93,71.6,47,12,6.8,3,30,29.9,29.7,0.04
1/28/2021,37,31.3,26,21,11,5,59,43.6,31,23,14.6,8,30.1,30,29.9,0
1/29/2021,32,28.2,24,11,7,3,49,41.3,31,23,14,7,30.1,30.1,30.1,0
1/30/2021,39,30.1,20,16,10.8,8,65,46,29,12,5.3,0,30.2,30.2,30.1,0
1/31/2021,32,30.1,28,28,25.1,15,93,82.6,52,16,8.4,0,30.1,30,29.8,0
2/1/2021,33,31.8,29,29,28.2,26,92,86.5,85,14,8.7,6,29.7,29.6,29.5,0.55
2/2/2021,36,32.8,30,28,25.9,20,85,76,64,20,12.6,8,29.5,29.4,29.4,0.23
2/3/2021,41,34.9,31,26,23.4,20,75,63.4,49,18,13.9,6,29.7,29.5,29.4,0
2/4/2021,46,36.3,27,20,16.1,14,58,45.1,30,15,7.6,0,29.9,29.8,29.7,0
2/5/2021,55,42.4,35,35,27.7,18,83,58.2,35,20,8,0,29.7,29.6,29.5,0.1
2/6/2021,48,40.3,28,25,21,18,66,47,34,17,5.7,0,30,29.9,29.7,0
2/7/2021,42,36.3,27,36,28.9,11,92,76.2,45,14,6,0,30.1,29.8,29.7,0.13
2/8/2021,37,29,22,17,10.5,4,63,47.1,32,9,4.2,0,30.3,30.2,30.1,0.29
2/9/2021,50,38.2,27,32,26.1,18,76,62.6,46,12,4.8,0,30.2,30,29.9,0
2/10/2021,42,34.6,30,31,27,23,92,75.3,51,13,3.3,0,30.2,30.1,30.1,0
2/11/2021,33,32.5,31,31,27.4,20,92,81.5,64,9,6.8,0,30.2,30.1,30,0.46
2/12/2021,31,29.1,27,20,17,12,66,60.6,53,12,6.1,0,30.2,30.1,30.1,0.03
2/13/2021,31,28.9,27,25,19.9,11,86,70.5,45,10,7.9,5,30.1,30.1,30,0
2/14/2021,37,31.8,28,30,26.6,24,92,81.7,65,7,4.5,0,30.1,30.1,30,0.34
2/15/2021,39,36,35,34,30.3,26,93,80.1,67,13,6.9,3,30.1,29.9,29.7,0.02
2/16/2021,48,37.5,28,39,30.7,12,100,78.7,48,22,8.9,0,30,29.6,29.5,0.84
2/17/2021,36,29.3,24,12,9.5,7,55,44,30,12,7.5,0,30.3,30.2,30,0
2/18/2021,31,28.4,27,27,22.4,9,92,79.4,43,16,8,0,30.3,30.2,30,0.08
2/19/2021,37,32.2,29,31,27.1,18,89,81.9,59,13,7,3,30,30,29.9,0.45
2/20/2021,32,28.6,24,17,10.9,7,58,48.1,38,24,14,9,30.3,30.1,30,0.05
2/21/2021,39,30,20,17,12.8,10,68,50.5,32,9,5.6,0,30.5,30.4,30.3,0
2/22/2021,37,33,31,34,27.2,15,92,80.4,48,10,4.9,0,30.2,29.9,29.6,0
2/23/2021,55,44.4,35,35,29.4,27,78,56.8,43,23,11.3,0,29.8,29.6,29.5,0.44
2/24/2021,63,46.6,30,35,29,24,82,54.3,23,15,5.6,0,29.9,29.8,29.6,0
2/25/2021,55,46.6,33,36,22.3,14,64,40.3,22,17,9.1,0,30.1,30,29.7,0
2/26/2021,49,41.1,35,34,24.3,14,89,56.1,27,13,5.9,0,30.3,30.2,30.1,0
2/27/2021,53,42.8,37,43,38.3,34,96,84.9,69,15,5.2,0,30.2,30,29.9,0.32
2/28/2021,46,43.9,43,43,41.6,40,97,92,85,16,5.8,0,30.1,29.9,29.7,0.08
3/1/2021,51,45.5,38,48,36.9,18,96,75.6,36,25,9.2,0,29.9,29.7,29.5,1.07
3/2/2021,44,35.7,29,17,10.2,7,48,35.7,24,16,8.5,0,30.1,30.1,29.9,0.07
3/3/2021,59,43.6,26,24,20,14,71,42.3,22,13,5.7,0,29.9,29.8,29.7,0
3/4/2021,53,44.5,32,27,22.6,15,55,42.6,30,24,13.7,6,29.9,29.8,29.7,0
3/5/2021,42,33.5,26,13,9.8,3,49,38.2,26,23,13.9,5,29.9,29.9,29.8,0
3/6/2021,46,36.6,28,16,14.8,13,58,42,29,18,9,0,30.1,30,29.9,0
3/7/2021,47,35,25,17,12.5,8,69,43.1,22,13,5.4,0,30.3,30.2,30.1,0
3/8/2021,54,39.1,22,18,12.7,4,75,39.3,15,10,3.7,0,30.4,30.3,30.3,0
3/9/2021,71,54.5,35,34,25.5,13,54,33.9,23,17,6.6,0,30.3,30.2,30.1,0
3/10/2021,69,55,46,35,31.9,27,61,43.3,22,10,6.3,0,30.3,30.2,30.1,0
3/11/2021,79,61.8,39,39,34.1,31,79,41.9,17,14,6.1,0,30.1,30.1,29.9,0
3/12/2021,70,62.8,56,52,39.1,22,65,43.2,25,18,9.7,0,30,30,29.9,0
3/13/2021,57,49.5,40,22,13.6,6,45,25,15,14,6.9,0,30.2,30.1,30,0
3/14/2021,63,50.7,38,25,16.2,4,43,27,13,26,14.7,5,30.1,29.9,29.8,0
3/15/2021,47,39,30,12,3.8,-1,32,24,14,14,7,0,30.3,30.2,30.1,0
3/16/2021,44,40.7,0,39,26.8,0,93,57.3,0,12,6.2,0,30.1,30,30,0
3/17/2021,50,44.3,40,41,38.8,37,93,81.4,68,7,4.3,0,30,30,29.9,0
3/18/2021,52,48.9,46,50,46.2,42,96,90.7,83,17,5.5,0,29.9,29.7,29.5,0.13
3/19/2021,50,44.1,39,43,20,10,86,42.3,21,21,11.7,3,30.3,30,29.6,0.43
3/20/2021,57,43.6,28,25,16.5,12,63,36.1,20,8,4.3,0,30.5,30.4,30.3,0
3/21/2021,63,48.1,28,27,22.7,17,78,42.6,18,12,4,0,30.4,30.3,30.3,0
3/22/2021,62,49.4,31,38,31.4,23,79,52.4,29,12,4.4,0,30.3,30.2,30.1,0
3/23/2021,67,54.8,41,50,41.3,32,83,61.9,42,15,7.4,0,30.1,30.1,30,0
3/24/2021,59,56,53,57,53.9,50,97,92.7,86,12,6.1,0,30,29.9,29.8,0.15
3/25/2021,64,58.2,56,57,55.2,54,97,89.8,75,8,2.9,0,29.9,29.9,29.8,1.4
3/26/2021,83,70,57,63,51.9,41,93,57.6,23,24,13.4,0,29.9,29.7,29.6,0
3/27/2021,72,60.8,49,47,42,0,80,53.1,0,15,5.7,0,30,29.9,29.9,0
3/28/2021,72,59.3,50,63,52.5,29,97,79.5,42,37,10.6,0,29.8,29.6,29.4,0.2
3/29/2021,59,50,41,30,28.1,25,62,44,28,28,13,0,30.1,30,29.7,0.49
3/30/2021,66,52.7,35,44,36.6,30,82,57.4,29,15,6.9,0,30.2,30.1,30.1,0
3/31/2021,67,60.8,54,61,56.4,46,93,85.6,70,13,4.4,0,30,29.8,29.7,0
4/1/2021,60,45.3,34,58,36.5,18,93,72.6,44,22,12.4,3,30,29.8,29.7,0.98
4/2/2021,46,37.8,31,19,12.8,8,59,37.8,23,18,12.3,7,30.2,30.1,30,0.01
4/3/2021,55,42.8,30,25,15.1,11,54,34.6,20,12,4.5,0,30.3,30.2,30.1,0
4/4/2021,71,57.3,42,34,28.2,23,55,34.7,21,16,7.5,0,30.1,29.9,29.8,0
4/5/2021,72,60.1,45,38,30.9,27,56,35.3,20,15,7.3,0,30,29.9,29.8,0
4/6/2021,75,64.1,55,43,35.2,31,46,34.7,25,13,5.2,0,29.9,29.8,29.8,0
4/7/2021,78,63.7,49,47,42.3,36,74,47.2,33,10,4.5,0,29.9,29.8,29.7,0
4/8/2021,71,60.8,52,47,43.5,39,69,54.2,38,17,9,3,29.9,29.9,29.8,0
4/9/2021,58,55.3,52,53,50.1,43,89,82.9,64,20,8.4,0,30,29.9,29.9,0.21
4/10/2021,69,58.7,53,56,53.5,51,96,83.8,63,9,5.3,0,29.9,29.8,29.6,0.18
4/11/2021,78,65,59,61,56.5,48,93,76.8,35,16,8.9,3,29.5,29.4,29.3,0.48
4/12/2021,61,54.9,50,56,49,44,87,80.8,69,14,9.1,5,29.8,29.6,29.4,0.17
4/13/2021,66,55.6,50,47,45.4,44,86,70,48,8,3.5,0,29.9,29.9,29.8,0.01
4/14/2021,64,56.7,49,55,51.4,45,93,83,60,9,4,0,29.9,29.9,29.7,0
4/15/2021,66,56.6,47,54,45.8,29,94,71.2,36,20,6.3,0,29.7,29.6,29.5,0.21
4/16/2021,58,50.7,40,37,32.9,29,68,51,41,24,12.7,3,29.7,29.6,29.6,0
4/17/2021,58,51.2,39,39,36.5,34,82,58.1,47,12,5.4,0,29.7,29.7,29.6,0
4/18/2021,67,54.6,41,40,37.4,35,82,55.1,33,9,4.4,0,29.8,29.7,29.7,0
4/19/2021,62,54.8,47,47,43.3,39,83,66,50,12,3.5,0,29.8,29.7,29.7,0
4/20/2021,76,62.4,46,48,43.4,36,89,54.6,24,15,7.8,3,29.8,29.7,29.7,0
4/21/2021,68,55.4,40,48,35.2,19,60,47,35,29,13.6,5,29.8,29.6,29.5,0
4/22/2021,52,43.4,35,25,20.1,15,62,41,26,23,11.9,0,29.9,29.8,29.8,0
4/23/2021,63,50.3,35,33,28,23,70,44.9,28,18,8.9,0,30,29.9,29.9,0
4/24/2021,66,54,38,48,35.6,31,89,54.3,27,9,4.6,0,29.9,29.8,29.6,0
4/25/2021,67,55.3,50,49,45.5,35,93,72.7,39,18,9.4,6,29.8,29.6,29.5,0.63
4/26/2021,67,55.3,44,36,26.9,19,59,36.5,18,16,9,0,30,29.9,29.8,0
4/27/2021,85,67.3,45,53,45.8,36,76,49.6,28,15,4.9,0,29.9,29.8,29.7,0
4/28/2021,88,76.8,63,59,55.7,53,75,50.1,31,17,7.6,0,29.8,29.7,29.6,0
4/29/2021,84,76.8,68,65,61.7,59,84,60.8,44,15,7.8,0,29.7,29.5,29.4,0.01
4/30/2021,71,63,51,61,40,14,78,45,23,32,21.2,12,29.7,29.5,29.4,0.02
5/1/2021,68,56.9,45,32,24,18,42,29.3,19,18,10.6,0,29.9,29.8,29.7,0
5/2/2021,87,71.7,54,47,41.6,31,49,34.8,24,15,8.9,0,29.7,29.7,29.6,0
5/3/2021,75,70.6,65,65,58.4,49,84,66.2,49,13,6.6,0,29.7,29.6,29.5,0
5/4/2021,86,73.7,66,68,63.9,61,90,73.6,43,13,7.8,3,29.6,29.6,29.5,0.02
5/5/2021,78,66.6,57,69,59.1,36,96,78.9,45,18,6.1,0,29.8,29.6,29.5,0.07
5/6/2021,65,57,45,42,36.1,31,74,46.7,33,15,6.8,0,29.9,29.8,29.8,0.25
5/7/2021,65,53.7,43,48,43.1,37,93,71,36,15,6.2,0,29.8,29.7,29.7,0
5/8/2021,59,49.3,42,45,39.4,0,93,71.3,0,20,9,3,29.9,29.8,29.7,0.21
5/9/2021,64,54.6,43,56,42.8,35,86,65.9,41,13,5,0,30,29.8,29.6,0.24
5/10/2021,66,59.3,50,56,43.3,36,90,57.2,38,15,7.8,0,29.9,29.8,29.5,0.01
5/11/2021,68,58.9,48,43,37.5,30,77,46.9,33,17,6.8,0,30,29.9,29.9,0
5/12/2021,69,56.8,43,41,33.3,25,74,42.7,28,13,6.6,3,30.1,30.1,30,0
5/13/2021,73,59.2,42,40,33.5,27,80,43.5,21,10,4.1,0,30.1,30.1,30,0
5/14/2021,74,61.5,46,43,36.4,29,77,44.2,21,10,2.8,0,30.1,30.1,30,0
5/15/2021,78,64.9,45,45,36.5,30,82,40.8,17,10,4,0,30.1,30.1,30,0
5/16/2021,76,60,49,53,47.2,41,93,66.5,30,23,4.8,0,30.1,30.1,30.1,0
5/17/2021,75,62.9,50,53,48.6,44,96,64,33,9,2.3,0,30.2,30.1,30.1,0.14
5/18/2021,81,66.7,49,51,47.1,44,93,54.2,28,8,3.3,0,30.2,30.2,30.1,0
5/19/2021,88,73.5,56,56,49.8,45,72,46.3,25,8,4.8,0,30.2,30.2,30.1,0
5/20/2021,86,74.3,62,57,51.9,45,68,47,35,16,7.3,0,30.3,30.2,30.2,0
5/21/2021,86,70.8,52,51,47,41,86,46.5,27,9,2.2,0,30.4,30.3,30.2,0
5/22/2021,91,78.1,59,60,54.3,49,72,45.5,28,14,8,3,30.2,30.1,29.9,0
5/23/2021,95,82.8,71,62,58,53,55,43.6,31,16,9.1,3,29.9,29.9,29.8,0
5/24/2021,80,65.6,57,63,55.4,49,90,70.7,54,15,10,5,30.2,30.1,29.9,0.01
5/25/2021,77,65.2,57,62,56.3,51,87,73.8,58,12,5,0,30.1,30.1,30,0.23
5/26/2021,93,74.8,65,71,66.6,62,94,77.4,42,24,6.8,0,30,29.8,29.7,0.01
5/27/2021,85,75.5,66,66,59.6,53,90,61,36,12,5,0,29.9,29.8,29.8,0
5/28/2021,74,66.9,57,60,55.5,46,90,68.3,47,21,12.6,0,29.8,29.7,29.6,0
5/29/2021,56,52.3,51,52,48.4,46,93,86.7,77,18,12.7,7,29.9,29.8,29.6,1.33
5/30/2021,56,52.4,49,49,46.5,45,90,80.5,72,12,7,0,30.1,30,29.9,0.25
5/31/2021,76,62.8,49,51,46.8,43,86,60.3,32,10,4.8,0,30.1,30.1,30.1,0.02
6/1/2021,78,66.8,52,58,53.8,49,89,65.1,43,10,4.8,0,30.1,30.1,30,0
6/2/2021,80,70.8,62,62,57.9,55,81,65,48,13,5.6,0,30.1,30,30,0
6/3/2021,85,72.2,67,69,65.5,62,93,80.3,53,12,5.4,0,29.9,29.8,29.8,0.01
6/4/2021,86,75.7,68,67,64.1,57,87,69.2,43,13,6,0,29.8,29.8,29.7,0.02
6/5/2021,93,80.4,63,64,61.3,57,87,55.2,30,13,6.1,0,29.9,29.8,29.8,0
6/6/2021,95,82.5,71,71,65.8,62,76,58.5,33,10,5.2,0,29.9,29.9,29.8,0
6/7/2021,94,83.3,74,72,69.5,66,85,64.7,40,12,5.3,0,29.9,29.9,29.9,0
6/8/2021,90,81.2,76,74,71.9,71,85,73.9,54,8,4.5,0,29.9,29.9,29.9,0
6/9/2021,89,80.3,73,72,70.9,69,93,73.8,53,10,4.2,0,29.9,29.9,29.8,0
6/10/2021,89,71.7,0,72,64.1,0,87,71.9,0,14,6.9,0,29.8,27.8,0,0.01
6/11/2021,70,63.5,0,66,60.4,0,93,83.3,0,16,12.6,9,29.8,27.7,0,0.25
6/12/2021,77,69,64,62,60.1,55,90,74.7,46,10,6.1,0,29.7,29.7,29.6,0.88
6/13/2021,80,74,66,68,63,59,84,68.7,56,9,4.7,0,29.8,29.7,29.7,0
6/14/2021,89,74.8,66,69,63.4,58,90,69.5,42,23,5.6,0,29.7,29.6,29.6,0.01
6/15/2021,82,72.4,64,64,58.5,53,93,64.8,41,14,7.6,0,29.7,29.6,29.6,0.7
6/16/2021,80,71,62,55,49.2,42,75,48.4,28,13,5.8,0,29.8,29.7,29.7,0
6/17/2021,80,69.6,59,49,43.4,39,62,40.7,25,10,5.6,0,29.9,29.9,29.8,0
6/18/2021,86,73.6,56,65,53.3,48,75,52,31,13,6.5,0,29.9,29.8,29.7,0
6/19/2021,85,78,74,68,64,60,79,62.2,54,15,6.1,0,29.7,29.7,29.6,0
6/20/2021,92,81.1,69,72,68.7,66,90,67.6,42,13,4.2,0,29.7,29.6,29.6,0
6/21/2021,93,79.2,73,73,70.7,65,91,76.7,45,25,6.9,0,29.6,29.6,29.4,0
6/22/2021,74,68.1,57,70,63,54,93,84.1,63,10,4.8,0,29.9,29.6,29.5,0.4
6/23/2021,77,65.4,51,53,47,42,89,55.8,31,9,4.2,0,30.1,30,29.9,0.36
6/24/2021,78,68.2,54,56,50.9,47,90,57.2,36,13,5.3,0,30.2,30.1,30.1,0
6/25/2021,80,70.3,55,67,56.7,52,89,64.3,42,10,4.5,0,30.2,30.1,30.1,0
6/26/2021,88,79,73,72,70,67,87,74.8,49,14,6.4,0,30.1,30,30,0.01
6/27/2021,92,81.7,73,73,70.9,69,87,70.9,50,12,7.6,3,30,30,30,0
6/28/2021,94,83.6,75,74,70.9,69,84,66.7,47,12,6.7,0,30.1,30.1,30,0
6/29/2021,97,85.8,75,72,69.8,66,87,61.3,36,10,5.8,0,30.1,30,30,0
6/30/2021,98,85.3,75,72,69.1,67,84,60.6,37,22,6.2,0,30,29.9,29.8,0
7/1/2021,85,76.3,71,73,70.4,68,93,82.5,65,18,5.4,0,29.8,29.7,29.6,0.1
7/2/2021,82,74,67,69,63,50,93,71.2,36,16,7.3,0,29.6,29.6,29.6,1.36
7/3/2021,80,70.4,60,63,57.1,53,87,63.9,47,12,7,0,29.7,29.6,29.6,0.01
7/4/2021,84,73.5,61,64,61.1,58,93,67.5,44,9,5.4,0,29.8,29.7,29.7,0.06
7/5/2021,90,78.8,64,69,64.9,61,90,65,42,9,4.1,0,29.9,29.9,29.8,0
7/6/2021,96,84.8,73,72,69.3,66,82,61.1,44,13,6.9,0,29.9,29.9,29.8,0
7/7/2021,96,84.7,75,75,70.3,65,76,62.8,43,22,6.2,0,29.8,29.8,29.7,0
7/8/2021,89,79.2,73,73,70,66,87,74.1,55,24,5.5,0,29.8,29.8,29.7,0.06
7/9/2021,91,77.3,71,71,68.6,67,87,75.3,50,12,7.8,0,29.8,29.7,29.6,0.36
7/10/2021,85,76.9,69,68,62,59,84,60.9,44,10,5.5,0,29.9,29.8,29.8,0
7/11/2021,89,81.5,73,75,70.4,64,82,69.5,57,14,6,0,29.9,29.9,29.8,0
7/12/2021,95,84.6,77,75,73.3,72,85,69.8,49,13,6.3,0,30,29.9,29.9,0
7/13/2021,95,85.9,76,74,71.6,67,91,64.3,43,12,5.4,0,30,30,29.9,0
7/14/2021,94,84.2,75,72,69,64,85,62.3,37,13,6.7,0,30,30,29.9,0
7/15/2021,94,82.9,71,74,69.8,66,90,66.7,40,9,3.2,0,30,29.9,29.8,0
7/16/2021,98,86.7,76,72,68.3,62,79,56.7,32,10,4.8,0,29.9,29.9,29.8,0
7/17/2021,97,81.5,74,77,72.2,68,90,74.8,44,15,5.6,0,29.9,29.8,29.8,0
7/18/2021,82,76.5,73,70,63.8,60,87,65.7,49,21,9.8,0,29.9,29.9,29.8,0.14
7/19/2021,89,79.3,68,66,63.5,62,81,60.3,42,9,4.6,0,29.9,29.9,29.8,0
7/20/2021,93,81.8,70,67,65.4,63,87,60.2,38,9,3.3,0,29.8,29.8,29.7,0
7/21/2021,92,79.9,72,68,65.4,61,81,62.7,39,15,7.2,3,29.9,29.7,29.7,0
7/22/2021,84,73.6,61,63,55.1,50,87,56.6,32,10,5.4,0,30,29.9,29.9,0.08
7/23/2021,88,74.8,63,58,54.5,48,81,53,27,9,3.3,0,30,30,29.9,0
7/24/2021,88,76,62,64,58.8,55,81,57.8,37,13,5.3,0,30,29.9,29.9,0
7/25/2021,92,82.2,74,72,67.7,62,71,61.9,47,13,7.1,5,29.8,29.8,29.7,0
7/26/2021,96,82.7,73,74,69.8,59,91,68.4,30,10,4.4,0,29.8,29.8,29.7,0
7/27/2021,97,83,70,70,63.6,56,93,57.4,27,13,4,0,29.8,29.8,29.8,0.04
7/28/2021,92,82.3,72,68,63.8,61,73,54.7,37,12,6.1,0,29.8,29.8,29.8,0
7/29/2021,89,78.2,73,73,69.6,67,90,75.7,51,25,7,0,29.8,29.7,29.6,0
7/30/2021,90,81,73,71,63,55,91,58,32,15,7.3,0,29.8,29.7,29.6,1.38
7/31/2021,83,74,68,61,56.1,53,66,54.1,39,10,5.5,0,29.9,29.8,29.8,0
8/1/2021,77,71.9,68,70,67.3,62,93,85.3,71,16,4,0,29.8,29.7,29.6,0.01
8/2/2021,83,71.3,61,64,58.2,54,93,66.8,38,9,5,0,29.9,29.9,29.7,1.35
8/3/2021,81,72.2,62,61,58.8,56,90,64.8,43,8,3.8,0,30,29.9,29.9,0
8/4/2021,81,72.6,64,62,58.2,53,90,63,38,14,6,0,30,29.9,29.9,0
8/5/2021,88,75,60,62,58.4,54,90,60.3,33,8,2.9,0,30,29.9,29.9,0
8/6/2021,90,80,68,67,63.6,62,84,59.4,39,10,4.9,0,30,30,29.9,0
8/7/2021,80,73.2,66,69,64.4,62,90,74,60,10,4.5,0,30,29.9,29.9,0
8/8/2021,88,76.9,68,67,64.7,63,87,67.7,45,10,4.5,0,29.9,29.9,29.9,0
8/9/2021,90,78.5,71,74,70.3,67,90,76.6,57,13,4.3,0,30,29.9,29.9,0
8/10/2021,95,80.9,74,74,71.7,69,91,75,47,21,5.9,0,30,29.9,29.9,0.01
8/11/2021,97,81,72,76,71.3,68,93,74.7,41,20,4.8,0,29.9,29.9,29.8,0.07
8/12/2021,98,85.4,74,76,72.5,70,91,67.7,41,9,4.5,0,29.9,29.9,29.8,0.42
8/13/2021,96,83.1,74,77,71.8,66,93,71.4,46,20,6.6,0,29.9,29.9,29.8,0.01
8/14/2021,92,82.9,74,72,70.6,69,91,68.4,52,10,5.5,0,30,29.9,29.9,0.25
8/15/2021,83,78,73,72,60.7,56,85,56.2,42,14,7.2,0,30.1,30,30,0
8/16/2021,84,78,75,73,69,64,94,74.6,61,12,6.4,0,30,30,29.9,0
8/17/2021,87,79.2,72,76,73.2,69,94,82.5,67,10,5.1,0,30,30,29.9,0.13
8/18/2021,86,81.4,78,79,75.7,73,93,83,67,17,8.4,5,30,29.9,29.8,0.02
8/19/2021,92,83.9,77,76,70.3,69,87,64.8,47,14,8.1,0,29.9,29.8,29.8,0.06
8/20/2021,83,76.1,71,72,69.6,66,94,80.9,60,12,5.3,0,29.8,29.8,29.7,0.62
8/21/2021,86,78.5,70,72,69,67,90,73.8,55,10,4.1,0,29.8,29.7,29.7,0.67
8/22/2021,80,76.3,72,71,70.1,68,91,81.4,71,8,3.6,0,29.8,29.7,29.7,0
8/23/2021,91,82.3,73,72,70.1,67,90,67.9,52,14,7.3,0,29.7,29.7,29.7,0.02
8/24/2021,93,83.5,74,71,69.1,64,87,64,38,7,3.8,0,29.9,29.8,29.7,0
8/25/2021,94,82.8,72,75,71.1,69,91,69.6,44,9,3.4,0,30,29.9,29.9,0
8/26/2021,93,82.9,75,75,71,66,87,68.1,51,12,3,0,30,29.9,29.9,0
8/27/2021,94,82.7,74,73,71,68,87,68.8,50,13,2.9,0,30,29.9,29.9,0
8/28/2021,89,80.3,74,74,71.6,68,91,75.4,57,16,7.5,0,30.1,30,29.9,0
8/29/2021,83,76.8,71,70,68.1,67,87,75,60,9,4.9,0,30.1,30,29.9,0
8/30/2021,94,79.8,72,75,70.8,68,94,75.9,47,16,5,0,29.9,29.8,29.6,0
8/31/2021,85,78.8,73,71,69.1,66,87,73.1,55,6,2.6,0,29.7,29.6,29.6,0.69
9/1/2021,84,76,68,76,72.1,60,94,87.8,72,16,8.2,0,29.6,29.4,29.3,2.02
9/2/2021,80,69.8,59,60,52.7,46,83,57.6,32,14,8.3,0,29.9,29.7,29.5,2.11
9/3/2021,78,68.1,56,55,52.8,49,84,59.8,45,8,4.2,0,29.9,29.9,29.9,0
9/4/2021,80,69.5,58,61,56.5,52,90,65.5,43,8,3,0,29.9,29.9,29.8,0
9/5/2021,75,71.6,67,71,65.5,62,91,81.3,68,7,2.7,0,29.8,29.7,29.6,0
9/6/2021,84,75.6,66,70,61.7,55,93,65.5,38,16,7.3,0,29.8,29.7,29.7,0.07
9/7/2021,87,75,61,62,58.4,56,87,59,35,10,4.3,0,29.9,29.8,29.7,0
9/8/2021,88,77.6,66,71,66,60,84,68.5,46,12,6.3,3,29.8,29.7,29.6,0
9/9/2021,79,70.9,61,70,64.7,58,93,81.6,54,14,5,0,29.7,29.6,29.6,0.39
9/10/2021,77,66.8,59,57,53.4,50,87,64.7,39,16,7.5,0,30,29.8,29.7,0.08
9/11/2021,80,68.5,54,59,54.8,51,90,64.8,39,12,5.1,0,30.1,30,30,0
9/12/2021,87,75.2,63,66,61.6,58,84,64.9,40,13,5.6,0,30,30,29.9,0
9/13/2021,88,79.1,71,69,67.5,66,85,68.8,53,16,6.7,0,29.9,29.9,29.9,0
9/14/2021,88,79.2,69,72,68.8,66,90,71.7,49,10,3.7,0,29.9,29.9,29.8,0
9/15/2021,90,80.4,72,72,67.3,63,87,66.6,42,14,6.4,0,29.9,29.8,29.7,0
9/16/2021,83,75.9,72,72,69.2,65,91,80.3,67,18,9,3,30,30,29.9,0
9/17/2021,81,75.1,73,71,69.6,68,91,83.5,65,10,7.1,0,30.1,30,29.9,0.38
9/18/2021,88,75.8,68,70,68.2,66,93,78.8,51,5,1.8,0,30,29.9,29.9,0.01
9/19/2021,83,73.4,64,68,59,49,90,63.5,31,9,4.3,0,30.1,30,29.9,0
9/20/2021,78,68.6,58,62,57.8,55,93,70.3,48,13,5.8,0,30.2,30.1,30.1,0
9/21/2021,82,73.3,65,68,63.3,58,84,71.5,52,12,8,3,30.1,30.1,30,0
9/22/2021,81,75.3,70,73,70.1,68,93,84,71,22,9.5,5,30,29.8,29.7,0
9/23/2021,77,69.5,59,72,61.6,48,93,77.3,52,20,8.8,0,29.9,29.7,29.6,0.8
9/24/2021,74,63,51,52,48.9,44,90,64.3,34,13,3.5,0,29.9,29.9,29.9,0.17
9/25/2021,77,63.8,50,55,51.3,48,93,67.5,38,7,2.4,0,29.9,29.9,29.8,0
9/26/2021,75,65.3,57,54,49.3,43,83,59.3,33,16,8.9,0,29.9,29.8,29.8,0
9/27/2021,81,68.5,53,55,51,49,86,57,33,14,5.5,0,29.9,29.8,29.7,0
9/28/2021,82,71,61,64,59.9,55,81,68.6,51,14,5.9,0,29.8,29.7,29.7,0
9/29/2021,72,64.3,53,58,47.9,42,86,57.8,36,10,5.4,0,29.9,29.9,29.8,0.01
9/30/2021,74,63,52,52,48.8,46,83,62.1,42,10,5.7,0,30.1,30,29.9,0
10/1/2021,72,60.2,49,51,48,44,86,67,42,8,2.9,0,30.1,30.1,30.1,0
10/2/2021,80,64.9,50,63,55.2,47,93,73.3,45,10,3,0,30.1,30,29.9,0
10/3/2021,86,71.1,58,68,61.7,55,93,74.7,43,9,2.7,0,29.9,29.8,29.7,0
10/4/2021,85,75.9,70,68,65.7,63,87,71.7,49,9,4.9,0,29.9,29.8,29.7,0
10/5/2021,76,70.6,66,68,66.6,63,93,87.2,76,13,6.9,0,30.1,30,29.9,0
10/6/2021,73,68.9,66,65,63.6,61,94,83.3,71,12,7,0,30.2,30.2,30.1,0
10/7/2021,77,69.6,65,62,60.3,58,87,73.3,55,7,3,0,30.2,30.1,30,0
10/8/2021,78,70.2,63,64,60.5,57,93,73.3,52,6,1.4,0,30,30,29.9,0
10/9/2021,74,68.9,65,63,61,60,90,76.2,64,17,11.3,3,30,30,29.9,0
10/10/2021,73,68,65,64,62.7,61,93,83.1,71,14,9.4,6,29.9,29.9,29.9,0.02
10/11/2021,70,67.4,65,62,59.7,58,84,76.6,70,16,8.2,3,29.9,29.9,29.9,0
10/12/2021,72,67.1,63,65,62.3,60,94,84.8,71,10,4.8,0,30,29.9,29.9,0
10/13/2021,74,68,62,66,64.4,61,96,88.5,68,6,1.1,0,29.9,29.9,29.8,0.01
10/14/2021,81,67.1,58,63,60.1,56,100,81.3,42,12,3.5,0,29.9,29.8,29.8,0
10/15/2021,85,71.1,60,66,61.8,57,93,74,51,7,2.7,0,29.8,29.8,29.7,0
10/16/2021,82,66.6,53,64,58.7,46,90,76.8,54,17,7.6,0,29.8,29.6,29.5,0
10/17/2021,67,56.5,50,47,40.7,35,86,57.8,31,22,12.1,6,29.8,29.8,29.7,0.21
10/18/2021,69,55.5,46,43,39.9,36,86,59,30,20,8.5,0,29.9,29.8,29.8,0
10/19/2021,74,58.4,44,45,41.9,38,82,58,33,17,8.2,0,30,29.9,29.9,0
10/20/2021,78,64.4,54,50,47,44,77,55.7,32,14,7.6,0,30,29.9,29.9,0
10/21/2021,78,64.3,50,56,50.3,47,93,64,35,9,4.5,0,29.9,29.8,29.7,0
10/22/2021,71,64.3,54,56,49.4,45,86,59.9,39,12,6.6,0,29.8,29.8,29.7,0
10/23/2021,68,58.3,51,53,49.1,45,89,72.7,49,14,3.9,0,29.9,29.8,29.8,0
10/24/2021,67,58.7,47,59,49.5,45,93,73,48,12,3.3,0,30,29.9,29.9,0
10/25/2021,79,66.7,59,65,60.2,54,96,81.7,45,15,5.7,0,29.9,29.7,29.5,0
10/26/2021,67,59.6,52,60,52,40,97,77.2,56,26,12.8,0,29.5,29.4,29.4,1.98
10/27/2021,73,60,52,51,48.6,42,86,67.3,46,18,11.6,3,29.7,29.6,29.5,0
10/28/2021,65,58.1,48,53,49.9,46,93,75,58,15,6.3,0,29.8,29.7,29.7,0
10/29/2021,60,58.1,56,57,55.2,53,93,90,84,30,14.5,0,29.7,29.4,29.3,0.14
10/30/2021,63,58.8,55,56,52.9,49,96,81.4,60,12,5.2,0,29.4,29.4,29.4,2.88
10/31/2021,68,57.4,50,53,49.2,45,96,75.9,52,18,8.6,0,29.8,29.5,29.4,0
11/1/2021,61,53.7,44,45,38.7,31,85,60.4,33,21,7.1,0,30.1,29.9,29.8,0
11/2/2021,51,46.7,39,45,41.8,38,96,83.5,61,10,3.9,0,30.1,30.1,30.1,0
11/3/2021,53,43.2,35,38,31.8,25,96,68.2,35,13,4.5,0,30.2,30.1,30.1,0.15
11/4/2021,52,42.2,35,34,30.8,26,89,67.3,38,7,1.9,0,30.2,30.1,30.1,0
11/5/2021,56,42,29,30,27.3,23,92,61.3,29,9,4.4,0,30.3,30.2,30.1,0
11/6/2021,56,43.1,29,35,31,26,92,65.8,35,12,4.1,0,30.3,30.2,30.1,0
11/7/2021,58,46,35,34,31.6,28,86,60.7,33,12,3.4,0,30.1,30,29.9,0
11/8/2021,72,54.1,36,43,38.5,31,89,59.8,32,9,4.4,0,30.1,30,29.9,0
11/9/2021,75,57,42,43,41,39,92,60.6,27,10,4.3,0,30,30,29.9,0
11/10/2021,73,58.6,45,46,44,41,90,61.5,38,10,4.5,0,30.1,30,29.9,0
11/11/2021,68,58.3,44,57,49.1,38,89,72,58,13,7.4,0,30.1,30,29.8,0
11/12/2021,65,59.1,44,61,51.1,34,93,77.9,32,16,7.3,0,29.8,29.8,29.7,0.91
11/13/2021,54,44.9,38,45,37.5,25,100,77.5,41,24,7.1,0,29.8,29.7,29.6,0.08
11/14/2021,49,42.1,31,34,28.6,25,85,60.6,39,12,5.6,0,29.9,29.8,29.6,0.02
11/15/2021,49,43.3,34,36,27,22,82,53.4,39,22,12.6,0,30,29.8,29.6,0
11/16/2021,54,43.7,32,34,30.2,25,89,60.8,43,14,5.5,0,30.1,30,30,0
11/17/2021,63,47.9,36,46,40.5,33,93,77.2,48,8,2,0,30.1,30,29.9,0
11/18/2021,74,59.2,45,55,44.2,29,93,61,35,24,9.7,0,30,29.9,29.8,0
11/19/2021,48,42,34,24,22.5,20,64,46.7,34,24,11.5,3,30.4,30.2,30,0
11/20/2021,47,38.4,27,30,26.4,23,85,64.1,44,9,3.2,0,30.4,30.3,30.2,0
11/21/2021,54,44.8,31,42,35.2,29,92,71.2,41,8,1.9,0,30.2,30,29.8,0
11/22/2021,52,45.8,33,45,32.8,17,93,63.6,28,17,7.8,0,29.9,29.8,29.7,0.06
11/23/2021,45,36.1,29,21,17.7,14,64,48.8,30,20,9.7,5,30.1,30,29.9,0
11/24/2021,49,37.2,30,25,20,16,75,52.4,31,8,2.9,0,30.3,30.2,30.1,0
11/25/2021,57,43.5,32,40,29.3,23,82,59.8,33,6,1.3,0,30.1,29.9,29.6,0
11/26/2021,47,42.1,36,42,27.1,18,93,58.3,35,29,16.2,0,29.8,29.7,29.6,0.11
11/27/2021,44,39.1,35,27,19.3,17,60,45.3,37,20,11,0,29.9,29.8,29.8,0
11/28/2021,58,44.8,32,33,29.9,24,88,58.3,33,9,4.4,0,29.8,29.7,29.6,0
11/29/2021,47,40,33,26,23.3,22,66,51.9,37,22,10.1,0,29.9,29.8,29.7,0
11/30/2021,49,38.1,30,26,24.8,23,82,60.5,36,8,2.9,0,29.9,29.8,29.8,0
12/1/2021,56,43.4,27,42,30.5,24,89,63.5,36,9,2.8,0,30.1,30,29.9,0
12/2/2021,66,55.5,45,44,40.6,38,86,59.4,40,21,8.6,0,29.8,29.6,29.5,0
12/3/2021,58,50.1,44,34,28.9,27,55,44.1,38,16,8,0,29.9,29.8,29.6,0
12/4/2021,59,48.8,39,33,31,29,70,51.3,35,8,4.5,0,30.1,30,29.9,0
12/5/2021,51,44.5,33,41,28.6,21,77,56.1,31,12,3.8,0,30.2,30.1,30,0
12/6/2021,69,53.7,41,52,41.2,17,82,64.8,28,32,9.7,0,29.9,29.7,29.5,0
12/7/2021,43,37.8,33,21,17.4,15,56,44.2,34,13,5.9,0,30.1,30,29.9,0
12/8/2021,43,38.3,35,27,24.6,21,67,57.9,51,15,5.9,0,30,29.9,29.7,0
12/9/2021,43,36.4,29,28,21.8,19,69,56.5,40,9,4.8,0,30.1,30.1,29.9,0
12/10/2021,50,44.5,39,40,32.5,28,79,63,50,10,4.3,0,30,29.9,29.9,0
12/11/2021,69,57.8,46,59,50.7,30,93,78.3,49,24,10.8,0,29.9,29.6,29.4,0.01
12/12/2021,50,43,31,27,21.3,17,67,43.5,28,20,8.8,0,30.2,30.1,29.8,0.12
12/13/2021,57,41.8,29,28,22.4,16,78,50.6,20,7,3.4,0,30.2,30.2,30.1,0
12/14/2021,59,43.9,29,28,26.2,24,82,52.8,27,10,3.7,0,30.4,30.3,30.2,0
12/15/2021,57,45.4,31,45,37.2,26,93,74,59,12,3.2,0,30.4,30.3,30.1,0
12/16/2021,67,56.3,42,48,41.7,36,96,61.7,37,14,6.3,0,30.1,29.9,29.8,0
12/17/2021,63,58,53,48,30.9,14,80,40.3,19,16,6.3,0,30,30,29.8,0
12/18/2021,52,48,46,41,35.4,26,71,62.6,37,10,4.6,0,30,29.8,29.6,0.01
12/19/2021,54,43.6,32,48,28.6,19,80,56.3,45,16,9.8,3,30.1,29.9,29.7,0
12/20/2021,41,32.8,27,22,18.4,14,72,57,33,7,2.1,0,30.2,30.1,30.1,0
12/21/2021,41,35.6,27,36,28.2,20,96,76.1,51,8,2.5,0,30,29.8,29.6,0
12/22/2021,50,39.3,30,37,26.9,13,97,66.2,32,22,8.7,0,29.9,29.6,29.5,0.14
12/23/2021,41,33.8,26,22,17,14,63,51,36,9,5.2,0,30.1,30,29.9,0
12/24/2021,53,44.4,38,36,28,23,73,53.5,38,8,4.2,0,29.9,29.8,29.7,0
12/25/2021,67,56.3,43,58,46.4,36,93,71.4,45,14,6.1,0,29.6,29.5,29.4,0
12/26/2021,59,51.3,42,54,37,27,93,61,35,14,7.2,3,30,29.8,29.6,0.17
12/27/2021,42,39.2,38,35,30.7,27,86,72.3,58,10,4.5,0,30,29.8,29.6,0
12/28/2021,56,47.3,37,39,34,24,93,64.5,29,9,4,0,29.8,29.7,29.6,0.08
12/29/2021,51,48.2,46,45,40.9,36,89,76,66,13,4.1,0,29.8,29.7,29.6,0
12/30/2021,53,49.6,48,49,47.9,46,96,93.7,86,6,2.5,0,29.8,29.8,29.7,0.22
12/31/2021,52,51.3,51,51,50.1,50,100,95.5,93,9,5.7,0,29.8,29.7,29.7,0
1/1/2022,58,54.6,51,56,53.6,50,100,96.5,93,12,2.9,0,29.7,29.6,29.4,0.02
1/2/2022,63,57.2,44,58,51.3,34,97,81.8,56,17,7.6,0,29.9,29.6,29.4,0.84
1/3/2022,42,31.4,22,33,26.4,14,96,82.3,58,17,9.9,0,30.2,29.9,29.8,0.27
1/4/2022,34,26.5,16,24,19.4,13,88,75.4,52,6,2.2,0,30.3,30.2,30.1,0.68
1/5/2022,41,33.6,24,33,28.6,22,96,82.2,68,8,3.1,0,30.1,29.8,29.6,0
1/6/2022,41,36.7,30,32,22.1,17,92,58.4,38,10,5.9,0,29.9,29.7,29.6,0
1/7/2022,34,29.1,21,29,20.1,8,92,70.8,47,23,11.8,6,30.2,29.8,29.6,0.21
1/8/2022,33,26.5,19,19,11,7,67,53.3,35,10,4.5,0,30.5,30.4,30.2,0
1/9/2022,43,37.3,29,40,31.9,20,97,81.8,62,10,4.3,0,30.3,30,29.9,0
1/10/2022,41,32.2,26,28,12.2,6,60,44,35,23,14.7,5,30.1,30.1,29.9,0.35
1/11/2022,28,23.8,20,11,5.7,2,57,46.6,37,15,6.9,0,30.4,30.3,30.2,0
1/12/2022,47,32.2,20,23,15.7,6,75,52.9,33,15,4,0,30.3,30,29.9,0
1/13/2022,47,38.6,28,30,26.7,23,85,63.6,47,7,2.8,0,29.9,29.8,29.6,0
1/14/2022,48,40.4,31,34,27.8,18,78,61.4,48,17,9.9,0,29.9,29.7,29.6,0
1/15/2022,26,22.2,18,7,-0.2,-3,46,38.2,28,10,7.8,5,30.2,30.1,30,0
1/16/2022,41,27.2,15,39,19,-1,97,72.8,45,30,12.7,0,30.3,29.8,29,0
1/17/2022,44,37.1,33,42,28.6,17,97,73.4,50,26,15.5,3,29.5,29.1,28.9,1.2
1/18/2022,39,34.3,27,22,20,18,72,56.3,46,21,10.8,0,30,29.9,29.6,0
1/19/2022,54,42.9,27,35,24,19,72,49,33,14,7.3,0,30,29.9,29.8,0
1/20/2022,44,36.4,25,40,28.8,7,96,75.5,43,12,6.9,0,30.3,30,29.9,0.17
1/21/2022,25,22.3,17,7,4.5,2,54,46.6,38,13,8.9,5,30.4,30.3,30.3,0.23
1/22/2022,33,24.3,15,6,2.1,-4,56,40.3,20,8,4.4,0,30.3,30.2,30,0
1/23/2022,40,30.4,19,24,16.2,7,75,57.1,35,12,2.8,0,29.9,29.8,29.6,0
1/24/2022,41,34.8,29,27,21.6,16,75,59.8,40,10,4.2,0,29.8,29.7,29.6,0
1/25/2022,48,36.8,29,29,22.9,11,82,58.4,44,15,5.9,0,30.1,29.8,29.6,0
1/26/2022,33,26.6,19,10,6.9,4,62,44.1,32,13,5.5,0,30.3,30.2,30.1,0
1/27/2022,36,25.8,14,16,11.4,9,80,56.8,33,12,2.9,0,30.3,30.2,30.1,0
1/28/2022,38,33.5,30,32,26.5,17,96,77,52,9,5.6,0,30,29.9,29.8,0
1/29/2022,31,24.6,20,28,11.1,0,89,59.5,34,22,13.6,7,29.8,29.7,29.7,0.15
1/30/2022,30,23.5,15,14,6.8,0,61,49.5,38,14,6,0,30,29.9,29.8,0
1/31/2022,37,28.1,23,17,14.8,13,69,58.3,42,10,7.1,0,30.3,30.1,30,0
2/1/2022,40,31.1,21,25,20.4,14,84,65.2,53,8,3.4,0,30.4,30.3,30.3,0
2/2/2022,50,36.9,23,35,29.4,20,92,75.2,54,8,2.3,0,30.3,30.2,30.1,0
2/3/2022,59,44.8,39,54,43.1,37,100,94.3,83,10,2.8,0,30.1,30,29.8,0.12
2/4/2022,62,45,34,59,41.4,25,96,87.3,70,15,8.8,0,29.9,29.8,29.6,0.47
2/5/2022,33,29.9,23,24,13.4,9,70,51.3,37,23,11.5,0,30.4,30.2,29.9,0.7
2/6/2022,35,27.9,20,22,10.4,3,78,50.9,28,8,3.6,0,30.5,30.4,30.3,0
2/7/2022,43,37.4,30,37,31.4,22,93,79.2,70,7,3.8,0,30.3,30.1,29.8,0
2/8/2022,46,37,28,34,22.6,15,89,60.5,29,21,8,0,29.9,29.9,29.8,0.06
2/9/2022,55,39.8,25,32,25.5,20,85,59.4,33,15,3.6,0,29.9,29.8,29.7,0
2/10/2022,60,46.5,35,30,26.3,23,76,48.3,27,22,6.3,0,29.8,29.7,29.7,0
2/11/2022,67,48.8,29,32,27.5,24,82,49,21,16,5.9,0,29.9,29.8,29.7,0
2/12/2022,60,53.9,42,38,30.8,25,62,41.8,36,15,9.6,3,30,29.8,29.7,0
2/13/2022,40,33.4,26,32,26.9,15,92,78.1,54,10,5.7,0,30,30,29.9,0.09
2/14/2022,30,25.1,20,17,11.1,5,89,57.4,35,17,7.7,0,30.3,30.1,29.9,0.05
2/15/2022,39,28,17,19,12.2,6,71,53.9,33,9,3,0,30.5,30.5,30.3,0
2/16/2022,52,38.1,23,34,27.1,19,85,66.8,38,9,3.3,0,30.5,30.4,30.2,0
2/17/2022,70,57.3,37,54,45.1,32,83,64.8,47,15,7.8,0,30.2,29.9,29.5,0
2/18/2022,68,49,28,61,35,15,83,59.8,36,36,17.3,0,30,29.6,29.3,0.15
2/19/2022,46,32.2,24,21,12.3,1,75,46.1,25,31,12.3,0,30.3,30,29.8,0
2/20/2022,41,30.3,17,22,11.7,3,67,48.1,25,12,4.3,0,30.4,30.3,30.2,0
2/21/2022,64,44.5,24,39,25.7,20,84,54.2,19,12,4,0,30.2,30.1,30.1,0
2/22/2022,67,54.4,39,57,48.3,35,93,80.4,68,20,6.3,0,30.1,30,29.8,0
2/23/2022,75,61.5,41,55,45.8,25,78,58.3,32,18,12.2,7,30.2,29.9,29.8,0.09
2/24/2022,40,34.5,32,31,26.9,20,96,75.7,50,13,8.4,5,30.3,30.2,30.2,0
2/25/2022,56,38.1,32,41,31.8,20,100,81.2,40,20,7.2,0,30.2,30,29.9,0.54
2/26/2022,42,36.1,32,23,18.7,17,66,49.8,38,13,6.7,0,30.3,30.2,30.1,0.04
2/27/2022,54,42.5,30,24,18,13,79,41.8,21,21,9.7,0,30.1,29.9,29.8,0
2/28/2022,47,40.8,34,23,17.4,11,61,40.5,23,16,8.1,0,30.1,30.1,29.9,0
3/1/2022,54,42.8,29,33,28.6,22,82,59.1,38,13,3.2,0,30.1,29.9,29.8,0
3/2/2022,61,49.1,33,36,32.8,29,85,56.5,30,9,4,0,29.9,29.8,29.7,0
3/3/2022,56,48.1,34,40,22.8,8,63,39.8,18,17,11.1,3,30.3,29.9,29.7,0
3/4/2022,46,34.7,26,22,12.5,5,64,41,26,10,5,0,30.4,30.3,30.3,0
3/5/2022,57,44.7,31,32,28.8,23,79,56,37,15,5.6,0,30.3,30.2,30.1,0
3/6/2022,77,63.5,42,60,52,32,90,68.4,46,15,8.4,0,30,29.9,29.8,0
3/7/2022,78,68.1,51,59,52.6,35,83,58.4,45,31,15.6,0,29.8,29.6,29.5,0.12
3/8/2022,52,47.3,44,32,25.6,22,63,43.7,32,22,10.5,0,30,30,29.8,0
3/9/2022,45,41.5,37,41,38.1,32,96,88,63,16,7.2,0,30,29.8,29.7,0.17
3/10/2022,49,42.1,31,35,30.2,24,96,66.3,38,10,3.8,0,30.1,30,29.9,0.38
3/11/2022,59,46.1,31,43,36.4,29,92,71.5,44,16,4.6,0,30,29.8,29.6,0
3/12/2022,49,35.2,23,46,29.3,7,97,80.1,46,30,15,0,29.9,29.4,29.3,0.3
3/13/2022,22,22,22,11,9,7,63,58,53,12,11,10,30,29.9,29.9,0
3/14/2022,62,45.9,28,30,25.5,20,75,48.8,26,13,5,0,30.3,30.2,30.1,0
3/15/2022,72,54.2,35,35,31,28,78,46.5,20,12,3.1,0,30.2,30.1,29.9,0
3/16/2022,72,56.6,41,40,36.5,34,76,50.5,28,14,5,0,30.1,30,29.9,0
3/17/2022,60,53.2,48,56,49.9,40,97,89,63,8,5,0,29.9,29.8,29.7,0.31
3/18/2022,75,56.8,44,55,49.4,43,100,80,38,15,5,0,29.9,29.8,29.7,0.07
3/19/2022,77,64.5,50,56,51.5,45,93,65.6,39,21,8,0,29.7,29.6,29.5,0
3/20/2022,61,53.7,48,39,34.4,25,56,48.2,39,21,13.6,6,29.9,29.8,29.6,0
3/21/2022,69,55.5,39,36,30.6,23,60,39.9,28,18,8.5,0,30.1,30,29.9,0
3/22/2022,66,54.8,43,38,35.7,32,76,50.4,34,10,4.7,0,30.1,30,29.9,0
3/23/2022,52,49.4,48,49,39.9,22,96,72.9,35,20,13.4,6,30,29.9,29.7,0
3/24/2022,54,51.3,49,54,49.5,47,100,93.6,86,13,6.8,0,29.7,29.6,29.5,0.62
3/25/2022,62,53.6,45,48,39.4,33,97,63,37,20,8.5,0,29.6,29.5,29.4,0.02
3/26/2022,52,47.3,41,34,29.4,22,63,50.7,32,25,14.5,3,29.6,29.4,29.4,0
3/27/2022,44,39,32,26,19.7,12,62,46.5,35,24,17.3,10,29.8,29.6,29.5,0
3/28/2022,38,32.1,27,21,10.7,-1,61,42.1,24,30,16.2,5,30,29.9,29.8,0
3/29/2022,47,33.8,22,15,10.3,6,58,39,23,17,8.9,0,30.1,30.1,30,0
3/30/2022,54,43.3,30,39,27.1,17,66,53.7,40,15,6.8,0,30.1,30,29.8,0
3/31/2022,74,61.7,49,61,54.2,41,93,77.1,57,21,8,0,29.7,29.5,29.3,0
4/1/2022,64,52.2,44,58,35.9,25,89,55.5,36,26,15.8,5,29.9,29.6,29.3,0.86
4/2/2022,57,46.8,36,32,25.5,22,59,44.6,29,13,6.4,0,30,29.9,29.8,0
4/3/2022,60,49.9,43,41,33.3,24,80,55.1,36,24,10.8,0,29.8,29.7,29.6,0
4/4/2022,55,47.2,35,36,26.7,22,64,46.2,31,13,6.4,0,29.9,29.9,29.8,0
4/5/2022,54,51.8,47,51,47.2,37,93,84.6,66,14,6.1,0,29.9,29.8,29.6,0
4/6/2022,63,55.3,52,53,51,49,97,86.1,67,20,10.4,3,29.7,29.6,29.4,1.47
4/7/2022,54,50.9,46,51,48.5,44,97,91.5,83,15,9.1,3,29.7,29.5,29.4,0.27
4/8/2022,65,53.5,45,44,38.4,30,90,60.9,27,14,8,3,29.6,29.5,29.5,0.6
4/9/2022,57,50.1,43,44,36.4,29,93,62.4,41,15,9.4,3,29.6,29.5,29.5,0.15
4/10/2022,53,45.5,38,33,29.5,27,73,55.5,37,22,11.3,0,29.9,29.8,29.6,0
4/11/2022,63,48.9,33,42,33.2,27,85,58.2,34,13,4.6,0,30,29.9,29.9,0
4/12/2022,78,64.4,51,53,48.6,42,80,58.6,39,17,5.5,0,29.9,29.9,29.8,0
4/13/2022,86,70.9,53,58,52.6,49,86,56.5,29,14,6,0,29.9,29.8,29.6,0
4/14/2022,83,73.1,61,58,48.8,28,68,43.2,28,21,12.6,6,29.9,29.7,29.6,0
4/15/2022,72,60.7,45,35,28.8,23,66,33.3,16,16,6.9,0,30,29.9,29.9,0
4/16/2022,79,66.2,57,51,40.3,34,67,40.5,25,15,8.9,3,29.9,29.8,29.6,0
4/17/2022,56,52.1,45,44,27,19,64,39.3,27,22,11,6,30.2,30,29.8,0.01
4/18/2022,49,45,41,43,34,21,93,68.7,39,23,13.2,6,30.2,29.9,29.6,0
4/19/2022,53,45.8,41,38,30.7,24,89,58.3,35,26,16.3,8,30,29.8,29.6,1.23
4/20/2022,61,50.4,37,35,29.5,24,76,47.8,24,13,6.6,0,30.3,30.2,30.1,0
4/21/2022,67,57.8,47,46,40.5,33,74,53.8,37,14,5.6,0,30.3,30.2,30.1,0
4/22/2022,75,62.8,46,50,39.5,28,90,49.5,18,15,5.2,0,30.3,30.2,30.2,0
4/23/2022,72,61.6,50,48,43.3,37,77,52.6,37,12,7,0,30.2,30.1,30,0
4/24/2022,78,63,53,57,49.8,47,80,63.4,48,16,8.5,0,30,30,29.9,0
4/25/2022,69,58.8,53,54,51,47,93,76.1,57,17,11,6,30,30,29.9,0
4/26/2022,71,61.2,56,58,55.9,53,96,83.6,61,14,5.4,0,29.9,29.9,29.8,0
4/27/2022,59,52.1,43,49,30.6,24,80,45.2,31,23,13.8,7,30,29.9,29.9,0.09
4/28/2022,60,47.4,37,25,22.7,20,54,39.7,22,15,11,6,30.1,30,29.9,0
4/29/2022,66,51.7,34,30,22.1,15,73,36.5,15,15,6.4,0,30.1,30,29.9,0
4/30/2022,71,55.6,40,34,23.9,15,68,32.6,18,9,3.8,0,30.1,30,29.9,0
5/1/2022,65,55.9,47,53,45.8,35,87,70.1,45,10,4.4,0,29.9,29.9,29.8,0
5/2/2022,79,64.6,53,54,50,47,83,62.2,35,13,4.2,0,29.9,29.8,29.8,0.22
5/3/2022,72,60.5,53,56,53.8,50,93,79.8,55,15,10.3,5,30,29.9,29.8,0
5/4/2022,70,59.5,53,62,56.1,52,97,89.3,73,14,4.7,0,29.9,29.8,29.8,0.57
5/5/2022,68,62.1,56,55,51.8,49,87,69.8,59,13,3.9,0,30,29.9,29.8,0
5/6/2022,59,57.3,52,56,54.4,49,93,90.2,83,21,8.9,0,29.9,29.7,29.5,0.01
5/7/2022,54,51,46,51,47.9,42,93,89,86,24,17.1,12,29.8,29.6,29.4,1.84
5/8/2022,58,49.8,41,42,36.8,33,89,62.9,39,20,11.7,0,30,29.9,29.8,0.47
5/9/2022,69,56.4,41,39,31.9,24,93,45.2,22,16,6.8,0,30.1,30,30,0
5/10/2022,74,63,53,40,30.4,18,59,30.5,22,17,10.2,0,30.2,30.1,30.1,0
5/11/2022,74,63.5,47,53,43.7,32,80,49.9,33,14,7.5,0,30.1,30.1,30.1,0
5/12/2022,76,65.8,56,63,57.5,52,90,75.3,60,18,8.7,0,30.1,30.1,30,0
5/13/2022,73,67.2,64,67,63.8,61,96,88.6,76,14,8.7,5,30.1,30,29.9,0.16
5/14/2022,69,66.5,64,66,64.6,63,97,93.6,87,9,4.6,0,30,29.9,29.8,0.43
5/15/2022,81,69.7,64,67,63.9,61,96,82.7,56,7,2.5,0,29.8,29.7,29.6,0.03
5/16/2022,81,69.7,64,67,60.8,48,93,75,46,22,6.7,0,29.6,29.6,29.5,0
5/17/2022,82,69.3,55,51,46.6,42,83,48.6,26,24,10,3,29.8,29.7,29.6,0.06
5/18/2022,73,64.8,53,56,45,40,73,49.9,34,9,5.1,0,29.9,29.8,29.7,0
5/19/2022,83,69,59,61,57.8,54,90,69.9,38,15,7.2,0,29.7,29.6,29.6,0.14
5/20/2022,89,76.8,60,72,64.7,57,90,67.3,53,13,4.7,0,29.8,29.7,29.6,0
5/21/2022,95,85.4,73,68,66,64,79,53.2,36,10,5.6,0,29.9,29.8,29.7,0
5/22/2022,92,77.6,70,69,67.3,64,93,72.5,45,17,6.7,0,29.9,29.9,29.8,0
5/23/2022,75,67.6,62,67,53.7,49,93,62.8,42,12,6,0,30.1,30,29.9,0.91
5/24/2022,65,61.8,60,59,54.5,49,93,77.6,60,17,8.7,0,30.1,30.1,30,0.15
5/25/2022,72,64.2,59,55,49.4,44,75,59.9,41,17,8.8,5,30.2,30.1,30.1,0.05
5/26/2022,73,66.2,60,66,59.8,49,93,79.7,64,8,5.8,3,30.1,30,29.9,0
5/27/2022,78,70.1,65,69,66.3,62,93,87.8,74,15,6.2,0,29.9,29.7,29.6,0
5/28/2022,79,70.7,63,63,59.5,57,93,69.7,47,16,9.7,5,29.8,29.6,29.6,0.35
5/29/2022,83,72.5,59,61,58.2,55,93,63,39,9,3.5,0,29.9,29.9,29.8,0
5/30/2022,91,78.1,62,68,64.1,59,90,64.3,41,9,4,0,30,29.9,29.9,0
5/31/2022,95,83.2,68,69,66.1,62,93,59.7,33,10,4.9,0,29.9,29.8,29.8,0
6/1/2022,93,84.6,75,69,66.2,62,74,55.5,37,13,6.8,3,29.8,29.7,29.6,0
6/2/2022,87,76.2,71,72,68.5,67,90,78,55,14,5.6,0,29.6,29.6,29.5,0
6/3/2022,81,73,63,70,55.9,45,93,59.6,30,15,7.3,0,29.7,29.6,29.6,0.03
6/4/2022,86,73,56,54,47.7,41,84,46.3,22,10,5.2,0,29.8,29.7,29.7,0
6/5/2022,80,70.4,58,50,44.7,38,75,41.5,28,13,6.3,0,29.9,29.8,29.8,0
6/6/2022,82,70.3,54,53,48,42,90,50,25,14,5.4,0,29.9,29.9,29.8,0
6/7/2022,82,71.3,60,68,62.7,56,90,75.4,47,14,4.8,0,29.9,29.8,29.7,0
6/8/2022,89,75.6,66,71,67.5,64,97,78.4,43,14,5.9,0,29.8,29.7,29.6,0.06
6/9/2022,82,74.1,64,70,61.9,51,96,69.2,39,26,10.3,3,29.7,29.6,29.5,1.86
6/10/2022,81,71.6,56,58,52.6,48,84,53.9,31,13,5.2,0,29.8,29.7,29.7,0
6/11/2022,71,67.7,66,62,60.2,58,87,77.2,68,7,3.6,0,29.8,29.8,29.7,0.01
6/12/2022,80,72.4,66,69,65.7,62,90,79.9,62,7,3.4,0,29.8,29.8,29.7,0.06
6/13/2022,92,81,71,72,69.6,68,91,70.2,48,12,4,0,29.8,29.8,29.7,0
6/14/2022,82,75.2,70,72,66.7,59,87,75.2,60,20,5.7,0,29.8,29.8,29.7,0
6/15/2022,89,78.7,66,65,63.3,60,93,62,41,10,4.6,0,29.9,29.9,29.8,0.26
6/16/2022,84,76.5,71,71,67.6,64,87,74.3,58,14,6.5,0,30,29.9,29.8,0
6/17/2022,96,84.3,72,72,64.2,52,87,54.2,28,20,9.8,0,29.7,29.6,29.5,0
6/18/2022,76,71.5,65,54,48,35,68,44.6,30,25,12.9,5,29.8,29.7,29.6,0
6/19/2022,79,67.8,53,42,39,34,59,36.3,23,17,10,0,29.9,29.9,29.8,0
6/20/2022,82,69.9,52,51,42.2,37,77,40.8,20,10,5.2,0,30,30,29.9,0
6/21/2022,85,73.5,60,61,55.9,52,78,55.6,37,10,3.9,0,30,29.9,29.9,0
6/22/2022,84,73,65,68,65.1,61,90,77.2,55,18,7.6,0,29.9,29.8,29.7,0
6/23/2022,73,67.8,66,67,63.6,61,94,86.5,68,12,7.2,0,29.8,29.8,29.7,0.54
6/24/2022,83,71.7,62,66,62.4,60,93,74,51,8,2.5,0,29.9,29.9,29.8,0.12
6/25/2022,88,77.8,64,69,65.7,62,93,68.5,45,9,4.3,0,30,29.9,29.9,0
6/26/2022,90,79.8,70,69,65.8,62,84,63.8,43,13,5.7,0,30,29.9,29.8,0
6/27/2022,83,77.2,72,73,66,53,88,69.3,49,12,7.1,3,29.9,29.8,29.8,0
6/28/2022,82,73.1,56,56,49.6,45,80,45.3,31,14,6.2,0,30.1,30,29.9,0.01
6/29/2022,88,75.8,60,65,59.8,56,87,60.2,37,10,4.5,0,30.1,30,30,0
6/30/2022,90,81,67,70,61.5,52,90,55.8,27,9,4.5,0,30.1,30,30,0
7/1/2022,94,83,73,73,70,67,87,66.9,43,10,5.3,0,30,29.9,29.8,0
7/2/2022,92,82.6,74,76,71.3,69,91,69.9,47,10,5.8,0,29.8,29.8,29.7,0
7/3/2022,90,79,72,71,63.4,54,93,63.3,30,9,4.1,0,29.9,29.9,29.8,0.14
7/4/2022,88,77.9,67,63,54,46,81,46.8,26,10,4.6,0,30,30,29.9,0
7/5/2022,87,78,69,77,70.9,57,94,79.3,57,14,4.9,0,30,29.8,29.7,0
7/6/2022,93,81,73,74,70.9,68,96,73.4,45,13,6.1,0,29.8,29.7,29.7,1.06
7/7/2022,82,76.2,72,74,70.5,67,94,83.6,62,12,6.8,0,29.8,29.8,29.7,2.95
7/8/2022,86,77.5,70,72,69.5,67,93,77.5,59,7,2.4,0,29.9,29.8,29.8,0
7/9/2022,76,72.4,70,72,68.8,66,94,88.8,79,15,7.6,0,29.9,29.9,29.8,0.93
7/10/2022,83,75,69,68,62.5,56,90,67.1,41,9,4.4,0,29.9,29.9,29.8,0.43
7/11/2022,85,74.2,61,64,58.2,54,93,60.8,35,9,3.4,0,29.9,29.8,29.7,0
7/12/2022,92,77.2,68,70,66,56,90,70.6,45,15,7.7,3,29.7,29.6,29.6,0
7/13/2022,91,81.4,71,70,66.8,62,90,64.1,38,14,4.7,0,29.8,29.7,29.7,0.02
7/14/2022,89,80.8,70,65,63.1,61,76,56.1,39,10,6.7,3,29.9,29.8,29.7,0
7/15/2022,88,79.8,70,67,63.2,60,81,58.2,42,9,3.4,0,30,29.9,29.9,0
7/16/2022,86,77.1,70,73,68.9,67,90,76.3,57,13,4.7,0,29.9,29.9,29.9,0
7/17/2022,85,77.7,70,74,70.7,68,96,79.7,61,9,3.5,0,29.9,29.9,29.8,0.08
7/18/2022,94,80.7,74,74,71.8,68,93,75.9,49,22,7.2,0,29.8,29.7,29.6,0
7/19/2022,91,81.4,73,73,67.5,62,91,65.3,38,10,5,0,29.7,29.7,29.6,0.37
7/20/2022,94,84.1,72,74,70.1,66,91,65.1,40,10,5.3,3,29.7,29.6,29.6,0
7/21/2022,94,85.1,79,74,71.7,68,84,65.6,45,12,7.3,0,29.6,29.6,29.5,0
7/22/2022,95,86,74,74,66.9,59,84,56,31,10,6,0,29.8,29.7,29.6,0
7/23/2022,97,86,77,74,67.8,63,76,56.3,35,20,5.1,0,29.9,29.9,29.8,0
7/24/2022,96,85.4,70,77,68.4,65,87,58.9,38,10,4.8,0,29.9,29.9,29.8,0
7/25/2022,90,83.5,76,76,71.9,69,87,68.4,59,15,7.8,3,29.8,29.8,29.7,0
7/26/2022,81,77.3,74,72,66.1,60,90,69.6,50,9,4.5,0,29.9,29.8,29.8,0
7/27/2022,90,80.9,72,75,69.7,65,87,69.9,46,10,4.1,0,29.8,29.8,29.7,0
7/28/2022,94,82.4,74,74,71.3,68,91,71.5,43,20,6.4,0,29.8,29.7,29.6,0
7/29/2022,89,77.8,71,72,69.4,67,90,76.6,50,14,2.9,0,29.8,29.8,29.7,0.15
7/30/2022,90,80,71,70,62.4,56,87,58.3,32,15,6.4,0,30,29.9,29.8,0
7/31/2022,88,76.1,69,69,65.2,63,90,70.8,43,14,3.8,0,30,30,29.9,0
8/1/2022,88,78,72,71,67.4,64,94,72.1,45,12,5.5,0,29.9,29.8,29.7,0.12
8/2/2022,93,82,71,73,68.6,64,93,66.7,38,14,6.8,0,29.8,29.7,29.7,0.14
8/3/2022,93,82.5,70,68,64.3,60,81,56.2,35,7,3.6,0,29.9,29.8,29.8,0
8/4/2022,98,81,73,76,70.8,66,93,73.4,39,23,7.1,0,30,29.9,29.8,0
8/5/2022,91,79.9,73,75,71.5,66,93,76.5,57,22,5.4,0,30.1,30,29.9,1.28
8/6/2022,90,79.8,73,75,71.8,70,94,77.8,55,10,5,0,30.1,30,30,0.22
8/7/2022,92,83.3,75,75,71.5,67,87,68.5,50,13,5.7,0,30.1,30,29.9,0
8/8/2022,92,83.5,77,75,73.2,71,88,72,55,9,4.9,0,29.9,29.9,29.8,0
8/9/2022,97,85.7,78,75,73.3,70,88,68.3,43,17,6.8,0,29.9,29.8,29.8,0
8/10/2022,93,79.9,73,73,71.7,69,93,77.8,49,22,7.1,0,29.9,29.9,29.8,0.03
8/11/2022,88,78.7,73,71,66.2,58,93,69.1,36,10,7.2,0,29.8,29.8,29.7,0.81
8/12/2022,84,76.9,64,63,55.6,47,75,49.3,29,10,6.5,3,29.9,29.9,29.8,0.01
8/13/2022,84,73.1,59,58,50.5,45,78,47.2,26,13,5.5,0,30,29.9,29.9,0
8/14/2022,83,74.2,66,62,57.7,51,84,58.8,33,12,4.4,0,29.9,29.9,29.8,0
8/15/2022,80,72.3,67,65,61.7,56,90,71.3,47,12,5.5,0,29.9,29.8,29.8,0.07
8/16/2022,82,74.1,66,63,58.5,51,90,61.3,35,13,6.8,0,29.9,29.8,29.8,0
8/17/2022,84,70.7,62,64,60.2,56,90,71.8,38,32,8.1,0,29.9,29.8,29.8,0
8/18/2022,85,72.8,61,61,58.2,53,93,64.5,33,10,4.4,0,29.8,29.8,29.8,0.4
8/19/2022,87,77.3,64,68,64,59,87,65.1,43,13,4.7,0,29.9,29.9,29.9,0
8/20/2022,88,79.5,69,68,64.7,58,87,62.5,37,9,3.9,0,30,30,29.9,0
8/21/2022,82,76.2,70,72,69.8,67,93,81.1,65,10,3.7,0,30,29.9,29.8,0
8/22/2022,87,77.2,73,73,70.6,68,93,81,55,12,3.6,0,29.8,29.7,29.6,0.3
8/23/2022,88,78,69,69,64.5,61,87,65.1,40,15,6.9,0,29.8,29.7,29.7,0.19
8/24/2022,89,78.3,69,64,61.1,57,78,58,36,9,4.6,0,29.9,29.8,29.8,0
8/25/2022,91,76.6,65,71,66,61,90,71.9,41,17,2.9,0,29.9,29.9,29.9,0
8/26/2022,92,81,71,71,67.9,62,93,67.8,38,10,4.4,0,29.9,29.8,29.7,0.04
8/27/2022,89,79.2,71,70,67.4,65,90,68.9,45,10,4.1,0,29.9,29.8,29.8,0.16
8/28/2022,88,79.7,69,73,70,66,90,73.1,55,12,5.7,0,30,29.9,29.9,0
8/29/2022,90,80.2,73,74,70.9,67,93,75,49,10,3.6,0,30,29.9,29.9,0
8/30/2022,94,79.7,72,72,70,66,90,74.8,41,17,7.3,0,29.8,29.7,29.6,0
8/31/2022,85,75.8,67,68,60,54,87,61.1,36,16,9,3,29.8,29.7,29.7,0.06
9/1/2022,89,76.2,62,61,56.8,52,81,54.7,28,15,6,0,29.9,29.8,29.8,0
9/2/2022,86,75.8,66,62,59.1,52,78,57.3,41,12,7,0,30.1,30,29.9,0
9/3/2022,87,77.2,67,68,64.8,61,87,66.8,47,10,4.3,0,30.1,30.1,30,0
9/4/2022,90,78.8,67,68,65.8,64,90,66.1,43,10,3.7,0,30,29.9,29.9,0
9/5/2022,87,78,72,72,67.9,64,87,72.2,49,10,3.8,0,29.9,29.9,29.9,0
9/6/2022,82,74.5,72,72,70,68,94,86.4,65,13,5.2,0,29.8,29.8,29.7,1.27
9/7/2022,73,71.3,70,68,66.9,65,90,85.7,79,12,7.5,5,29.8,29.8,29.8,0.21
9/8/2022,81,73.1,67,65,61.5,58,87,68.7,47,13,5,0,29.8,29.8,29.7,0.05
9/9/2022,82,72.1,63,66,59.1,51,90,67.1,34,13,4,0,30,29.9,29.8,0
9/10/2022,81,72.5,60,67,62.7,58,93,72.6,50,8,3.7,0,30.1,30.1,30,0
9/11/2022,79,74.3,70,74,71,67,94,89.5,82,10,5.1,0,30,29.9,29.8,0.14
9/12/2022,82,76,73,73,71.8,70,94,87,71,14,3.2,0,29.8,29.7,29.6,0.98
9/13/2022,81,73.3,66,70,60.4,52,93,66.9,38,14,6.3,0,29.8,29.6,29.6,0.24
9/14/2022,81,70,58,60,55.8,53,84,62.4,42,14,5.1,0,29.9,29.9,29.8,0
9/15/2022,80,70.5,60,62,55.5,49,87,61.7,36,9,5.5,0,30,30,29.9,0
9/16/2022,80,66.6,53,59,53.6,50,93,66.5,35,7,2.4,0,30.1,30,30,0
9/17/2022,82,69.5,57,62,58.2,55,93,69.9,43,9,3.2,0,30.1,30.1,30,0
9/18/2022,85,73,59,63,59.8,56,90,66.3,41,8,4.1,0,30,29.9,29.9,0
9/19/2022,86,75.5,64,64,62.1,59,90,65.5,43,15,4.5,0,29.9,29.8,29.7,0
9/20/2022,84,74.7,64,64,59.4,56,87,61.5,38,13,5.2,0,29.8,29.8,29.7,0
9/21/2022,86,73.8,61,64,59.1,57,87,62.6,37,8,3.3,0,29.9,29.8,29.7,0
9/22/2022,80,71.7,62,70,57.8,44,90,63.5,36,22,10.6,0,29.7,29.6,29.5,0
9/23/2022,68,59.6,53,46,38.7,34,64,47.5,28,17,11.5,5,29.9,29.9,29.8,0.16
9/24/2022,71,59.5,49,49,43.3,40,77,57.1,36,12,4,0,30,29.9,29.8,0
9/25/2022,77,65.5,57,63,56.1,49,90,72.1,52,10,4.2,0,29.7,29.6,29.5,0
9/26/2022,78,66.8,58,58,50.8,45,84,59.2,33,17,6.7,0,29.7,29.6,29.6,0.01
9/27/2022,73,63,52,47,43,39,69,49.9,31,17,9.1,0,29.9,29.8,29.7,0
9/28/2022,71,59.7,49,49,46.1,42,83,62.3,44,10,7.2,5,30.1,30,29.9,0
9/29/2022,69,61.8,55,50,46.2,44,77,57.8,42,13,8.7,3,30.2,30.2,30.1,0
9/30/2022,63,58.7,56,53,48.6,44,90,69.5,62,18,12.4,8,30.1,30,29.8,0
10/1/2022,62,58.6,56,60,56.2,53,97,91.8,86,24,15,12,29.9,29.7,29.7,0.79
10/2/2022,61,57.5,53,59,54.8,49,96,90.6,83,17,11,5,30,29.8,29.7,0.39
10/3/2022,55,50.2,47,48,43.9,42,89,79.4,62,15,10.7,5,30.1,30,30,0.76
10/4/2022,55,50.6,48,52,47.8,43,94,89.8,80,10,7.7,3,30,29.8,29.8,0.61
10/5/2022,65,56.6,51,57,52.7,49,97,87.1,72,12,7.1,3,29.8,29.8,29.7,1.19
10/6/2022,78,63.9,50,57,52.2,48,93,69.3,36,6,3.6,0,29.9,29.8,29.8,0
10/7/2022,79,66.4,54,55,50.9,48,86,60.5,34,12,7.2,3,30,29.9,29.8,0
10/8/2022,60,53,43,44,38.5,36,86,59,44,15,6.8,0,30.1,30.1,30,0
10/9/2022,65,50.7,37,42,38.1,35,93,67,33,16,5.1,0,30.1,30.1,30,0
10/10/2022,70,54.5,39,44,40.1,37,93,63.6,30,9,3.9,0,30.1,30.1,30,0
10/11/2022,74,59.4,43,48,44.3,41,93,62,30,7,3.6,0,30.2,30.1,30.1,0
10/12/2022,71,60,47,57,50.5,45,93,72.3,45,12,4.8,0,30.1,30,29.9,0
10/13/2022,70,64.9,57,66,61.7,53,94,89.3,75,15,6,0,29.8,29.6,29.5,0.04
10/14/2022,69,58.6,49,53,45.9,36,93,67.3,30,9,2.6,0,29.9,29.8,29.7,0.74
10/15/2022,76,59,44,55,46.9,42,97,69.7,31,13,4.3,0,29.9,29.8,29.8,0
10/16/2022,73,60,51,54,46.3,38,93,64.3,33,9,3.2,0,29.9,29.8,29.7,0
10/17/2022,70,60.6,51,55,51.6,35,90,73.3,53,13,6.7,0,29.6,29.5,29.4,0
10/18/2022,55,47.7,40,33,30,26,77,51.2,40,16,9.3,3,29.7,29.6,29.5,0
10/19/2022,55,46,36,33,31.7,29,86,59.8,38,16,7.4,0,29.8,29.7,29.7,0
10/20/2022,62,48.8,36,38,30.9,23,89,56.5,23,13,5.7,0,29.9,29.8,29.8,0
10/21/2022,67,50.9,36,38,33,26,89,57.3,23,7,2.3,0,30,29.9,29.9,0
10/22/2022,70,53.3,38,46,40.8,36,93,67.3,32,10,2.1,0,30.1,30.1,30,0
10/23/2022,66,56.6,43,55,49.3,41,93,77.9,56,14,6.1,0,30.1,30.1,30,0
10/24/2022,63,59.5,57,59,56.1,55,94,88.9,81,8,4.5,0,30,30,29.9,0.19
10/25/2022,64,60.7,59,59,58.2,56,96,91.2,80,8,2,0,29.9,29.9,29.8,0
10/26/2022,68,60.9,57,59,56.9,48,97,87.4,60,14,3.6,0,29.8,29.7,29.6,0.08
10/27/2022,66,57.5,51,47,41.3,34,80,57,34,13,7.5,0,30.2,30,29.8,0
10/28/2022,59,52.9,45,44,39.1,33,69,59.8,54,14,9.3,3,30.3,30.3,30.2,0
10/29/2022,63,53.7,42,43,39.8,37,85,60.6,39,10,4.9,0,30.3,30.3,30.2,0
10/30/2022,62,49.7,37,47,42.5,35,93,77.5,57,9,2.3,0,30.2,30.1,30,0
10/31/2022,67,57.9,48,61,54.2,45,96,87.7,70,7,2.3,0,29.9,29.9,29.8,0
11/1/2022,75,62.6,55,60,56,50,100,81.8,46,17,4.8,0,30,29.9,29.8,0.1
11/2/2022,69,60.1,51,52,49.7,47,89,70,49,8,4.7,0,30.2,30.1,30,0
11/3/2022,69,57.3,47,51,48.2,45,93,73.6,50,9,3.8,0,30.2,30.2,30.2,0
11/4/2022,72,57.6,46,61,53.6,45,100,87.4,57,9,2.7,0,30.2,30.2,30.1,0
11/5/2022,79,67.9,60,63,60.9,58,97,79.9,54,14,5.4,0,30.1,30,30,0
11/6/2022,77,70.8,65,66,64,61,93,79.5,64,9,4.8,0,30,30,29.9,0.02
11/7/2022,79,68.7,59,64,49,28,93,55.5,27,16,7.1,0,30.2,30.1,30,0.03
11/8/2022,61,54,48,33,30.3,22,52,41.1,26,14,8.5,0,30.4,30.4,30.2,0
11/9/2022,57,49.2,43,40,32.4,23,86,53.8,37,9,5.2,0,30.5,30.4,30.3,0
11/10/2022,68,56.3,40,55,47.3,37,89,73.3,54,9,3.2,0,30.3,30.2,30,0
11/11/2022,71,66.4,59,69,64.2,54,100,92.4,80,16,8.2,0,30,29.7,29.3,0.02
11/12/2022,71,66.7,54,67,57.3,47,93,73.2,49,16,9.3,0,29.7,29.5,29.3,0.69
11/13/2022,52,45.6,37,41,28.6,22,66,52.1,36,22,14.3,7,30.1,29.9,29.7,0.05
11/14/2022,50,41,33,27,24.3,22,73,53.2,37,13,4.7,0,30.3,30.2,30.1,0
11/15/2022,44,39.5,31,39,33.9,25,97,81.1,65,13,6.6,0,30.3,30.1,29.8,0
11/16/2022,52,44.3,40,40,33.2,22,96,67.8,45,20,10.7,5,29.9,29.9,29.8,1.02
11/17/2022,44,39,33,27,21.8,18,65,50.8,40,22,11.9,5,30,29.9,29.9,0
11/18/2022,47,39.9,33,31,21.7,18,67,49.4,33,15,8.5,3,30.1,30,29.9,0
11/19/2022,45,37,30,24,18.8,16,72,49.5,31,14,5.1,0,30.1,30,29.9,0
11/20/2022,38,32.4,26,22,8.4,3,75,38.5,24,25,9.9,0,30.3,30.1,29.9,0
11/21/2022,47,34.7,19,25,15.6,8,77,48.4,28,8,3.4,0,30.4,30.2,30.1,0
11/22/2022,58,41.3,26,25,19.7,14,78,47.4,18,8,2.4,0,30.2,30.1,30.1,0
11/23/2022,62,44.8,30,28,24.8,22,76,49.8,23,12,4.2,0,30.2,30.1,30.1,0
11/24/2022,59,43.9,30,34,29.8,25,82,60.8,27,10,2.8,0,30.2,30.1,30,0
11/25/2022,61,49.8,40,47,38.7,30,93,68.4,44,18,6.2,0,30,29.8,29.7,0.03
11/26/2022,60,46.4,37,32,29.8,28,73,55,31,13,5.8,0,30,29.9,29.8,0.05
11/27/2022,58,49.9,40,56,46,31,96,86.9,62,13,3.9,0,29.8,29.5,29.3,0
11/28/2022,54,50.9,44,52,41.3,34,97,71.4,48,20,8.2,3,29.9,29.6,29.4,0.27
11/29/2022,50,43.4,33,39,34.5,31,92,72.5,52,9,3.3,0,30.1,30.1,30,0
11/30/2022,59,50.1,40,53,40.9,16,96,74.8,29,28,10.2,0,30,29.8,29.6,0.04
12/1/2022,44,38.1,27,20,17.9,16,72,44.9,34,17,9.4,0,30.4,30.2,29.9,0.22
12/2/2022,48,38.8,24,36,27.9,20,84,66.2,46,10,4.1,0,30.4,30.3,30.2,0
12/3/2022,62,54.2,43,54,46.7,32,93,76.8,39,18,10.2,0,30.2,30,29.8,0.04
12/4/2022,47,36.5,0,31,22.8,0,79,56.2,0,10,4.1,0,30.1,30.1,30,0.43
12/5/2022,49,36,26,30,25.4,22,88,68.2,37,7,2.4,0,30.1,30.1,30,0
12/6/2022,52,45.5,30,51,43.6,26,100,93.4,83,7,1.9,0,30.1,30.1,30,0.06
12/7/2022,56,53.4,51,54,52.1,51,100,95.7,90,7,2.7,0,30,30,30,0.19
12/8/2022,57,50.8,46,52,43.4,31,100,78.1,49,13,5.3,0,30.1,30.1,30,0
12/9/2022,50,42,30,30,27,24,82,56.5,36,10,4.6,0,30.1,30.1,30.1,0
12/10/2022,44,38.5,27,35,27.2,20,85,65,45,12,5.3,0,30.2,30.2,30.1,0
12/11/2022,44,40.7,36,42,37.9,34,100,90,79,10,3.4,0,30.1,30,29.9,0
12/12/2022,45,41,35,37,30.3,25,93,66.2,55,12,8.2,5,30.1,30,29.9,0.02
12/13/2022,44,33.9,24,26,19.7,16,79,57.9,35,9,5.2,0,30.2,30.1,30.1,0
12/14/2022,41,33.6,22,23,19.5,17,82,57.8,40,8,3.7,0,30.1,30,30,0
12/15/2022,49,40,34,47,37.4,19,97,91,47,20,10.7,5,30,29.8,29.5,0.38
12/16/2022,53,44.4,34,47,36.4,28,96,75.6,47,17,10.5,3,29.6,29.6,29.5,1.98
12/17/2022,47,40.3,34,30,24.8,18,82,56.3,33,15,6.4,0,29.7,29.7,29.6,0
12/18/2022,42,37,30,28,21.4,15,70,53.9,41,17,9.3,0,30.1,29.9,29.7,0
12/19/2022,42,32.9,26,20,18.4,16,75,56.3,40,16,9.3,3,30.3,30.2,30.1,0
12/20/2022,42,32.3,25,21,19.9,18,75,61.8,43,7,4.9,0,30.3,30.3,30.3,0
12/21/2022,43,32.3,23,24,21.9,20,88,67.9,42,7,2,0,30.4,30.3,30.3,0
12/22/2022,55,43.8,30,53,41.2,24,97,90.6,76,18,11,0,30.3,29.8,29.3,0
12/23/2022,55,33.3,10,54,23.4,-8,96,69.3,40,35,19.2,7,29.6,29.3,29,1.16
12/24/2022,20,13,7,5,-4.3,-10,67,46.8,36,21,12.1,0,29.8,29.8,29.7,0.23
12/25/2022,31,21.2,11,12,7.8,4,77,58.2,38,16,5.5,0,30,29.9,29.8,0
12/26/2022,33,25.8,15,19,9.4,6,74,52.2,32,10,3,0,30.2,30.1,30,0
12/27/2022,44,34.1,26,21,18.4,15,75,54.4,37,8,2,0,30.2,30.1,30.1,0
12/28/2022,52,35,22,26,22.5,19,89,64.3,34,9,2.3,0,30.2,30.1,30.1,0
12/29/2022,57,38.9,25,32,26.8,22,89,65.7,33,6,1.7,0,30.2,30.1,30.1,0
12/30/2022,64,43.4,30,39,33.8,26,89,71.6,40,7,1.8,0,30.2,30.1,30,0
12/31/2022,56,48.4,37,55,47.3,35,100,95.9,86,8,2,0,30,29.8,29.6,0
1/1/2023,63,52.2,41,54,45,38,100,79.2,41,16,5.8,0,29.9,29.8,29.7,0.31
1/2/2023,66,51.4,41,47,43.7,39,93,76.5,48,6,2,0,30,29.9,29.9,0
1/3/2023,69,58,47,57,51,44,93,78.3,63,14,5.1,0,29.9,29.8,29.6,0
1/4/2023,66,62.8,56,60,57.2,53,90,81.8,68,10,5.4,0,29.8,29.7,29.6,0
1/5/2023,63,56.9,50,57,44.6,39,93,65.8,43,9,4.5,0,29.8,29.8,29.7,0
1/6/2023,50,46.1,41,44,33.2,27,93,62.6,44,17,8.5,0,30.1,29.9,29.8,0.11
1/7/2023,49,42.3,35,31,27.4,24,73,57.1,39,17,9.2,3,30.2,30.1,30,0
1/8/2023,44,37.7,27,36,27.6,23,93,68.6,47,10,4.6,0,30.2,30.1,29.9,0
1/9/2023,49,40.8,35,37,29.1,19,97,67.1,32,17,7.6,3,29.9,29.8,29.8,0.02
1/10/2023,48,38.8,30,28,25.4,21,82,59.8,42,9,3.6,0,29.9,29.9,29.9,0
1/11/2023,45,37.3,26,34,29.2,23,89,73.7,53,8,3.3,0,30.1,30,29.9,0
1/12/2023,56,47.7,40,53,43.5,35,93,85.7,77,8,4.7,0,30,29.8,29.5,0.02
1/13/2023,55,48.4,39,52,38.9,25,93,71.1,50,21,13.7,8,29.6,29.5,29.4,0.19
1/14/2023,38,35.3,32,25,21.4,17,62,57,50,21,13.8,7,29.9,29.7,29.6,0
1/15/2023,45,36.7,31,22,18.5,11,61,48.8,36,17,12.1,6,30,29.9,29.8,0
1/16/2023,56,42,30,17,13,10,49,32.8,17,15,7.2,0,29.9,29.8,29.7,0
1/17/2023,50,44,36,46,36,21,97,75.4,49,8,4,0,29.7,29.6,29.5,0
1/18/2023,56,47.7,40,45,38.5,34,97,73.2,45,17,6.9,0,29.9,29.7,29.5,0
1/19/2023,44,43.2,41,43,40.1,35,97,89.2,71,8,3.3,0,29.9,29.6,29.5,0
1/20/2023,52,44.5,39,43,32.9,25,96,67.7,40,26,10.9,0,29.9,29.6,29.5,0.17
1/21/2023,45,39.5,31,27,24.8,23,72,56,45,12,6.5,0,30.1,30,29.9,0
1/22/2023,42,37.2,29,38,33.1,23,96,85.5,70,10,5.4,0,30.1,29.8,29.6,0
1/23/2023,46,40.8,39,38,33.4,23,96,77.3,51,20,11.6,5,29.9,29.6,29.4,0.42
1/24/2023,51,41,34,26,23.3,21,73,51.1,31,17,7.5,0,30.1,30.1,29.9,0.01
1/25/2023,52,42.2,32,50,38.6,27,97,87.7,65,17,8.7,0,30.1,29.7,29.4,0
1/26/2023,49,43.6,35,44,29.4,22,93,59.3,42,25,13.3,5,29.8,29.6,29.4,0.64
1/27/2023,45,37.8,31,24,18,14,67,46.1,29,20,9.1,0,30,30,29.9,0
1/28/2023,55,43,33,28,24.6,18,76,50.1,34,9,4.4,0,30.2,30.1,30,0
1/29/2023,51,41.6,32,41,33.8,27,93,75,44,10,4,0,30.1,30.1,30,0
1/30/2023,59,47.1,39,43,39.3,36,96,76.4,49,10,2.5,0,30.1,30,29.9,0
1/31/2023,48,39.8,36,42,34.4,31,89,81.3,66,12,4.8,0,30.1,30,29.9,0
2/1/2023,39,34,27,30,20.4,9,92,61.5,29,10,4.7,0,30.2,30.1,30,0.11
2/2/2023,42,35.2,28,32,20.6,11,82,57.7,33,10,4,0,30.1,30,29.8,0
2/3/2023,39,29.9,17,32,6.3,-7,82,38.7,24,25,16.8,8,30.4,30,29.7,0
2/4/2023,31,23.3,14,9,0.1,-7,49,37.5,21,12,6.5,0,30.5,30.4,30.2,0
2/5/2023,57,43.6,28,37,20.4,9,61,41.1,23,10,4.5,0,30.2,30,29.8,0
2/6/2023,54,45.8,33,37,30.3,25,72,55.7,43,17,8.6,0,30.1,29.9,29.8,0
2/7/2023,47,38.1,27,35,29,23,89,70.8,52,8,2.8,0,30.2,30.1,30,0
2/8/2023,64,51.2,41,40,31.7,22,79,52.2,22,16,6,0,30.1,30.1,29.9,0
2/9/2023,68,54.4,40,53,42.6,31,74,64.9,49,9,5.1,0,30.1,29.9,29.6,0
2/10/2023,65,56.5,46,54,37.5,29,86,50.5,33,23,13.1,6,30,29.8,29.6,0
2/11/2023,50,43,35,28,20.7,18,57,41.8,28,18,5.6,0,30.2,30.1,30,0
2/12/2023,43,39.2,37,35,31.5,24,89,74.6,53,15,6.8,0,30.1,29.8,29.5,0
2/13/2023,56,46.7,39,30,21.6,15,65,39.9,22,13,8,0,29.6,29.6,29.5,0.62
2/14/2023,60,48.8,32,29,25.4,19,73,41.9,21,9,3.7,0,30,29.9,29.7,0
2/15/2023,70,58.3,46,43,39,32,68,50.2,35,16,8.5,0,30,29.9,29.8,0
2/16/2023,64,55.5,47,55,51.2,42,97,86.1,53,10,3,0,29.9,29.8,29.6,0
2/17/2023,64,53,34,60,45.1,17,96,75.9,48,31,14,5,30,26.2,0,0.71
2/18/2023,46,35.9,26,18,15.1,11,55,43.5,30,16,7.8,0,30.3,30.2,30,0.45
2/19/2023,59,45.5,32,45,30,22,80,57.6,26,16,5.7,0,30.2,30,29.8,0
2/20/2023,64,54.7,49,45,40.2,35,83,60.5,35,15,6.3,3,29.7,29.6,29.5,0
2/21/2023,62,53.1,43,43,35.5,13,93,55.4,24,28,8.4,0,29.8,29.5,29.4,0.02
2/22/2023,49,46.1,43,41,31.7,15,82,60.2,30,13,6.8,0,30,29.8,29.7,0
2/23/2023,78,56.8,42,50,44.8,39,89,67.6,36,17,3.8,0,29.8,29.7,29.6,0.02
2/24/2023,62,50.2,37,48,25.4,13,89,40.8,20,23,12.4,0,30.4,30.1,29.7,0
2/25/2023,37,34.8,31,31,23.2,12,82,64.1,36,12,6.2,0,30.4,30.2,30,0
2/26/2023,54,43.8,36,36,33.6,26,89,69.4,47,15,6.4,0,30,29.8,29.6,0
2/27/2023,51,41.5,30,39,31.7,22,93,71,36,13,7.2,0,29.8,29.6,29.4,0
2/28/2023,54,43.8,38,43,39.7,36,93,85.9,66,10,4.6,0,29.9,29.6,29.3,0.35
3/1/2023,55,44.3,31,42,37,29,97,77.4,52,13,5.7,0,30,29.9,29.6,0
3/2/2023,64,51.5,45,51,41.1,27,93,72.6,32,17,5.8,0,29.7,29.6,29.5,0.05
3/3/2023,49,43.5,40,48,35.9,29,97,76.2,50,20,12.9,0,29.9,29.7,29.2,0
3/4/2023,56,47.9,36,47,35.2,30,97,65,38,30,12.3,0,29.9,29.5,29.1,0.52
3/5/2023,62,48,30,34,29.3,25,92,53.9,27,23,6.1,0,30.1,30,29.9,0
3/6/2023,59,46.8,33,33,27.7,25,78,49.8,29,9,4,0,30.1,29.9,29.6,0
3/7/2023,53,45.8,39,35,23.5,10,73,45.2,19,24,13.4,5,30,29.8,29.6,0
3/8/2023,53,43.2,34,25,20.4,10,53,40.6,34,20,11.9,0,30.1,30.1,30,0
3/9/2023,55,45.7,36,28,25.8,22,65,46.7,34,13,7,0,30.1,30.1,30,0
3/10/2023,45,42.4,35,43,36.5,27,97,80.4,65,12,6.4,0,30,29.7,29.6,0
3/11/2023,48,41.6,38,30,25.8,24,63,53.7,46,24,14,3,29.9,29.7,29.6,0.17
3/12/2023,37,36.5,36,24,24,24,62,60.5,59,6,4.5,3,29.9,29.9,29.9,0
3/13/2023,48,42.4,39,39,35.9,28,93,78.6,56,14,6.5,0,29.8,29.7,29.6,0.01
3/14/2023,44,38,33,28,18.1,15,64,45.5,32,30,21.6,14,29.8,29.7,29.6,0
3/15/2023,52,41.2,32,19,13.1,6,59,35.5,16,25,17.2,10,30,29.9,29.8,0
3/16/2023,65,48.4,32,31,15.4,5,56,31,9,14,6,0,30,29.9,29.8,0
3/17/2023,62,53.9,44,52,38.4,29,80,56.8,32,21,6.5,0,29.7,29.6,29.4,0
3/18/2023,53,47,41,40,22.3,15,66,39.5,24,22,14.2,7,29.8,29.6,29.6,0.01
3/19/2023,42,35.2,28,19,9.1,1,47,34,27,23,15,5,30.1,30,29.8,0
3/20/2023,53,40,28,21,15.1,12,53,38.3,21,12,5.3,0,30.2,30.1,30.1,0
3/21/2023,64,48,29,24,17.9,11,76,35.6,13,9,3.8,0,30.3,30.2,30.2,0
3/22/2023,68,53.7,39,41,29.6,21,63,43,17,14,5,0,30.2,30.1,30,0
3/23/2023,80,61.8,52,59,48.8,37,86,64.1,39,13,5.8,0,30,29.8,29.6,0
3/24/2023,64,52.6,45,60,48.4,40,97,86,74,15,5,0,29.9,29.8,29.7,0.14
3/25/2023,53,47.7,44,51,45.2,38,97,91,76,18,5.2,0,29.9,29.7,29.5,0.32
3/26/2023,68,55.5,47,52,35.8,22,100,55,17,22,9.3,0,29.9,29.8,29.6,0.21
3/27/2023,62,54.1,41,53,42.9,31,84,66.5,46,13,4.4,0,29.9,29.8,29.6,0
3/28/2023,57,50.6,44,43,34.8,26,86,56.8,37,21,7.8,0,30,29.9,29.8,0.06
3/29/2023,59,50.7,40,31,27.2,21,70,42.2,23,10,4.9,0,30.1,30,29.9,0
3/30/2023,53,44.7,35,32,19.6,12,60,38.6,22,14,8.2,0,30.2,30.1,30,0
3/31/2023,66,52.9,35,53,39.3,24,75,60.9,45,23,6.9,0,30.2,30,29.8,0
4/1/2023,77,64.3,49,61,54,32,90,71.3,42,43,15.9,7,29.7,29.4,29.1,0.04
4/2/2023,57,49.6,41,31,26.2,19,60,41.8,27,23,12.4,0,29.9,29.8,29.6,0.38
4/3/2023,70,53,34,49,38.6,27,82,60.3,35,15,5.8,0,30,29.9,29.8,0
4/4/2023,79,66.2,50,59,52.3,45,86,63.1,39,12,5.4,0,29.9,29.8,29.8,0
4/5/2023,84,68.1,57,63,59.6,55,97,76.7,47,15,7,0,30,29.9,29.8,0
4/6/2023,86,72.4,61,63,58.7,41,87,64.4,38,15,7.2,0,30.1,30,29.9,0
4/7/2023,59,54.3,49,36,27.8,18,49,36.8,23,12,6.7,0,30.3,30.2,30.1,0.2
4/8/2023,52,47.7,44,30,23.4,21,50,39,30,13,7,0,30.4,30.3,30.2,0
4/9/2023,60,49.3,34,35,27.7,23,85,48.1,24,9,3.9,0,30.3,30.3,30.3,0
4/10/2023,66,52,34,32,28.5,22,85,45,22,13,2.8,0,30.4,30.3,30.2,0
4/11/2023,77,62.1,44,35,30,26,58,33.1,16,15,7.1,0,30.2,30,29.9,0
4/12/2023,84,71.4,57,47,38.8,26,52,31.3,25,20,10.4,5,29.9,29.8,29.7,0
4/13/2023,88,73.5,56,47,42.7,37,67,36.9,18,14,6.6,0,29.8,29.8,29.7,0
4/14/2023,84,70.6,58,64,51.6,45,84,54.1,26,9,5.3,0,29.8,29.7,29.7,0
4/15/2023,74,68.2,64,65,62.6,59,97,83,61,9,4.9,0,29.7,29.7,29.6,0.35
4/16/2023,80,71.5,60,62,59,56,96,67,43,12,4.9,0,29.7,29.6,29.5,0.09
4/17/2023,71,62.2,56,60,40.3,32,69,46.3,27,20,12.3,0,29.6,29.5,29.4,0
4/18/2023,72,59.3,49,37,30.1,21,59,36.5,15,22,11.7,3,29.8,29.6,29.6,0
4/19/2023,74,57.3,38,44,33.6,27,83,46.5,18,13,5.6,0,30,29.9,29.9,0
4/20/2023,81,65.1,48,57,51.9,44,86,64.7,40,13,4.8,0,30,29.9,29.9,0
4/21/2023,83,67.5,56,60,55.2,52,93,68.3,37,10,6.9,3,29.9,29.8,29.7,0
4/22/2023,77,65,58,58,54.6,47,96,72,41,23,8.4,0,29.7,29.6,29.6,0
4/23/2023,64,56.4,47,54,41.1,26,96,60.3,39,15,8.7,3,29.9,29.8,29.7,0.86
4/24/2023,61,50.9,42,33,29.1,26,70,44.8,28,14,7,0,30,29.9,29.9,0
4/25/2023,61,51,39,37,31,22,79,49,26,12,4.9,0,30.1,30,30,0
4/26/2023,64,53.9,40,50,43.4,36,86,68.9,48,14,4.6,0,30.1,30,29.9,0
4/27/2023,66,58.5,52,53,51.1,48,89,76.9,59,16,9.1,0,30,30,29.9,0.06
4/28/2023,57,54.6,53,53,51.7,51,93,90.2,83,25,17.7,12,29.9,29.8,29.6,0.11
4/29/2023,68,59.3,53,57,54,52,97,83.5,61,18,6.1,0,29.7,29.6,29.6,1.73
4/30/2023,63,60,56,62,56.7,40,97,89.4,55,22,8.6,0,29.5,29.2,29,0
5/1/2023,61,55.4,47,44,37.8,32,83,53.3,36,21,11,3,29.3,29.2,29.1,0.33
5/2/2023,55,51,47,45,40.2,36,86,67.1,55,20,9,0,29.4,29.3,29.2,0.02
5/3/2023,56,48.9,43,43,38.7,33,86,69.1,45,18,7.6,0,29.6,29.4,29.3,0.03
5/4/2023,64,53.2,40,44,40,37,89,63.7,40,13,7.4,0,29.9,29.7,29.6,0.01
5/5/2023,68,56.9,42,46,42.5,40,93,61.9,37,9,4,0,30.1,30,29.9,0
5/6/2023,74,60.2,44,46,43,38,93,58,27,9,3.3,0,30.1,30.1,30,0
5/7/2023,75,62.3,47,63,54.2,45,97,76.4,51,6,1.8,0,30,29.8,29.7,0
5/8/2023,82,70.1,58,64,57.6,53,97,68.6,41,14,6.4,0,29.7,29.7,29.6,0.02
5/9/2023,68,62.8,51,58,46.3,38,84,56.6,33,12,4.5,0,29.9,29.8,29.7,0.01
5/10/2023,73,60.7,46,47,40,35,86,50.4,27,8,4.1,0,30.1,30,29.9,0.01
5/11/2023,83,66.9,47,56,49.6,43,86,57.9,32,9,3.5,0,30,30,29.9,0
5/12/2023,85,71.7,56,65,59.5,54,93,68.2,41,10,3.5,0,30,29.9,29.9,0
5/13/2023,74,66.6,61,66,62.5,57,94,86.9,59,12,3.8,0,29.9,29.9,29.9,0
5/14/2023,78,68.8,59,57,44,36,90,44,28,14,7.3,0,30.1,30,29.9,0.3
5/15/2023,77,64.8,53,49,40.1,31,62,41.3,30,12,5.5,0,30.2,30.1,29.9,0
5/16/2023,80,69,56,57,54.1,50,87,61,36,16,8.4,5,29.9,29.6,29.5,0
5/17/2023,71,65.8,58,54,42.3,24,78,45.8,25,14,8.8,0,29.9,29.6,29.4,0
5/18/2023,70,59.5,47,47,35.1,24,60,40.8,30,15,7.7,0,30.1,30.1,29.9,0
5/19/2023,75,64.7,51,54,50.1,45,86,61.6,37,16,6.9,0,30.1,30.1,30,0
5/20/2023,79,66.3,58,66,60,53,96,81.4,56,9,4.9,0,30,29.9,29.7,0
5/21/2023,79,67,54,60,49.7,43,87,58.2,28,16,7.9,0,29.9,29.9,29.8,0.15
5/22/2023,82,69,53,53,48.3,41,89,53,24,10,4.3,0,30.1,30,29.9,0
5/23/2023,74,65.9,54,57,50.5,44,87,60.1,38,13,6.9,0,30.1,30.1,30,0
5/24/2023,82,68,51,54,49.6,43,89,55.5,29,13,4,0,30,29.9,29.8,0
5/25/2023,73,63.6,55,49,39.6,33,62,43.4,25,16,9.3,0,30,30,29.9,0
5/26/2023,75,63.6,49,49,43.7,39,90,52.6,30,9,3.6,0,30.1,30.1,30,0
5/27/2023,77,65.4,48,45,41,36,86,45.6,24,13,5.5,0,30.2,30.1,30.1,0
5/28/2023,75,66.9,54,57,50.2,42,72,55.8,43,10,5.6,0,30.1,29.9,29.8,0
5/29/2023,77,70.3,64,67,58,50,79,66,45,18,8.3,3,29.9,29.8,29.8,0
5/30/2023,76,67.6,60,54,51.9,49,78,58.6,38,16,11.3,6,30,30,29.9,0
5/31/2023,78,66.3,50,51,45.3,33,86,51.6,20,12,5.1,0,30.1,30,29.9,0
6/1/2023,85,71.3,55,59,54.1,48,90,58.8,30,8,3.3,0,30,29.9,29.8,0
6/2/2023,96,79.1,60,62,56.3,51,83,51.1,22,10,4.1,0,29.8,29.7,29.6,0
6/3/2023,84,74.7,63,64,59.1,54,76,59.3,40,17,10,0,29.9,29.8,29.7,0
6/4/2023,78,66.5,59,55,51,44,75,59.2,30,13,8,3,29.9,29.8,29.7,0
6/5/2023,81,68.3,58,55,49.2,43,87,55.2,27,15,5.7,0,29.8,29.8,29.7,0
6/6/2023,83,70.9,56,55,47.9,45,67,46.3,28,15,8.3,3,29.7,29.6,29.5,0
6/7/2023,80,69.5,56,50,45,37,77,45.1,23,13,5.8,0,29.6,29.5,29.5,0
6/8/2023,79,67.9,58,52,43.4,33,75,44.1,19,14,6.5,0,29.6,29.6,29.5,0
6/9/2023,75,65.8,53,52,47.8,45,77,53.9,34,16,7,0,29.7,29.6,29.6,0
6/10/2023,87,72.3,53,57,49.6,44,86,50.3,22,13,6.6,0,29.7,29.7,29.6,0.01
6/11/2023,89,76.5,61,65,57.9,51,83,55.5,27,12,5.1,0,29.7,29.7,29.6,0
6/12/2023,81,74.2,63,72,65.7,57,87,74.8,62,15,8.7,3,29.6,29.5,29.4,0
6/13/2023,81,70.7,59,58,53.1,48,83,57,32,15,6.8,0,29.6,29.6,29.5,0.13
6/14/2023,82,70.4,62,59,52.7,45,80,56.4,31,21,8.7,3,29.5,29.4,29.4,0
6/15/2023,84,70.8,57,52,49.1,46,77,49.6,28,9,4.4,0,29.6,29.6,29.5,0.02
6/16/2023,82,70.1,59,66,58,52,81,66.8,42,23,4.4,0,29.6,29.5,29.5,0
6/17/2023,83,72.9,60,60,52.8,45,84,53.5,26,17,9.6,3,29.7,29.6,29.6,0.02
6/18/2023,87,75,60,55,48.8,43,67,43,22,12,4.6,0,29.8,29.7,29.7,0
6/19/2023,90,76.9,59,67,58.4,52,83,56.3,29,14,6.8,0,29.9,29.8,29.8,0
6/20/2023,80,74.4,71,68,64,59,84,70.4,54,18,12.8,7,30,29.9,29.9,0
6/21/2023,70,64.6,60,62,59.9,57,93,85.1,73,25,16.9,12,30,30,29.9,0
6/22/2023,67,64,60,64,61.4,58,94,91,87,16,11.7,7,30,29.9,29.9,0.38
6/23/2023,75,70.2,65,73,68.3,63,97,93.5,90,15,6.7,0,29.9,29.8,29.7,0.39
6/24/2023,84,76.4,71,72,70.4,68,96,82.6,63,16,4.2,0,29.7,29.7,29.6,0.62
6/25/2023,92,80.2,68,70,66.3,63,90,64.9,38,10,4.5,0,29.7,29.6,29.6,0
6/26/2023,89,81.5,73,71,69.4,61,91,67.9,49,13,5.9,0,29.6,29.5,29.4,0
6/27/2023,87,73.5,69,71,66.5,61,93,80,46,18,5.3,0,29.6,29.6,29.5,0.14
6/28/2023,81,74,66,67,62.5,60,93,69.2,49,14,7.9,3,29.8,29.7,29.6,1.63
6/29/2023,85,74.4,63,63,59.2,53,87,61.9,33,8,3.7,0,29.9,29.9,29.8,0
6/30/2023,85,74.2,64,70,66.4,61,93,78.1,56,25,5.4,0,29.9,29.9,29.8,0
7/1/2023,84,76.4,70,72,70,68,93,80.9,65,10,5.3,0,29.9,29.8,29.7,0.97
7/2/2023,90,79.3,75,78,73,69,91,81.7,59,21,4.7,0,29.8,29.7,29.6,0
7/3/2023,92,81.5,74,74,71.5,68,94,73.7,45,13,4.9,0,29.7,29.7,29.6,0.63
7/4/2023,91,80.6,72,75,71.1,61,94,74.5,47,13,4.3,0,29.8,29.8,29.7,0.47
7/5/2023,91,82.3,73,74,70.3,66,96,69,46,7,2.8,0,29.8,29.8,29.8,0.07
7/6/2023,90,83.1,74,75,70.9,68,91,67.9,50,9,3.8,0,29.8,29.8,29.7,0
7/7/2023,89,79.9,74,74,71.5,69,88,76,57,13,3.5,0,29.7,29.7,29.6,0
7/8/2023,90,81.5,74,74,71.7,69,91,73.3,52,10,4.8,0,29.7,29.7,29.6,0.25
7/9/2023,86,75.4,70,73,69,66,91,80.8,63,22,6.3,0,29.7,29.6,29.6,0.01
7/10/2023,88,77,68,67,64.6,62,90,67.8,43,12,5,0,29.7,29.7,29.6,1.35
7/11/2023,90,79.7,67,65,60.3,55,84,55.2,30,9,3.6,0,29.8,29.8,29.7,0
7/12/2023,92,81.7,69,67,62.8,56,78,55.1,30,10,5.5,0,29.8,29.8,29.8,0
7/13/2023,96,85.3,73,70,66.5,61,81,55.8,32,12,6.8,0,29.7,29.7,29.6,0
7/14/2023,92,81.2,72,72,67.9,64,87,65,42,12,5.8,0,29.8,29.7,29.6,0
7/15/2023,91,80.9,71,76,71.6,68,90,74.2,53,12,4.5,0,29.8,29.7,29.7,0.02
7/16/2023,86,78.9,75,75,72.7,70,90,81.6,65,6,3.6,0,29.7,29.6,29.6,0.05
7/17/2023,91,81.3,71,72,67.3,61,91,64.8,36,13,4.8,0,29.8,29.8,29.7,0.02
7/18/2023,89,81.5,73,70,65,61,87,59.3,39,13,5,0,29.8,29.8,29.8,0
7/19/2023,88,77,73,72,69.3,65,90,77.8,53,20,5.5,0,29.9,29.8,29.8,0.72
7/20/2023,87,79.5,72,70,68.4,66,91,70.4,53,9,3.6,0,29.9,29.8,29.7,0.03
7/21/2023,88,75.3,68,71,66,63,90,74.5,45,16,7.1,0,29.7,29.6,29.6,0.75
7/22/2023,85,76.7,68,63,59.6,54,81,57.4,34,9,4.8,0,29.7,29.7,29.6,0
7/23/2023,88,78.3,66,64,60.8,55,87,58.2,36,10,3,0,29.9,29.8,29.7,0
7/24/2023,85,75,69,69,66.4,64,88,75.4,55,14,7.1,0,29.9,29.9,29.9,1.97
7/25/2023,87,78.9,73,71,68.7,61,87,72,43,15,3.9,0,29.9,29.9,29.9,0
7/26/2023,88,79.8,70,73,68.9,65,90,71.1,46,10,4.1,0,30,29.9,29.9,0
7/27/2023,97,85,77,74,72.2,68,90,67.5,41,17,6.8,0,29.9,29.8,29.8,0
7/28/2023,97,83.4,76,78,73,69,91,72.5,47,17,5.5,0,29.9,29.8,29.8,0
7/29/2023,96,81.1,74,74,71.6,67,94,74.4,49,30,8.1,0,29.8,29.7,29.6,0.39
7/30/2023,86,77.5,70,67,60.4,56,81,57.5,37,9,5,0,29.9,29.8,29.7,0.11
7/31/2023,85,76.9,69,67,61.2,52,87,60.8,33,14,5.6,0,29.9,29.8,29.8,0
8/1/2023,82,72.7,63,60,56.8,54,84,59.5,39,9,4.1,0,30,30,29.9,0
8/2/2023,82,73.4,63,60,56.3,53,84,57.3,38,13,4,0,30.1,30,30,0
8/3/2023,79,71.9,65,65,61.4,58,90,70.2,54,15,6,0,30,29.9,29.9,0
8/4/2023,82,72.8,67,69,66.5,64,93,81.2,62,10,4.4,0,29.9,29.8,29.7,0.02
8/5/2023,88,76.7,67,70,67.8,65,94,76,48,7,2.5,0,29.8,29.8,29.8,0
8/6/2023,88,78.3,69,74,70.5,66,94,78.4,57,12,5.4,0,29.9,29.8,29.8,0
8/7/2023,89,76.2,70,77,71.2,64,97,85.1,63,26,6.9,0,29.8,29.7,29.6,0.77
8/8/2023,83,75.1,69,70,64.7,59,96,72.5,49,18,9.6,0,29.6,29.6,29.5,1.83
8/9/2023,87,77.9,67,66,63.2,61,81,61.7,43,14,7.3,3,29.7,29.7,29.6,0
8/10/2023,83,76.6,72,72,68.7,65,84,76.7,67,12,5.1,0,29.6,29.6,29.4,0
8/11/2023,87,78.3,69,67,64.3,61,84,63.5,44,16,7,0,29.7,29.7,29.6,0.05
8/12/2023,92,82,70,73,69,66,91,67,43,12,3.6,0,29.7,29.7,29.7,0
8/13/2023,91,82.8,73,71,66.5,60,79,59.7,37,18,8,0,29.8,29.8,29.6,0
8/14/2023,91,78.8,69,76,70.2,61,94,77.3,38,13,4.7,0,29.8,29.7,29.6,0
8/15/2023,92,81.2,76,76,73.4,67,94,78.7,46,12,5.3,0,29.7,29.6,29.6,0.83
8/16/2023,87,79,71,66,63.3,61,81,59.6,43,9,4.7,0,29.8,29.8,29.7,0.06
8/17/2023,88,79.4,68,75,68.9,65,90,71.6,53,9,4.4,0,29.8,29.7,29.6,0
8/18/2023,84,77,67,74,60.9,50,91,60.3,36,17,8.9,0,29.8,29.7,29.6,0
8/19/2023,82,71.3,59,58,53.6,51,83,56.2,34,12,4.5,0,29.9,29.9,29.8,0
8/20/2023,89,75.8,60,71,62.3,57,90,66.3,38,7,3.5,0,30,29.9,29.9,0
8/21/2023,91,80.9,69,72,68.8,64,93,69.8,42,10,3.4,0,29.9,29.9,29.9,0
8/22/2023,84,77.4,69,72,57.7,51,87,53.3,33,15,8.2,3,30,29.9,29.9,0
8/23/2023,83,73,60,59,56,53,90,58.1,36,12,3.8,0,30,29.9,29.9,0
8/24/2023,81,75.6,71,70,64.1,59,85,68,58,9,5,0,29.9,29.8,29.8,0
8/25/2023,93,81.4,73,73,70.3,68,87,70.7,45,12,4,0,29.8,29.7,29.6,0.03
8/26/2023,92,82.7,73,72,69.1,64,91,65.5,42,9,5.4,0,29.7,29.7,29.6,0
8/27/2023,89,79.8,71,68,64.4,60,81,60.7,41,13,5.5,0,29.8,29.7,29.7,0
8/28/2023,79,75.9,73,70,68.6,67,87,78.1,68,13,8.8,3,29.8,29.8,29.8,0
8/29/2023,82,76,72,72,70.6,69,93,83.6,67,10,6,0,29.8,29.8,29.7,0.01
8/30/2023,87,77.6,71,74,67.4,57,97,74.2,39,10,4.3,0,29.7,29.6,29.6,0.13
8/31/2023,83,73.5,66,56,51.1,43,68,47.7,26,17,10.2,5,30,29.8,29.7,0
9/1/2023,80,69.9,59,55,50.7,49,72,52.1,35,10,4.6,0,30.1,30.1,30,0
9/2/2023,87,71.7,57,63,59.2,54,90,67.3,39,10,3.8,0,30.1,30,29.9,0
9/3/2023,97,81.6,65,67,63.7,61,90,58.3,30,12,3.9,0,29.9,29.8,29.7,0
9/4/2023,99,85.2,73,70,66.2,63,79,55.9,31,14,6.8,3,29.8,29.8,29.7,0
9/5/2023,98,86.8,77,72,67.9,64,77,55.5,33,10,5.5,0,29.8,29.8,29.7,0
9/6/2023,99,85.7,73,71,69.3,65,87,60.7,33,7,4,0,29.8,29.7,29.6,0
9/7/2023,95,83.7,74,74,71.5,70,91,68.9,46,9,3.5,0,29.7,29.6,29.6,0
9/8/2023,92,84.7,74,72,69.3,63,85,60.7,48,12,5.8,0,29.8,29.8,29.7,0
9/9/2023,87,74.1,69,73,68.4,64,93,82.8,61,21,5.9,0,29.9,29.9,29.8,1.39
9/10/2023,81,75.3,69,72,69.6,67,93,83,67,7,3.7,0,29.9,29.9,29.9,0.35
9/11/2023,85,76,71,71,69.5,67,96,81.6,55,14,4.2,0,29.9,29.8,29.8,1.01
9/12/2023,86,76.8,68,72,68.3,66,96,76.5,55,18,5.3,0,29.9,29.8,29.7,0
9/13/2023,84,74.5,69,69,64.6,59,96,73.5,44,13,5.3,0,29.8,29.8,29.7,1.07
9/14/2023,80,72.5,64,62,52.7,46,76,51.3,30,12,7.5,3,29.9,29.9,29.8,0
9/15/2023,78,67,58,50,48.3,46,67,52.4,36,12,7.5,3,29.9,29.9,29.8,0
9/16/2023,82,66.8,55,53,49.9,46,80,57.9,29,10,5,0,29.9,29.8,29.8,0
9/17/2023,76,66.6,55,66,59.5,51,90,78.8,62,10,3.7,0,29.8,29.7,29.7,0
9/18/2023,78,67.7,61,62,58.5,53,93,74.6,42,12,6,0,29.8,29.7,29.6,0.07
9/19/2023,77,67,59,55,51.9,49,81,60.7,39,18,9.1,3,30,29.9,29.8,0
9/20/2023,79,65.9,53,56,52.3,49,89,65.1,39,8,2.6,0,30,30,30,0
9/21/2023,78,67.3,55,57,54.8,52,93,66.6,46,8,3.1,0,30.1,30.1,30,0
9/22/2023,73,66.6,59,60,55,52,84,67.2,53,21,12.7,3,30.1,30.1,30,0
9/23/2023,64,61.6,58,61,57.7,54,94,87.3,72,22,17.5,8,30,29.8,29.7,0.74
9/24/2023,70,66.2,64,65,63.8,61,97,91.8,81,21,6.8,0,29.8,29.7,29.6,1.13
9/25/2023,69,64.3,61,64,60.5,57,97,87.6,73,15,7.3,5,30,29.9,29.8,0.33
9/26/2023,63,60.7,59,59,57.2,55,93,88.4,81,14,9.7,7,30.2,30.1,30,0.1
9/27/2023,69,62.4,59,55,52,48,87,70,49,14,8.4,5,30.2,30.1,30.1,0.03
9/28/2023,70,62.4,55,59,55.2,49,87,77.5,65,14,8.5,3,30.1,30,30,0
9/29/2023,69,64.5,61,62,60.2,58,97,86.2,75,8,6.2,3,30,30,29.9,0.01
9/30/2023,74,67.4,63,62,59.8,58,90,77.2,62,10,6.5,0,30.1,30,29.9,0
10/1/2023,82,70.7,60,61,58.6,57,93,68.5,42,12,6.3,3,30.1,30,30,0
10/2/2023,84,72.1,62,64,60.4,57,87,68.7,44,8,4,0,30.1,30,30,0
10/3/2023,85,71.5,61,64,61,58,93,72.7,41,7,2,0,30.1,30,30,0
10/4/2023,82,69.5,59,65,57.1,43,96,69,28,9,2.4,0,30.1,30,30,0
10/5/2023,80,66.4,54,66,59.4,51,93,79.5,52,12,3,0,30.1,30,29.9,0
10/6/2023,79,73,69,69,66.8,64,94,81.6,62,9,3.2,0,29.9,29.8,29.7,0
10/7/2023,71,63.3,52,68,55.5,38,100,77.7,38,20,8.6,0,29.7,29.6,29.6,0
10/8/2023,62,54.4,49,42,38.4,34,71,55.8,38,22,11.7,7,29.7,29.6,29.6,0.1
10/9/2023,63,54.2,44,51,41.6,37,84,63.9,46,15,6.1,0,29.7,29.7,29.6,0
10/10/2023,69,57.7,49,50,46.8,42,93,70.3,39,12,3.4,0,29.7,29.7,29.6,0.01
10/11/2023,72,57.9,46,47,42.9,35,93,63.8,27,13,3.8,0,29.8,29.7,29.7,0
10/12/2023,75,60.4,48,49,45.9,41,86,63,33,8,2.5,0,29.8,29.7,29.7,0
10/13/2023,71,60.7,52,51,47.5,42,86,64.3,35,8,3,0,29.9,29.8,29.8,0
10/14/2023,60,56.6,53,58,53,47,97,87.7,72,9,6.1,0,29.8,29.5,29.4,0
10/15/2023,63,53.4,45,49,44,38,92,72.5,43,17,9.1,5,29.6,29.5,29.4,0
10/16/2023,63,53.3,42,46,43.5,39,89,70.6,54,13,7.8,3,29.7,29.6,29.6,0
10/17/2023,64,56.6,48,48,46.4,43,86,69.7,52,12,7,3,29.9,29.8,29.7,0.01
10/18/2023,65,55.1,47,46,42.7,39,90,65.7,41,15,4.4,0,30,30,29.9,0
10/19/2023,72,58.1,44,54,48,41,93,71.7,43,13,5.3,0,30,29.9,29.8,0
10/20/2023,71,59.8,53,58,54.5,50,94,83.7,51,12,3.7,0,29.8,29.5,29.3,0
10/21/2023,67,58,49,54,47.9,40,93,70.7,47,23,11.6,3,29.5,29.3,29.3,0.12
10/22/2023,63,55.2,47,46,38.8,33,86,56.3,33,21,10.3,0,29.9,29.6,29.5,0
10/23/2023,65,51.3,41,39,34.3,31,86,55.8,28,13,6.1,0,30.1,30,29.9,0
10/24/2023,72,53.5,38,49,41.5,37,97,69.2,30,8,3,0,30.2,30.2,30.1,0
10/25/2023,77,58.8,43,55,46.2,40,97,68.9,27,8,2.6,0,30.2,30.1,30.1,0
10/26/2023,83,64.7,48,56,50,41,93,64.1,23,7,2.5,0,30.1,30.1,30,0
10/27/2023,81,69.3,59,60,58,55,90,69.5,45,12,4.5,0,30,30,29.9,0
10/28/2023,85,71.8,59,63,60.3,56,93,69.5,44,14,4.6,0,29.9,29.9,29.9,0
10/29/2023,73,67.6,61,62,58.5,54,78,72.8,64,10,7.3,3,29.9,29.8,29.8,0
10/30/2023,80,62.7,53,61,54.4,40,93,75.3,52,20,7.4,0,29.9,29.7,29.5,0
10/31/2023,54,49.2,40,40,34,31,80,56.8,45,10,6.3,0,30,29.9,29.8,0.14
11/1/2023,50,42.4,36,34,27.7,24,76,57.8,38,22,10.9,0,30.2,30,29.8,0
11/2/2023,53,41.8,33,31,25.4,20,75,55.4,27,8,4.6,0,30.4,30.3,30.2,0
11/3/2023,61,45.1,30,37,31.8,26,89,64.3,26,12,2.8,0,30.3,30.3,30.2,0
11/4/2023,70,50.7,34,45,36.9,27,92,64.8,20,6,1.4,0,30.2,30.1,29.9,0
11/5/2023,73,56.7,40,45,39.6,37,92,57.7,31,15,4.2,0,30,29.9,29.8,0
11/6/2023,62,54.1,46,52,42.1,34,89,64.6,50,9,4.2,0,30,29.9,29.8,0
11/7/2023,73,61.5,48,52,46.3,36,87,59.1,32,10,5.6,0,29.8,29.7,29.6,0
11/8/2023,63,52.9,44,42,38.4,34,79,59.8,35,12,5.1,0,30,29.9,29.8,0
11/9/2023,76,58.1,47,61,49,39,90,73.5,45,13,5.5,0,29.9,29.8,29.6,0
11/10/2023,56,47.2,39,44,40.3,36,96,79,49,9,5.3,0,30.1,30,29.9,0.01
11/11/2023,60,47.2,38,42,37.5,32,93,72.2,37,8,3,0,30.3,30.2,30.1,0.21
11/12/2023,52,44,36,37,30.3,27,86,59.9,43,12,5.7,0,30.4,30.3,30.3,0
11/13/2023,56,43.6,30,36,32.1,25,85,65.8,45,10,3.2,0,30.3,30.1,30,0
11/14/2023,60,47,36,35,31.5,30,82,57.8,33,13,5.5,0,30.3,30.2,30.1,0
11/15/2023,60,47.1,34,42,34.7,30,93,64.7,38,10,2.8,0,30.3,30.2,30.1,0
11/16/2023,72,52.3,34,40,35.3,29,92,58.8,21,7,2,0,30.1,30.1,30,0
11/17/2023,71,56.6,39,55,47.4,36,90,73,49,13,3.4,0,30,29.8,29.6,0
11/18/2023,59,52.6,40,56,39.1,26,97,63.2,33,17,9,0,29.8,29.7,29.6,0.02
11/19/2023,59,46.8,36,32,28.7,26,70,51.7,31,13,5,0,30,29.9,29.8,0
11/20/2023,51,43.6,38,31,27.4,24,70,53.8,38,12,5.9,0,30.3,30.2,30,0
11/21/2023,58,49.6,39,56,44.7,29,93,83.7,58,17,11.4,0,30.3,30,29.7,0
11/22/2023,60,53.2,48,55,45.7,38,97,77.3,53,17,9.3,0,29.6,29.6,29.6,2.28
11/23/2023,57,47.9,40,38,33.5,31,79,58.8,42,14,7,0,29.9,29.8,29.6,0
11/24/2023,55,44.8,36,38,31.7,21,89,61.9,45,13,6.1,0,30.2,30,29.9,0
11/25/2023,42,35.4,30,24,20.9,19,76,56.5,41,9,4,0,30.3,30.2,30.2,0
11/26/2023,45,41.9,31,43,37.4,25,96,84.3,68,12,4.3,0,30.1,29.9,29.6,0
11/27/2023,49,40.8,32,39,28.9,20,93,65.4,42,25,11,3,29.8,29.7,29.6,0.28
11/28/2023,42,35.3,27,24,16.1,9,62,46.1,32,22,13.4,6,30,29.9,29.7,0
11/29/2023,40,31.5,23,17,11.3,8,60,44.5,28,12,6.4,0,30.1,30,29.9,0
11/30/2023,58,41.7,26,35,24.5,15,71,53.3,30,12,3.5,0,30,30,29.9,0
12/1/2023,48,43.4,31,46,39.1,27,93,85.5,58,5,0.7,0,30,29.9,29.8,0
12/2/2023,54,49.6,44,52,47.9,43,100,94.3,89,7,2,0,29.9,29.9,29.8,0.18
12/3/2023,56,52.5,49,54,50.9,47,97,93.9,89,12,4.8,0,29.8,29.6,29.5,0.54
12/4/2023,55,48.3,37,37,33.8,31,79,58.2,45,13,7.7,0,29.8,29.7,29.6,0.06
12/5/2023,49,42.2,33,34,30.4,29,85,64.6,46,10,4.3,0,29.9,29.9,29.8,0
12/6/2023,44,39.4,32,35,29.6,22,83,68.3,51,13,6.9,3,30,29.9,29.8,0
12/7/2023,45,38.9,29,31,26.4,23,78,61.9,46,9,4.3,0,30,29.9,29.8,0
12/8/2023,57,44.3,33,39,33.9,29,89,69.1,42,9,3.1,0,30,30,29.9,0
12/9/2023,55,42.7,36,42,39.2,33,100,88.2,59,9,1.4,0,30.1,30,29.9,0
12/10/2023,61,53.7,42,60,51.2,38,100,91.3,85,18,4.9,0,29.9,29.7,29.5,0
12/11/2023,47,38.8,34,37,30.4,22,93,74.3,44,22,10.5,3,30.1,29.8,29.6,1.93
12/12/2023,49,37.7,26,29,23.4,21,85,59.1,33,9,4.6,0,30.3,30.3,30.2,0
12/13/2023,50,38.6,29,32,21.7,15,85,54.3,28,17,6.9,0,30.5,30.4,30.3,0
12/14/2023,48,36.4,26,23,18.2,15,75,50.3,27,8,3.1,0,30.6,30.5,30.4,0
12/15/2023,59,44.5,30,28,24.4,20,66,47.4,29,14,6.5,0,30.4,30.3,30.2,0
12/16/2023,57,45.4,34,40,31.5,26,86,60.1,39,8,4.8,0,30.3,30.3,30.2,0
12/17/2023,57,50.8,42,55,48.8,39,100,93.1,85,18,9.1,5,30.2,29.8,29.2,0
12/18/2023,57,51.2,38,56,42,24,96,72.7,46,28,15.3,5,29.6,29.2,29,2.69
12/19/2023,42,36.9,27,24,21.3,17,66,53.6,45,22,11.5,3,30.3,29.9,29.6,0
12/20/2023,48,34.9,24,22,19.3,16,75,55.8,29,10,4.8,0,30.3,30.3,30.2,0
12/21/2023,48,39.8,29,29,25.7,21,75,58.1,42,8,3.8,0,30.3,30.3,30.2,0
12/22/2023,45,40.6,35,32,26.5,21,76,57.8,43,9,6.2,3,30.3,30.3,30.2,0
12/23/2023,49,43,36,38,35.1,30,86,74.1,66,9,4.6,0,30.3,30.3,30.2,0
12/24/2023,51,44.5,38,43,40,34,92,84.3,71,7,2.1,0,30.3,30.2,30.2,0.02
12/25/2023,57,47.4,43,42,39.9,38,90,75.7,57,8,4.4,0,30.3,30.2,30.2,0
12/26/2023,48,46.2,45,46,44.1,42,97,92.7,89,12,6.9,3,30.2,30.1,30,0
12/27/2023,54,51,46,54,49.3,45,100,94.2,90,14,8.6,0,30,29.8,29.6,0.17
12/28/2023,58,53.7,48,52,49.8,42,94,87.1,72,10,4.6,0,29.6,29.6,29.5,1.49
12/29/2023,55,49.1,44,42,34.9,27,79,59.4,42,12,6.3,0,29.6,29.6,29.5,0
12/30/2023,49,43.6,39,32,29.7,27,67,58.2,51,18,9.8,5,29.8,29.6,29.6,0
12/31/2023,50,44.8,42,32,27.9,25,67,52,43,12,4.9,0,29.9,29.8,29.8,0
1/1/2024,44,40.5,38,36,33.8,30,86,77.6,65,14,5.5,0,29.9,29.9,29.8,0
1/2/2024,45,39,33,33,26.9,24,82,62.9,46,14,8.3,3,30,29.9,29.9,0.03
1/3/2024,48,38.2,28,29,26.3,22,82,63.7,42,7,3.4,0,29.9,29.9,29.8,0
1/4/2024,45,38.5,31,30,24.3,17,73,57.5,38,18,7.5,0,30.1,29.9,29.8,0
1/5/2024,42,31.4,24,20,17.6,15,75,58.2,38,7,2.5,0,30.2,30.1,30.1,0
1/6/2024,39,36,27,37,31.9,20,93,85.3,69,22,9.3,0,30.1,29.7,29.5,0
1/7/2024,50,41,36,36,32.5,28,93,73.4,54,23,10.5,6,29.9,29.6,29.5,1.2
1/8/2024,50,41.4,32,31,27,24,78,58.3,39,14,6.5,0,30.3,30.2,30,0
1/9/2024,59,50.2,35,56,47,29,93,88.6,78,26,12.5,5,30.2,29.5,28.9,0
1/10/2024,57,48.5,42,53,31.8,26,87,53.8,41,28,15.5,9,29.6,29.3,28.9,2.62
1/11/2024,52,41.9,32,30,27.3,25,79,57.8,38,9,4.5,0,29.9,29.7,29.6,0
1/12/2024,56,43.5,30,53,35.7,26,96,75.8,46,22,9,0,30,29.7,29.3,0
1/13/2024,56,47.3,34,54,36.1,18,96,68.4,36,29,13.6,0,29.7,29.3,29.1,0.48
1/14/2024,45,34.5,29,28,16,1,73,49.5,26,31,13,0,30,29.8,29.7,0
1/15/2024,30,27.6,25,26,21.2,2,92,78.6,30,13,4.8,0,30.1,30.1,29.9,0.01
1/16/2024,31,27.8,16,26,22.2,4,89,80.6,48,18,9.3,5,29.9,29.8,29.6,0.45
1/17/2024,28,20.5,13,7,3.4,1,65,49,33,17,7.6,0,30,29.9,29.9,0.02
1/18/2024,34,27.3,16,21,12.9,5,71,55.9,40,8,2.1,0,30.1,30,29.8,0
1/19/2024,33,30.1,23,28,25.3,19,88,82.5,64,12,6.6,0,29.8,29.7,29.6,0.19
1/20/2024,25,22,18,17,7.3,4,72,54,42,24,14.5,3,30.1,30,29.8,0.16
1/21/2024,33,25.7,18,14,11.3,6,65,54.9,45,18,11.9,5,30.4,30.3,30.1,0
1/22/2024,39,27.2,16,18,13.3,9,81,58,36,10,3.7,0,30.5,30.4,30.3,0
1/23/2024,45,34.5,24,26,22.6,18,81,63.2,42,7,2.4,0,30.4,30.3,30.3,0
1/24/2024,45,40.3,36,41,35.2,26,89,82.1,62,6,2.3,0,30.3,30.2,30.1,0
1/25/2024,61,51.6,45,59,49.2,41,100,91.8,86,8,1.6,0,30,30,29.9,0.04
1/26/2024,78,56.6,48,66,53.4,46,100,90,52,10,4,0,29.9,29.9,29.8,0.2
1/27/2024,59,49,42,48,43.5,40,100,82.9,53,14,4.3,0,30.1,30,29.9,0
1/28/2024,46,43.4,42,43,40.4,38,93,89,82,21,9.3,5,29.9,29.6,29.5,1.3
1/29/2024,45,42.9,41,37,31.6,28,82,65,52,20,12,6,30,29.8,29.6,0.04
1/30/2024,42,39.6,38,30,27.8,26,70,63.1,57,10,7.3,3,30.1,30,29.9,0
1/31/2024,44,39.3,33,37,33.8,30,93,81.3,71,7,4.3,0,30,29.9,29.9,0
2/1/2024,55,41.8,29,36,32,27,96,71.5,43,10,3.6,0,29.9,29.8,29.7,0
2/2/2024,50,45.4,41,41,34,26,89,66,48,16,7.7,0,29.9,29.8,29.7,0.02
2/3/2024,51,40.4,32,26,24.6,23,73,54.8,36,12,5.2,0,29.9,29.9,29.9,0
2/4/2024,53,39.4,28,27,22.1,17,78,53.8,24,7,2.5,0,29.9,29.8,29.8,0
2/5/2024,48,38.2,27,26,24,22,85,59,40,10,5.5,0,29.9,29.8,29.7,0
2/6/2024,44,36,29,25,18.4,15,67,50.9,31,15,6.6,0,30.1,30,29.9,0
2/7/2024,51,37.2,24,24,21.1,17,75,54.7,32,7,2.5,0,30.2,30.1,30.1,0
2/8/2024,55,41.5,29,31,26.8,23,82,58.8,33,8,3.1,0,30.2,30.1,30,0
2/9/2024,61,47.1,38,39,35.9,32,89,67.3,41,7,2.9,0,30,29.9,29.8,0
2/10/2024,64,51.9,40,51,43.1,36,89,73.8,48,14,3.5,0,29.8,29.7,29.6,0
2/11/2024,57,51.7,47,50,44.4,41,89,76.5,64,8,4.1,0,29.8,29.8,29.7,0
2/12/2024,49,45.8,42,45,41.9,39,97,86.5,74,15,4.6,0,29.8,29.7,29.5,0.05
2/13/2024,46,39.9,34,41,34,25,97,81.5,46,26,12.8,0,29.8,29.5,29.2,0.86
2/14/2024,44,37.3,27,26,18.6,14,69,48.7,31,20,9.4,0,30.1,30,29.8,0.13
2/15/2024,46,34.9,23,33,24.6,18,86,67.7,47,10,3.2,0,30.1,29.9,29.7,0
2/16/2024,47,41.8,36,31,18.8,14,82,41.2,27,21,9,0,29.9,29.8,29.7,0
2/17/2024,40,33.4,27,32,24.1,11,96,71.4,40,23,9.7,3,29.8,29.7,29.6,0.24
2/18/2024,48,35.5,24,17,13.4,11,63,42.5,24,14,7.5,0,29.9,29.8,29.7,0
2/19/2024,47,37.5,27,23,19.4,16,69,49.6,34,10,3.9,0,30.2,30,29.9,0
2/20/2024,46,35.9,27,27,23,19,79,61.1,42,10,6.1,0,30.3,30.3,30.2,0
2/21/2024,45,36.3,28,28,25.8,23,88,67.5,42,10,5.3,0,30.3,30.2,30.1,0
2/22/2024,46,39.6,27,40,34.4,24,92,81.9,65,12,5.5,0,30.1,29.7,29.4,0
2/23/2024,50,44.1,38,42,39.8,37,100,85.4,71,10,4.4,0,29.4,29.4,29.3,0.22
2/24/2024,50,42.9,31,41,29.9,13,96,63,35,14,8.3,3,29.9,29.6,29.4,0.02
2/25/2024,47,34.7,21,24,17.2,12,74,51.4,27,9,3,0,30.1,30,29.9,0
2/26/2024,61,45.7,30,38,32.4,23,85,61.9,35,12,2.7,0,29.9,29.9,29.8,0
2/27/2024,66,52.9,36,54,43.9,34,93,74.7,36,14,5.8,0,29.8,29.7,29.6,0
2/28/2024,65,57.9,41,58,50.4,18,93,77.3,40,36,12.8,0,29.9,29.6,29.4,0.01
2/29/2024,47,38,31,18,14.1,10,54,39.1,23,21,11.7,0,30.3,30.2,29.9,0.27
3/1/2024,50,40.4,26,36,23.4,14,82,53.3,29,13,6.2,0,30.5,30.4,30.3,0
3/2/2024,55,47.3,40,54,44.9,36,100,91.6,83,14,8,0,30.3,30,29.9,0.2
3/3/2024,68,52.5,38,47,43.2,37,100,73.9,45,12,3.2,0,30.1,30,30,0
3/4/2024,66,54.9,47,48,45.7,42,89,72.3,52,14,6.6,0,30.2,30.1,30.1,0
3/5/2024,54,48.9,47,48,46.4,45,97,91.4,77,16,7.7,0,30.1,29.9,29.9,0.23
3/6/2024,53,50.3,45,52,49.3,44,100,96.6,93,12,6.4,0,29.9,29.8,29.6,0.26
3/7/2024,63,56.1,50,51,45.8,40,93,70.2,52,17,8.8,3,30,29.8,29.6,0.38
3/8/2024,56,49.1,43,40,38.4,37,80,67.4,51,15,7.7,0,30.1,30.1,30,0
3/9/2024,51,46,42,51,43.5,36,100,91.3,76,14,9.1,0,30.1,29.7,29.4,0
3/10/2024,45,45,45,43,42.8,42,93,92.4,90,13,10,7,29.4,29.4,29.4,0
3/11/2024,55,45.5,37,26,19.5,16,65,37.7,22,28,18.4,6,29.8,29.7,29.6,0
3/12/2024,73,58.1,45,36,28.4,19,47,32.8,26,17,10.5,6,29.8,29.8,29.7,0
3/13/2024,73,59.4,40,39,32.3,29,73,39.4,20,12,5.1,0,29.8,29.8,29.7,0
3/14/2024,79,62.8,45,40,35.6,33,68,40.5,19,10,4.5,0,29.9,29.8,29.7,0
3/15/2024,74,65.3,55,55,48.5,38,83,56,37,20,9,3,29.7,29.6,29.6,0
3/16/2024,64,54.2,43,41,35.7,31,74,52,31,15,6.9,0,29.8,29.7,29.6,0.01
3/17/2024,70,57.5,49,44,36.6,27,77,49.7,21,17,6.6,0,29.6,29.5,29.4,0
3/18/2024,51,44.1,35,28,20.6,14,51,40,29,21,13.2,6,29.7,29.6,29.6,0
3/19/2024,52,42.7,33,22,19.4,17,61,40.8,25,21,10.6,0,29.8,29.7,29.5,0
3/20/2024,68,50.5,39,29,23,19,49,36.3,17,30,13.5,3,29.8,29.6,29.4,0
3/21/2024,48,39.3,31,18,12.3,9,48,34.3,23,18,9.5,0,30.1,30,29.9,0
3/22/2024,48,40.6,29,37,23.4,15,76,50.9,40,14,8,0,30.2,30.1,29.9,0
3/23/2024,56,44.8,36,50,38.8,20,97,81,48,24,12.4,5,29.9,29.7,29.5,0.55
3/24/2024,50,39.7,30,27,20.5,17,65,47.6,32,15,6.9,0,30.2,30.1,29.9,0.98
3/25/2024,53,42.8,31,30,27.2,23,79,55.5,40,13,6.7,0,30.3,30.2,30.1,0
3/26/2024,55,45.9,36,42,35.1,29,82,67.2,49,12,6.1,0,30.1,30,29.9,0
3/27/2024,47,45.7,44,47,44,40,100,93.9,82,12,4.7,0,30,29.9,29.9,0
3/28/2024,53,48.4,43,47,41.6,26,100,80.1,39,15,5.7,0,29.9,29.8,29.7,0
3/29/2024,62,49.6,35,31,25,23,64,40.4,22,24,11.6,0,29.8,29.7,29.6,0
3/30/2024,62,52.1,38,46,31.7,24,90,48.5,28,14,7.1,0,29.8,29.7,29.6,0
3/31/2024,68,54.7,44,48,44.1,42,100,70.8,43,12,4.8,0,29.8,29.7,29.6,0.08
4/1/2024,53,50.9,50,50,48.6,45,100,91.5,80,13,7,0,29.8,29.8,29.7,0.51
4/2/2024,50,49,48,49,47.3,46,97,94.3,89,21,9.8,0,29.8,29.7,29.5,0.64
4/3/2024,50,48,45,49,46.6,42,97,95.3,89,24,13.6,5,29.5,29.3,29.1,0.61
4/4/2024,53,44.2,36,42,38.5,35,100,81.3,63,23,6.2,0,29.5,29.3,29.2,1.1
4/5/2024,54,45.4,37,37,31.9,25,83,60.9,41,18,12.5,6,29.7,29.6,29.5,0.02
4/6/2024,56,47.5,38,33,30.4,26,70,52.8,40,22,12.2,6,29.8,29.8,29.7,0
4/7/2024,64,53.2,42,33,31.1,29,65,45.1,29,16,6.6,0,30,29.9,29.9,0
4/8/2024,70,54.2,37,43,36.8,32,86,55.6,27,10,4.1,0,30.1,30,29.9,0
4/9/2024,76,61.9,44,49,45.4,41,89,58.1,32,13,3,0,29.9,29.9,29.8,0
4/10/2024,75,66.6,57,56,53.4,50,81,63.7,46,10,3.8,0,29.8,29.8,29.8,0
4/11/2024,70,65.7,61,62,59.8,57,90,81.7,68,18,10.7,3,29.8,29.6,29.3,0
4/12/2024,68,62.3,57,62,50.5,38,90,69.1,37,25,14.9,6,29.5,29.3,29.2,0.06
4/13/2024,65,58.4,50,41,34,28,57,40.9,28,26,17.4,0,29.8,29.6,29.4,0.16
4/14/2024,82,65.1,42,47,39.1,32,76,42.3,24,18,8,0,29.9,29.7,29.5,0
4/15/2024,84,73.1,62,55,51.9,48,70,49.3,31,13,6.6,0,29.8,29.7,29.6,0
4/16/2024,77,66,53,42,37.5,34,57,36,26,13,5.2,0,30,30,29.8,0
4/17/2024,70,62.4,56,60,49.7,38,90,64.5,48,13,5.9,0,30,29.9,29.7,0
4/18/2024,68,60,54,58,54.5,46,97,82.8,65,16,7.4,0,30,29.8,29.7,0.03
4/19/2024,55,52.2,49,52,47.3,44,93,83.4,77,12,6.7,0,30,29.9,29.9,0
4/20/2024,72,60.3,54,55,42.6,27,96,61.1,19,18,6.8,0,29.9,29.8,29.7,0.05
4/21/2024,54,49.3,43,31,27.1,23,60,42.8,36,12,5.8,0,29.9,29.9,29.8,0
4/22/2024,64,51.4,37,33,28.3,23,70,44.4,23,10,4.8,0,30,29.9,29.9,0
4/23/2024,71,56.1,39,45,35.8,28,82,52,21,14,5.5,0,30,29.9,29.7,0
4/24/2024,74,64.1,55,46,41.6,36,67,45.5,27,20,8.8,0,29.9,29.8,29.7,0
4/25/2024,59,54.1,46,44,39.9,36,73,59.1,49,13,8.3,5,30.2,30.1,29.9,0
4/26/2024,64,53.5,39,42,33.2,25,86,51.1,24,15,7.2,0,30.3,30.3,30.2,0
4/27/2024,58,54.1,51,51,43.6,32,84,68,45,8,5,0,30.3,30.3,30.1,0
4/28/2024,85,67.1,52,59,54.6,48,90,67.7,37,12,2.9,0,30.1,30,29.9,0.02
4/29/2024,90,77.8,62,62,59,55,86,55.5,30,13,5.8,0,29.9,29.8,29.8,0
4/30/2024,87,75.4,65,61,57.1,54,87,54.5,36,22,9,3,29.8,29.7,29.6,0
5/1/2024,83,71.5,62,62,57.2,49,97,65.6,33,12,5,0,29.8,29.8,29.7,0.18
5/2/2024,90,75.9,57,61,56.3,54,96,55.5,29,16,5.7,0,29.8,29.8,29.7,0
5/3/2024,70,64.2,53,63,51.8,47,81,64.8,49,18,12.8,0,30,29.9,29.8,0
5/4/2024,53,52,51,52,50.5,48,100,94.8,83,14,9.6,0,30.1,30.1,30,0.31
5/5/2024,67,59.6,52,65,58.6,51,100,96.3,90,12,6.1,0,30,30,29.9,0.59
5/6/2024,72,66.9,63,67,64.7,63,100,93,78,7,1.2,0,29.9,29.8,29.7,0.22
5/7/2024,78,69.3,64,66,65.1,64,100,87.5,64,7,2.3,0,29.7,29.6,29.5,0
5/8/2024,85,74.8,65,67,62.6,58,100,69.4,40,16,7.6,0,29.6,29.5,29.4,0
5/9/2024,70,66,59,58,53.8,49,86,65.9,49,13,7.8,0,29.6,29.5,29.5,0
5/10/2024,59,53.6,50,55,50.9,47,96,90.8,81,15,11.8,6,29.7,29.6,29.5,0.25
5/11/2024,64,54.7,47,51,44.9,40,93,72.2,41,10,4.7,0,29.7,29.7,29.6,0.1
5/12/2024,66,53.7,47,56,48,0,100,84.7,0,18,4.8,0,29.9,29.7,29.6,0.24
5/13/2024,74,61.2,53,56,52.8,48,100,78,40,13,5.6,0,29.9,29.9,29.8,0.06
5/14/2024,67,62.5,55,63,59.8,52,100,90.8,76,8,4.5,0,29.9,29.8,29.7,0
5/15/2024,65,61.2,57,62,59.4,56,100,93.9,81,14,8.5,0,29.7,29.6,29.6,0.36
5/16/2024,77,66.6,53,59,56.4,53,100,72.2,50,16,9.4,3,29.7,29.6,29.6,0.04
5/17/2024,67,63.9,62,58,57.2,56,86,78.9,70,9,5.4,0,29.8,29.8,29.7,0
5/18/2024,65,62,59,61,59.1,57,97,90.1,78,6,2.5,0,29.8,29.8,29.8,0.03
5/19/2024,74,64.8,60,62,60.7,60,100,87.6,64,6,3,0,29.9,29.8,29.8,0.18
5/20/2024,77,64.9,58,63,59.9,57,97,84.9,62,8,3.8,0,29.9,29.9,29.8,0
5/21/2024,82,70,56,64,59.8,56,100,72.8,45,12,4.8,0,29.9,29.8,29.8,0
5/22/2024,86,73.2,61,69,63.9,58,96,73.9,53,12,4.5,0,29.8,29.8,29.7,0
5/23/2024,83,74.3,69,68,65.9,64,90,76,53,12,3.7,0,29.8,29.7,29.7,0
5/24/2024,85,75.6,65,67,60,52,97,62.6,35,12,4.2,0,29.7,29.7,29.6,0
5/25/2024,87,76,66,68,61.9,56,93,65,37,13,4.8,0,29.7,29.7,29.6,0
5/26/2024,87,75.9,64,70,64.8,50,100,72.2,28,10,4.6,0,29.8,29.7,29.7,0.02
5/27/2024,79,71.9,65,71,67.1,61,100,85.3,66,16,6.5,0,29.7,29.6,29.5,0.01
5/28/2024,83,72.1,63,64,57.5,53,100,63.8,36,15,9,0,29.7,29.7,29.6,0.31
5/29/2024,77,65.8,58,60,56,52,93,72.5,42,15,5.2,0,29.8,29.8,29.7,0
5/30/2024,76,65.6,56,53,47.4,42,90,56,32,13,8.3,3,29.9,29.9,29.8,0.05
5/31/2024,76,65.6,51,46,41,38,69,42.7,26,13,6.4,0,30.1,30,29.9,0
6/1/2024,85,70.9,56,50,46,42,69,44,24,8,4,0,30.1,30,29.9,0
6/2/2024,83,72.7,60,63,56.5,50,80,58.4,37,12,5.7,0,29.9,29.9,29.8,0
6/3/2024,86,77.7,69,65,62.7,60,81,61.3,43,8,4.8,0,29.8,29.8,29.7,0
6/4/2024,87,77,66,68,63.9,61,87,65.8,41,16,6.3,0,29.8,29.8,29.8,0
6/5/2024,81,74.3,71,73,70.8,67,100,88.9,69,14,7,0,29.8,29.6,29.5,0
6/6/2024,86,78.7,73,72,70.2,66,93,76.2,58,13,6.8,3,29.5,29.4,29.4,0.33
6/7/2024,87,76.8,66,67,54.3,45,93,49.8,28,20,10.3,0,29.6,29.5,29.5,0
6/8/2024,85,73.6,61,56,51.3,48,67,47.8,31,16,8.5,0,29.7,29.6,29.6,0
6/9/2024,84,74.8,66,61,53.3,46,68,48.2,30,20,10.4,0,29.6,29.5,29.5,0
6/10/2024,82,72.2,59,55,51.5,49,69,49.3,35,14,8.7,5,29.7,29.6,29.5,0
6/11/2024,74,67.5,61,57,52.7,49,84,60.5,42,14,6.1,0,29.9,29.8,29.7,0
6/12/2024,83,70.4,54,61,53.5,50,90,59.4,33,10,5.2,0,29.9,29.9,29.8,0
6/13/2024,88,76.3,63,68,64.5,59,90,68.2,51,13,4.8,0,29.9,29.8,29.8,0
6/14/2024,92,79.4,70,68,64.8,58,90,64.2,32,14,4.7,0,29.8,29.7,29.7,0.03
6/15/2024,86,75.4,65,67,55.7,47,97,55.7,29,12,6,0,30,29.9,29.8,0.06
6/16/2024,86,74.4,60,62,55.3,51,83,54.2,31,10,5.7,0,30.1,30,30,0
6/17/2024,90,78.8,68,70,64.8,58,76,62.9,46,12,6.5,0,30,30,29.9,0
6/18/2024,90,80.6,72,69,65.5,63,76,61,46,13,5.6,0,30.1,30.1,30,0
6/19/2024,89,79.4,70,68,63,52,87,60.2,35,10,4.6,0,30.2,30.2,30.1,0
6/20/2024,90,79.3,69,67,65,63,87,63.7,45,10,3.9,0,30.2,30.1,30.1,0
6/21/2024,97,82.6,68,69,66,63,87,60,32,10,4.6,0,30.1,30,29.9,0
6/22/2024,101,87,74,72,69.5,66,85,58.8,32,9,5.2,0,29.9,29.8,29.7,0
6/23/2024,96,88.7,81,70,68.3,66,67,52,38,16,9.3,5,29.7,29.6,29.5,0
6/24/2024,89,83.1,72,68,57.5,48,62,43.5,26,20,11.3,3,29.8,29.6,29.5,0
6/25/2024,92,80,64,65,54,46,67,43.9,22,15,5.8,0,29.8,29.8,29.7,0
6/26/2024,98,84.9,73,70,65.1,62,88,54.5,31,21,8.8,3,29.7,29.6,29.5,0
6/27/2024,91,79.3,71,70,63.5,57,93,62.5,33,13,6.5,3,29.8,29.7,29.6,0.09
6/28/2024,84,76.5,70,64,54.5,46,71,47.4,36,16,10.5,3,30,29.9,29.8,0
6/29/2024,91,80,69,76,69.8,62,82,72,48,14,6.4,0,30,29.9,29.8,0
6/30/2024,96,81.9,77,77,73.3,53,96,77.3,42,15,6.8,0,29.9,29.8,29.7,0.73
7/1/2024,80,72.3,63,57,53,51,73,51.8,38,17,9.7,0,30,29.9,29.8,0.11
7/2/2024,86,76,63,61,55.4,50,78,51.4,29,9,5.1,0,30.1,30,30,0
7/3/2024,87,77.8,69,67,62.5,59,81,61.2,41,14,5.6,0,30.1,30,29.9,0
7/4/2024,93,81.7,71,77,71.6,66,90,72.9,50,10,4.7,0,29.9,29.8,29.7,0
7/5/2024,97,85.1,77,79,75.5,71,96,75.8,43,9,4.7,0,29.7,29.6,29.6,0
7/6/2024,99,89.6,81,79,73.3,67,82,60.3,38,12,6.8,3,29.7,29.7,29.6,0
7/7/2024,96,87.2,78,71,64.7,59,71,48.5,33,13,5,0,29.9,29.8,29.8,0
7/8/2024,96,86.7,73,74,67.8,64,84,55.8,35,10,4.6,0,29.9,29.8,29.8,0
7/9/2024,97,85.5,77,78,74.8,71,94,71.8,46,14,5.2,0,29.8,29.8,29.7,0
7/10/2024,95,86,80,79,77.2,76,94,76.3,56,16,8,0,29.7,29.6,29.6,0.13
7/11/2024,92,82.3,74,71,63.2,61,79,53.3,38,14,7.2,0,29.9,29.8,29.6,0.07
7/12/2024,81,77.7,73,75,71.4,66,93,81.1,71,12,3.7,0,30,30,29.9,0.03
7/13/2024,94,82.3,74,74,72.1,69,94,73.4,44,10,3.2,0,30,30,29.9,0.03
7/14/2024,99,86.3,75,77,72.3,65,94,66.4,33,15,5,0,29.9,29.8,29.8,0
7/15/2024,101,89,77,77,70.6,65,94,57.5,33,14,5.6,0,29.8,29.7,29.6,0
7/16/2024,103,89.1,77,76,70.1,63,96,58.3,27,25,9.4,0,29.7,29.6,29.6,0
7/17/2024,98,84.8,77,77,73.8,66,96,73,35,12,4.6,0,29.7,29.7,29.6,0.16
7/18/2024,86,80.1,74,75,68,61,96,68.6,44,10,5.4,0,29.8,29.8,29.7,0.02
7/19/2024,87,78.4,71,67,60.6,55,87,56.4,38,10,5.4,0,30,29.9,29.9,0
7/20/2024,87,77.5,72,73,69.5,63,94,77.5,44,10,3,0,30,29.9,29.9,0
7/21/2024,90,80.7,69,74,69,66,97,70.1,48,14,4.1,0,29.9,29.9,29.8,0.06
7/22/2024,82,76.7,74,75,73.2,70,96,89,76,14,5.6,0,29.9,29.9,29.8,0
7/23/2024,90,79.4,71,74,70.2,63,100,76.3,40,12,5.1,0,29.9,29.9,29.8,0.4
7/24/2024,89,79.1,75,75,72.9,67,96,82.9,48,6,2.7,0,29.9,29.9,29.9,0.03
7/25/2024,88,80.4,74,75,71,67,94,75.1,49,13,4.9,0,29.9,29.9,29.9,0
7/26/2024,86,77.2,71,71,58.3,52,93,54.5,32,12,5.3,0,30,29.9,29.9,0
7/27/2024,90,77.2,64,62,57.7,53,90,55,31,9,4.1,0,30,30,29.9,0
7/28/2024,90,78.8,64,63,59,56,87,54.4,31,10,4.1,0,30,29.9,29.9,0
7/29/2024,93,79,72,74,69.8,64,94,75,44,17,6.5,0,29.9,29.8,29.7,0
7/30/2024,86,78.1,73,77,72.8,71,94,84,65,12,6.3,3,29.8,29.8,29.7,0.47
7/31/2024,93,81.6,75,73,71.2,65,94,73,47,12,5.6,0,29.8,29.8,29.7,0.01
8/1/2024,99,86.3,72,74,69.5,63,93,61.2,30,12,4,0,29.8,29.8,29.7,0
8/2/2024,99,83.9,75,76,74.1,68,100,76,36,23,8.3,0,29.8,29.7,29.6,0
8/3/2024,94,79.7,73,75,73.3,71,100,82.9,47,18,6.5,0,29.7,29.7,29.6,2.18
8/4/2024,87,78.2,73,74,72.3,71,96,83,61,8,3.9,0,29.9,29.8,29.7,0.79
8/5/2024,94,83.5,72,76,72,67,100,71.3,43,9,3.6,0,29.9,29.9,29.8,0
8/6/2024,95,84.1,75,77,74.3,68,96,74,47,16,7.4,3,29.8,29.8,29.7,0
8/7/2024,86,77.8,74,76,73.5,70,96,86.5,69,16,7.2,0,29.8,29.7,29.7,0.14
8/8/2024,79,77,73,78,75.5,73,100,95.2,88,17,12.4,8,29.8,29.8,29.7,0.83
8/9/2024,81,79.3,77,77,76.2,75,96,90,82,21,10.3,3,29.7,29.6,29.6,0.65
8/10/2024,89,81.2,72,76,68.5,61,100,67.6,46,12,4.8,0,29.8,29.8,29.7,0
8/11/2024,83,74.8,67,64,59.9,55,87,61.8,41,12,5.3,0,29.9,29.9,29.8,0
8/12/2024,84,74.1,64,62,58.8,54,90,61.9,37,14,5.3,0,29.9,29.9,29.8,0
8/13/2024,85,74.8,64,62,58.7,56,81,59.4,37,9,3.8,0,29.9,29.9,29.9,0
8/14/2024,85,75.5,65,63,60.8,58,90,62.5,41,9,5,0,29.9,29.9,29.9,0
8/15/2024,88,76.7,64,64,61.1,55,90,61.9,32,7,4.1,0,29.9,29.9,29.9,0
8/16/2024,87,77.8,64,67,64.3,62,96,65.6,43,12,4.2,0,29.9,29.9,29.8,0
8/17/2024,81,74.8,68,74,70.2,65,96,85.8,64,9,4.5,0,29.8,29.8,29.7,0.18
8/18/2024,85,74.8,69,75,70.9,68,100,88.2,67,15,4.5,0,29.7,29.6,29.5,0.2
8/19/2024,84,75.6,69,71,67.4,62,100,77.1,56,15,7.5,0,29.7,29.6,29.6,0.54
8/20/2024,74,67.8,58,62,53.3,49,81,60.9,44,14,9.3,0,29.9,29.8,29.7,0
8/21/2024,75,64.3,53,52,50,46,86,62.5,37,13,6.6,0,30,30,29.9,0
8/22/2024,78,66.6,54,55,51.6,47,93,62.5,33,12,4.4,0,30.1,30.1,30,0
8/23/2024,83,69.5,56,57,53.6,50,93,61.9,32,9,2,0,30.2,30.1,30.1,0
8/24/2024,85,71.3,57,62,58.8,56,96,67.5,41,9,3.2,0,30.1,30.1,30,0
8/25/2024,87,74.4,62,64,61.1,59,90,65.3,46,10,4.3,0,30.1,30.1,30,0
8/26/2024,91,76.2,68,72,68.6,62,100,78.8,50,13,4.4,0,30.1,30,29.9,0
8/27/2024,91,78.5,65,71,65.3,61,100,67.8,39,9,3.5,0,30,29.9,29.9,0.01
8/28/2024,96,84.3,73,75,70.6,65,84,65.1,43,21,6.9,0,29.9,29.9,29.8,0
8/29/2024,87,78.5,71,75,72.6,70,96,82.9,67,14,8.6,0,30.1,30,29.9,0
8/30/2024,75,71.7,70,70,69.4,68,100,92.7,82,13,8.5,5,30.1,30,30,0.12
8/31/2024,82,74.8,70,71,70,69,100,85.7,69,8,3.5,0,30,29.9,29.8,0
9/1/2024,88,77.9,70,73,70.5,69,97,79.5,55,9,4.8,0,29.8,29.8,29.7,0.01
9/2/2024,81,73.7,65,71,56.1,47,93,57,30,14,7.8,0,30.1,29.9,29.8,0
9/3/2024,76,66.4,57,51,46,41,69,50,29,16,7.4,0,30.2,30.1,30.1,0
9/4/2024,77,66,53,55,51.4,47,96,63.1,38,15,4.7,0,30.3,30.2,30.2,0
9/5/2024,78,67.5,56,60,57,54,97,71,48,13,4.3,0,30.2,30.1,30.1,0
9/6/2024,80,69.1,61,64,61.5,60,97,78.3,50,8,3.1,0,30,29.9,29.8,0
9/7/2024,75,66.2,57,66,60.7,49,97,82.9,63,20,4.7,0,29.8,29.7,29.7,0
9/8/2024,73,60.8,46,49,44.8,41,96,59.8,31,12,6.4,0,30,29.9,29.8,0.01
9/9/2024,79,63.9,46,49,44.2,38,93,55.3,23,12,4.5,0,30,30,29.9,0
9/10/2024,87,70.7,54,59,53.1,47,86,57.3,32,10,4.5,0,30,29.9,29.9,0
9/11/2024,85,71.6,58,62,57.7,53,97,65.6,34,13,4.8,0,30,30,30,0
9/12/2024,81,70.8,60,65,59.8,54,97,71.6,39,10,4.7,0,30.1,30.1,30,0
9/13/2024,81,71.3,63,66,64.1,61,97,79.3,52,8,4.5,0,30.1,30.1,30,0
9/14/2024,84,72.4,60,63,58.9,55,100,66.3,40,14,6.2,0,30.1,30.1,30,0
9/15/2024,84,71.2,59,63,59.2,57,93,68.2,40,17,8.4,0,30.2,30.1,30.1,0
9/16/2024,78,69.5,62,64,59.8,57,86,72.1,54,15,10.2,6,30.1,30.1,30,0
9/17/2024,78,72.3,70,70,66.7,64,91,82.6,66,17,11.8,7,30,30,29.9,0
9/18/2024,77,71.1,68,70,68,66,100,90.4,69,15,10.4,3,29.9,29.9,29.8,0.25
9/19/2024,87,74.5,65,66,62.3,50,90,68.8,28,9,4.9,0,29.8,29.7,29.7,0.04
9/20/2024,84,73.1,62,65,60.4,57,93,66.9,41,13,3.7,0,29.8,29.8,29.7,0
9/21/2024,80,73.4,68,69,66.2,64,93,78.8,64,8,4.4,0,29.9,29.8,29.7,0
9/22/2024,72,67.9,64,70,64.8,61,100,90.5,68,17,7.6,0,29.9,29.8,29.8,0.33
9/23/2024,67,64.6,61,64,61.3,59,100,89.5,76,13,6.9,0,29.9,29.9,29.8,0
9/24/2024,68,63.5,60,64,60.8,59,100,91.3,78,13,8.4,5,29.9,29.9,29.9,0.12
9/25/2024,70,66.3,63,69,66,62,100,99.3,93,10,6.8,0,29.9,29.9,29.9,0.16
9/26/2024,77,71.4,68,74,70.2,68,100,96.2,84,9,4.2,0,29.9,29.9,29.8,0.51
9/27/2024,72,70.6,69,72,68.7,0,100,97.1,0,17,9.8,0,29.8,29.7,29.7,0.04
9/28/2024,80,71.4,67,73,67.7,0,100,91.9,0,16,9.4,3,29.8,29.7,29.6,0.41
9/29/2024,67,64.9,63,66,64.9,63,100,99.9,97,14,9.8,7,29.8,29.8,29.7,0.03
9/30/2024,66,63.4,61,64,62.1,61,100,95.5,84,14,8.5,3,29.9,29.8,29.8,0.04
10/1/2024,64,61.2,60,64,61.1,60,100,99.8,96,14,7.5,0,29.9,29.8,29.8,0.37
10/2/2024,64,60.6,58,63,60.5,57,100,99.5,96,9,4.2,0,29.9,29.8,29.8,0.07
10/3/2024,76,64.3,58,64,61,58,100,90.3,56,7,2.1,0,30,29.9,29.9,0.01
10/4/2024,73,65.5,59,67,63.4,59,100,93.2,78,8,2.5,0,30.1,30,30,0
10/5/2024,76,64,54,63,54.9,0,100,77.9,0,10,4.5,0,30,30,30,0
10/6/2024,75,61.8,48,61,54.2,48,100,79.6,46,9,3.5,0,30,29.9,29.7,0
10/7/2024,73,64.3,56,63,54.5,49,100,73.8,42,15,6.6,0,29.8,29.7,29.6,0
10/8/2024,68,56.5,47,49,44.1,38,97,67.7,33,12,4.7,0,29.9,29.8,29.8,0
10/9/2024,67,56,46,49,43.7,38,97,67.8,38,21,7.9,0,29.9,29.8,29.8,0
10/10/2024,62,51.8,40,43,39.5,37,100,65.3,42,13,5.3,0,30,29.9,29.9,0
10/11/2024,67,51.8,37,44,41.3,37,100,71.8,36,10,5.1,0,30.1,30,29.9,0
10/12/2024,77,62,50,56,48.6,43,97,64.3,40,14,5.7,0,29.9,29.8,29.8,0
10/13/2024,78,64.4,48,57,51.5,0,100,67.5,0,13,5.8,0,29.8,29.6,29.5,0
10/14/2024,67,58.2,45,56,43.8,35,93,61,37,24,12.3,0,29.8,29.6,29.5,0
10/15/2024,56,46.8,39,40,36.9,31,96,71.3,40,14,7.1,0,29.9,29.8,29.8,0
10/16/2024,53,45.1,35,39,35.7,34,100,72.4,48,13,8.1,5,30,29.9,29.9,0
10/17/2024,58,45.7,34,38,35.5,33,100,71.3,39,15,6.5,0,30.1,30.1,30,0
10/18/2024,67,50.9,37,40,35.4,30,100,61.5,25,9,4.4,0,30.3,30.3,30.1,0
10/19/2024,68,50.8,37,42,38.5,34,100,70.1,28,7,2.3,0,30.4,30.3,30.3,0
10/20/2024,74,52.5,36,45,40.5,35,100,72.1,25,6,1.5,0,30.3,30.2,30.1,0
10/21/2024,78,57.3,40,47,43,38,100,66.8,24,8,4.3,0,30.1,30.1,30,0
10/22/2024,80,62.1,47,53,48.9,47,100,67.3,32,8,2.7,0,30.1,30.1,30,0
10/23/2024,77,59.7,43,56,48.8,43,100,73.5,31,8,2.8,0,30,29.9,29.7,0
10/24/2024,67,59.3,43,52,43.4,36,89,58.3,32,15,7.5,0,30,29.8,29.7,0
10/25/2024,65,51.5,37,45,39.3,36,97,67.5,37,8,2.3,0,30.1,30,29.9,0
10/26/2024,65,54.1,44,49,42.1,35,92,66.6,43,16,6.2,0,30.2,30,29.9,0
10/27/2024,56,45.2,35,36,29.6,17,96,59.7,22,6,3,0,30.3,30.2,30.2,0
10/28/2024,59,45.5,31,39,34.7,31,100,70.3,40,9,2.9,0,30.3,30.2,30.2,0
10/29/2024,63,49.6,35,50,43.5,35,100,81.8,56,8,2.4,0,30.3,30.2,30.2,0
10/30/2024,78,59.3,42,58,51.2,42,100,78.7,42,10,2.8,0,30.2,30.1,30.1,0
10/31/2024,80,66.6,51,60,56.6,51,100,73.5,43,14,6.3,0,30.1,30,29.9,0
11/1/2024,78,68.5,57,58,49.6,31,78,53.2,28,25,11.1,5,30,29.9,29.8,0
11/2/2024,63,51.9,43,32,30.6,28,65,46.1,28,9,4.9,0,30.2,30.2,30.1,0
11/3/2024,58,46.4,37,32,29.6,21,82,55.4,24,10,3.3,0,30.3,30.3,30.3,0
11/4/2024,60,49.3,35,32,31.1,28,89,53.5,32,13,3,0,30.3,30.2,30.1,0
11/5/2024,76,59.8,52,61,48.2,27,97,69.6,37,16,5,0,30.1,30.1,30,0
11/6/2024,80,71.2,62,64,60.8,58,90,70.7,54,10,6.9,3,30,29.9,29.9,0
11/7/2024,79,68.3,54,64,55.4,32,93,66.7,27,12,5.4,0,29.9,29.9,29.9,0
11/8/2024,71,59.9,50,47,39.3,31,83,50.8,27,20,7.2,0,30,29.9,29.8,0
11/9/2024,59,50.3,36,34,26.7,21,70,42.3,23,12,5.3,0,30.2,30.2,30,0
11/10/2024,59,50.1,34,54,41.8,28,97,74.8,49,9,5.3,0,30.2,30,29.8,0
11/11/2024,74,62.1,56,58,51.6,40,100,72.4,38,20,9.7,3,29.8,29.6,29.5,0.36
11/12/2024,59,52.4,41,40,32,23,59,46.5,36,20,11.5,3,30.2,30,29.7,0
11/13/2024,49,40.8,34,28,25.2,22,79,55.4,36,9,4.2,0,30.4,30.3,30.2,0
11/14/2024,51,44.9,32,44,37.6,27,93,76.5,58,15,7.1,0,30.2,30,29.9,0
11/15/2024,55,48.2,43,45,43.1,41,97,83.4,67,14,6.6,0,29.8,29.8,29.7,0.11
11/16/2024,62,52.5,43,45,40.4,36,93,65.5,44,18,10,5,29.9,29.8,29.7,0
11/17/2024,60,48.2,36,38,34.5,31,86,62,33,8,2.8,0,30,29.9,29.8,0
11/18/2024,71,56.4,39,49,44.5,35,89,66.3,45,12,5.8,0,29.8,29.8,29.7,0
11/19/2024,69,56.8,51,48,43,38,83,60.8,42,9,3.9,0,29.8,29.8,29.7,0
11/20/2024,62,55.9,48,56,50.3,41,100,82.2,62,29,5.8,0,29.6,29.6,29.4,0
11/21/2024,53,44.1,36,41,34.9,30,89,71.3,47,17,10,5,29.6,29.5,29.4,0
11/22/2024,42,37.7,35,37,31.1,24,93,77.9,55,18,14.4,9,29.4,29.3,29.3,0
11/23/2024,54,48,39,38,34.8,31,80,61.1,48,22,13.3,0,29.8,29.6,29.3,0.41
11/24/2024,58,50.1,43,38,36.4,34,71,60.2,46,14,8,0,29.9,29.8,29.8,0
11/25/2024,59,48.1,35,44,36.9,32,89,67.4,42,7,2.9,0,30,29.9,29.8,0
11/26/2024,63,52.4,40,52,41.5,29,96,70,35,18,5.6,0,29.9,29.7,29.6,0.2
11/27/2024,57,47.5,35,37,31.7,27,76,56.3,33,10,4.4,0,29.9,29.9,29.7,0.55
11/28/2024,54,47.6,38,49,41.8,32,100,81.8,54,25,9.5,0,29.8,29.5,29.4,0.38
11/29/2024,45,38.7,31,35,26.2,16,79,61.5,45,15,8.4,0,29.9,29.8,29.8,0.23
11/30/2024,37,31,24,17,14.4,12,65,50.8,37,21,8.2,0,30,29.9,29.9,0
12/1/2024,42,32,23,25,19.5,14,78,61.6,40,14,4.3,0,30,30,29.9,0
12/2/2024,41,32,25,18,16.1,12,66,52.8,40,10,7.8,6,30.1,30.1,30,0
12/3/2024,43,33.2,27,19,17.3,16,66,53,38,16,10.3,6,30.2,30.2,30.1,0
12/4/2024,45,35.9,26,21,17,14,69,48.2,35,13,7.6,3,30.2,29.9,29.6,0
12/5/2024,44,37.3,28,31,17,9,67,44.6,30,31,18.4,6,29.9,29.7,29.4,0
12/6/2024,38,30.8,26,18,14.8,12,63,51.9,41,17,11.3,3,30.1,30,29.9,0
12/7/2024,41,35.4,28,14,12.5,10,53,39.8,29,16,7.8,0,30.1,30,29.8,0
12/8/2024,63,47.8,38,31,25.1,13,65,42.1,29,16,6.4,0,29.8,29.8,29.7,0
12/9/2024,56,46.3,35,50,41.1,29,100,82.4,70,12,2.4,0,29.8,29.8,29.7,0
12/10/2024,48,45.9,42,48,45.1,41,100,97.2,93,8,1.8,0,29.9,29.8,29.7,0.03
12/11/2024,64,53.4,37,61,50.5,24,100,90.3,55,24,8.7,0,29.8,29.5,29.3,0.13
12/12/2024,45,36.5,28,24,16.5,6,70,46.8,23,18,7.7,0,30.3,30.1,29.8,0.79
12/13/2024,37,32.3,24,20,15.5,12,72,51.1,36,10,3,0,30.6,30.5,30.3,0
12/14/2024,37,32.3,29,22,16.2,11,72,52,38,12,7.3,3,30.8,30.7,30.7,0
12/15/2024,40,35.8,30,37,27.9,20,93,73.7,65,13,6,0,30.7,30.5,30.3,0
12/16/2024,49,43.4,39,47,42.1,37,100,95.6,90,12,4.1,0,30.3,30.1,30,0.57
12/17/2024,64,52.8,37,52,47.3,30,100,82.8,56,13,7.6,0,30.1,30,29.9,0.04
12/18/2024,54,45.5,33,47,36.8,30,93,73.5,45,13,3,0,30.1,30,29.8,0
12/19/2024,49,42.5,36,40,29.3,25,82,60.5,42,13,6.3,0,30.1,30.1,29.9,0.14
12/20/2024,38,36.7,33,35,31.3,27,93,81.7,67,9,6,3,30,29.8,29.7,0
12/21/2024,38,33.3,27,31,16.8,7,89,53,36,22,11.8,5,30.2,30,29.8,0.09
12/22/2024,32,25.6,18,15,8,4,68,48.4,35,14,5.2,0,30.4,30.3,30.2,0
12/23/2024,30,23.9,18,15,10.8,5,69,57.5,45,9,4.1,0,30.5,30.4,30.3,0
12/24/2024,42,33.2,21,31,24.2,14,79,70.2,58,6,1.5,0,30.2,30.1,30.1,0
12/25/2024,45,37.8,33,33,29.6,28,89,73.4,55,8,2.6,0,30.3,30.2,30.2,0.02
12/26/2024,38,34.9,31,29,25.6,24,85,69.3,57,9,4.6,0,30.3,30.3,30.2,0
12/27/2024,44,38.6,31,35,29.1,25,83,69.2,55,7,3.3,0,30.3,30.2,30.1,0
12/28/2024,49,44,40,48,42.4,35,100,94.2,83,6,1,0,30.1,30.1,30,0.34
12/29/2024,64,54.6,46,56,50.9,46,100,88.3,70,14,5.7,0,30,29.8,29.5,0.46
12/30/2024,61,53.8,40,54,38.4,28,84,59.2,31,18,9.6,3,29.7,29.6,29.4,0.01
12/31/2024,59,47.2,34,47,37.6,28,97,71.8,42,15,6.4,0,29.8,29.6,29.4,0
1/1/2025,49,44.7,39,44,31.6,24,97,62,46,32,15.7,3,29.8,29.6,29.4,0.22
1/2/2025,41,36.3,30,23,18.2,15,66,48.7,38,22,13,0,30,29.9,29.8,0
1/3/2025,42,33.9,27,31,23.7,16,92,67.5,49,25,10.8,3,30,29.8,29.7,0
1/4/2025,32,28.4,23,16,9.9,6,61,46.5,36,25,17.6,7,30,29.9,29.8,0.03
1/5/2025,33,27.6,20,9,7,5,57,42.8,31,20,9.1,3,30.1,30,29.9,0
1/6/2025,30,27,25,25,22.7,15,92,84.1,54,17,8.5,0,29.9,29.7,29.5,0.44
1/7/2025,34,27.8,21,17,13.5,9,66,55.4,50,23,15.2,9,30,29.9,29.7,0.29
1/8/2025,31,26.5,22,15,10.5,4,63,51.1,45,23,14.9,6,30,29.9,29.8,0
1/9/2025,31,25.2,20,11,7.4,3,53,47.2,42,28,17,12,29.9,29.9,29.8,0
1/10/2025,33,27.4,19,20,12.1,8,75,53.5,43,12,6.6,0,30,29.8,29.6,0
1/11/2025,35,28.8,26,26,21.9,17,96,76.8,50,23,6.7,0,29.8,29.5,29.4,0.09
1/12/2025,40,32,23,22,19.4,15,78,60.6,45,12,5.1,0,29.9,29.9,29.8,0
1/13/2025,46,34.9,25,26,21.4,18,78,58.8,46,13,5.1,0,29.9,29.9,29.8,0
1/14/2025,34,29.2,25,17,8.6,5,54,42.5,34,16,11.3,6,30.1,30,29.9,0
1/15/2025,31,24.7,19,11,8.8,6,60,51.4,43,20,12.9,6,30.2,30.1,30.1,0
1/16/2025,33,26,13,25,15.2,5,79,63.9,50,10,4.3,0,30.1,29.8,29.6,0
1/17/2025,43,34.4,23,25,22.1,18,84,62.2,40,12,4.7,0,30,29.9,29.8,0
1/18/2025,44,36.4,32,34,29.5,23,92,76.1,64,6,2.3,0,29.9,29.7,29.6,0
1/19/2025,40,33.7,26,34,30,19,93,86.4,72,17,8.1,0,29.8,29.6,29.5,0.01
1/20/2025,27,21.9,13,19,9.4,-1,72,59.5,44,17,10.9,5,30.4,30.2,29.8,0.23
1/21/2025,20,16.2,11,2,-1,-3,59,47.7,37,12,5.4,0,30.5,30.4,30.3,0
1/22/2025,20,15,10,3,-1.7,-7,64,49.4,30,12,3.4,0,30.4,30.3,30.3,0
1/23/2025,30,18.2,6,13,6.3,0,80,61.7,41,8,2.8,0,30.3,30.1,30,0
1/24/2025,37,26.8,15,20,14.3,8,84,60.8,44,15,4.4,0,30.2,30.1,30,0
1/25/2025,37,27,14,19,13.9,8,81,59.9,39,12,3.2,0,30.3,30.2,30.1,0
1/26/2025,47,35.3,24,23,18.2,15,77,51.5,31,9,3.6,0,30.1,30,30,0
1/27/2025,49,36.5,23,21,16.5,8,78,48.2,23,13,5.5,0,30,29.8,29.6,0
1/28/2025,49,40.5,31,22,19.7,12,67,44.4,33,22,8.8,0,29.6,29.6,29.4,0
1/29/2025,58,47,38,26,22.5,19,49,38.6,28,23,12.7,6,29.8,29.5,29.4,0
1/30/2025,47,40.1,27,28,23.8,19,75,53.2,41,10,3.7,0,30.1,30,29.8,0
1/31/2025,52,46.7,39,51,44,30,97,90.5,62,9,5.4,0,29.9,29.7,29.5,0.02
2/1/2025,52,42.5,28,51,27.9,6,100,60.7,29,21,10.1,0,30.3,29.9,29.5,0.46
2/2/2025,34,29.4,22,27,15.4,2,78,56.7,34,9,5,0,30.4,30.2,30,0
2/3/2025,50,38,25,36,30.5,23,92,75.7,56,6,0.9,0,30,29.9,29.7,0
2/4/2025,59,47.8,36,42,31,15,93,54.5,34,20,8.2,0,30.2,29.9,29.6,0
2/5/2025,39,35.7,33,27,18.1,16,78,49.5,41,9,5.2,0,30.3,30.2,30.1,0
2/6/2025,42,34.2,32,40,32.7,28,100,94.5,82,12,4.1,0,30.1,29.9,29.6,0.32
2/7/2025,49,42,31,36,23.1,16,100,51.6,30,22,9.9,0,30.1,29.9,29.6,0.1
2/8/2025,35,32,30,32,23.9,16,100,74,46,10,4.9,0,30.2,30,29.7,0
2/9/2025,44,37.5,32,35,28.4,22,100,72.5,45,22,8.7,0,30.2,29.9,29.6,0.07
2/10/2025,45,37.2,33,23,19,14,64,48.7,36,13,5.9,0,30.3,30.2,30.2,0
2/11/2025,36,31,28,28,21.6,14,96,70.7,41,8,4.1,0,30.3,30.1,30,0
2/12/2025,35,32.1,30,34,30.4,28,100,93.6,87,10,7.3,3,30.1,29.4,0,0.44
2/13/2025,55,38.6,34,43,33,20,100,83.2,46,25,8.9,0,30.2,29.8,29.6,0.25
2/14/2025,41,35,30,20,12.4,8,54,40.3,27,17,10.1,0,30.5,30.4,30.2,0.03
2/15/2025,39,36.3,32,38,27.4,15,100,72.3,50,9,3.9,0,30.4,30.1,29.7,0
2/16/2025,59,43.5,36,51,38.4,20,100,84.4,52,38,12.8,0,29.7,29.3,29,0
2/17/2025,40,34.4,30,19,11.5,7,52,39.3,30,29,18.8,8,30,29.8,29.6,0.54
2/18/2025,33,26.3,20,6,0.5,-2,40,33.3,26,18,13.1,9,30.2,30.1,30,0
2/19/2025,26,21.9,17,9,4,-1,60,46.7,37,12,6.2,3,30.3,30.2,30,0
2/20/2025,28,24.9,20,13,8.7,5,60,50.5,39,22,14.2,5,30,29.9,29.9,0
2/21/2025,39,30,23,12,10.5,8,58,45.2,30,22,13.7,0,30.3,30.2,30,0
2/22/2025,43,31,17,18,13.5,10,78,51.5,28,9,4.3,0,30.3,30.2,30,0
2/23/2025,51,37.7,21,21,16.3,13,74,45.7,22,12,4.1,0,30.1,30,29.9,0
2/24/2025,56,43.6,29,30,25.1,19,67,49.6,32,12,3.9,0,30,29.9,29.7,0
2/25/2025,66,48.9,33,35,30.5,27,78,52.6,26,16,2.9,0,29.7,29.6,29.6,0
2/26/2025,65,50.6,36,39,33.3,29,83,56.1,26,13,6.3,0,29.8,29.8,29.7,0
2/27/2025,61,50.6,44,49,38.9,31,89,65.4,44,17,6.1,0,29.7,29.6,29.5,0
2/28/2025,55,48.2,42,32,25.3,20,65,42.7,26,17,10.1,3,29.7,29.6,29.5,0.03
3/1/2025,65,46.8,28,30,21.6,8,49,37.9,23,31,14.9,0,29.8,29.5,29.4,0
3/2/2025,38,29.3,20,10,5.5,2,51,37.4,27,17,9.8,0,30.1,30,29.9,0
3/3/2025,44,33.8,23,22,12.6,9,67,44.1,24,14,4.5,0,30.2,30.1,30.1,0
3/4/2025,63,47.6,31,37,27.3,21,70,49.4,22,17,6.4,0,30.1,30,29.8,0
3/5/2025,58,55.6,51,55,50.9,39,96,84.4,63,26,10.5,3,29.8,29.3,29.1,0
3/6/2025,53,43.7,38,50,28.1,20,89,54.9,46,26,17.6,5,29.6,29.4,29.1,1.01
3/7/2025,55,45.2,35,24,18.5,15,52,36.1,22,20,11.5,0,29.7,29.6,29.6,0
3/8/2025,50,43.8,35,33,22.3,14,70,45,26,24,10.4,0,29.8,29.6,29.5,0
3/9/2025,32,31,30,16,15.5,15,56,53,50,5,4,3,29.8,29.8,29.8,0
3/10/2025,66,53,39,29,26.9,25,62,38.7,23,13,5.1,0,29.8,29.7,29.7,0
3/11/2025,72,54,34,33,29.8,27,75,44.5,20,14,3.9,0,29.7,29.6,29.5,0
3/12/2025,64,53.9,43,36,26.7,15,76,38.5,18,15,9,0,29.8,29.7,29.6,0
3/13/2025,52,45.6,42,40,38.5,36,92,77,59,13,8.6,0,29.9,29.8,29.8,0
3/14/2025,48,44.3,41,39,38.3,36,86,79.3,68,9,5.4,0,30,30,29.9,0
3/15/2025,57,48.6,44,48,44.3,40,97,85.8,67,12,5.6,0,29.9,29.9,29.8,0
3/16/2025,69,59.8,52,58,55.7,50,97,86.7,68,16,8.2,0,29.8,29.7,29.6,0
3/17/2025,58,52.3,39,55,42.3,24,100,72.4,41,21,10.8,0,29.9,29.7,29.6,0.29
3/18/2025,67,50.2,34,27,20.3,14,62,34.5,16,15,7,0,30,29.9,29.9,0
3/19/2025,70,54.7,36,36,29.1,23,73,42.2,19,13,5.7,0,29.9,29.8,29.7,0
3/20/2025,72,56.9,46,55,43.1,27,90,63,34,21,10.7,5,29.7,29.5,29.2,0
3/21/2025,57,48.1,39,34,23.3,19,59,39.7,24,23,15.2,0,29.8,29.7,29.5,0.79
3/22/2025,65,52.5,39,36,28.7,23,65,42.3,23,20,9.5,0,29.8,29.7,29.6,0
3/23/2025,55,46.3,34,35,24,18,61,43.3,23,14,8.1,3,30.1,30,29.9,0
3/24/2025,58,50.1,45,51,45.2,37,93,83.9,66,12,4.7,0,29.9,29.7,29.6,0.02
3/25/2025,63,54.8,47,39,28,22,74,38,22,20,9.4,0,29.8,29.7,29.7,0.1
3/26/2025,53,47.8,40,32,23.3,18,58,39.3,27,24,11.2,0,30.1,29.9,29.8,0
3/27/2025,57,44.8,31,28,19.7,13,67,40.3,21,17,6.8,0,30.2,30.1,30.1,0
3/28/2025,67,54.5,37,50,37.5,28,82,54.6,33,8,4.3,0,30.1,30,29.9,0
3/29/2025,84,71.7,60,50,44.3,42,55,38.7,24,22,8.5,3,29.9,29.9,29.8,0
3/30/2025,83,68.7,54,57,51.7,47,80,56.5,34,17,8,3,29.9,29.8,29.7,0
3/31/2025,83,69.8,62,61,58.9,54,93,70.7,37,21,9.5,3,29.7,29.5,29.4,0
4/1/2025,62,51.2,42,60,33.8,26,93,53.5,33,20,11.8,0,30.1,29.8,29.5,0.92
4/2/2025,57,50.1,41,41,34.2,27,70,55.1,45,16,8.8,0,30.3,30.2,30.1,0
4/3/2025,79,64.6,52,65,58.2,42,97,80.9,60,20,7.4,0,30,29.9,29.8,0
4/4/2025,75,69.5,65,66,58.3,49,88,68.8,48,21,6.8,0,30.1,30,29.8,0.16
4/5/2025,69,61.8,57,57,52,46,84,70.8,58,13,8.8,5,30.1,29.9,29.7,0
4/6/2025,61,55.5,52,53,50.1,44,96,82.4,67,17,6.9,0,29.8,29.7,29.6,0
4/7/2025,52,45.5,43,47,42.3,39,93,88.7,80,17,7.5,0,29.7,29.6,29.5,0.09
4/8/2025,49,42.6,36,41,20.8,12,92,45.6,27,25,14.8,0,30,29.7,29.5,0.25
4/9/2025,52,42.2,30,28,19.6,14,56,41.6,26,14,5.5,0,30.2,30.1,30,0
4/10/2025,56,49.5,44,40,34.3,29,73,57.4,36,14,9,3,30.1,30.1,30,0
4/11/2025,48,46.3,45,46,43,39,93,88.3,76,14,11.2,8,30,29.9,29.8,0
4/12/2025,51,46.6,43,42,39.3,37,93,76.7,61,15,9.2,7,29.8,29.8,29.8,1.32
4/13/2025,63,53.2,46,39,37,35,76,56.2,37,17,9.5,0,29.9,29.8,29.8,0
4/14/2025,72,59.2,46,56,44,38,90,60,36,10,4.9,0,29.8,29.7,29.5,0
4/15/2025,69,60.6,50,58,42.1,26,93,55.6,25,33,15.4,5,29.6,29.5,29.4,0.06
4/16/2025,60,52.8,47,35,28.5,24,57,40.3,28,24,15.3,5,29.9,29.7,29.6,0
4/17/2025,64,51.5,36,31,25.8,20,67,40.2,23,13,6,0,30.1,30,29.9,0
4/18/2025,75,60.8,39,52,44.1,32,79,55.7,40,15,7.4,0,30.1,30,29.8,0
4/19/2025,82,74.3,69,59,55.2,50,59,51.4,42,16,9.6,6,29.9,29.9,29.8,0
4/20/2025,74,69.1,59,60,48.8,37,78,49.8,30,14,7.3,0,30.1,30.1,29.9,0
4/21/2025,71,63.6,56,60,47.4,37,84,57,39,17,7.5,0,30.1,30,29.8,0
4/22/2025,80,69,58,60,50.7,40,93,57.1,29,18,6.6,0,29.9,29.8,29.8,0
4/23/2025,75,63.2,49,43,37.4,23,80,43.6,15,9,3.5,0,30.1,30,29.9,0
4/24/2025,79,65,49,50,42.6,36,90,49.8,23,13,4.8,0,30.1,30.1,30.1,0
4/25/2025,78,65.7,50,59,53.1,42,86,65,48,12,5.4,0,30.1,30,29.8,0
4/26/2025,78,67.1,52,65,57.6,0,93,74.8,0,22,9.8,0,29.9,29.7,29.6,0.27
4/27/2025,71,58.3,48,34,32.7,28,58,39.8,20,25,15.3,0,30.1,29.9,29.9,0.19
4/28/2025,74,60.2,43,38,33.5,28,71,41,20,13,4.9,0,30.2,30.1,30.1,0
4/29/2025,84,69,50,59,48.3,37,66,48.8,36,14,7.8,0,30.1,29.9,29.8,0
4/30/2025,83,74.9,64,63,54.9,43,81,52.4,34,15,8.3,0,29.9,29.8,29.8,0
5/1/2025,82,69.8,58,66,54,44,84,58.9,36,15,8.3,0,29.9,29.9,29.7,0
5/2/2025,87,75.3,64,63,60.4,56,90,62.8,35,12,3.9,0,29.8,29.7,29.7,0
5/3/2025,85,72.6,64,65,60.6,58,87,67.9,41,14,7.1,0,29.7,29.7,29.6,0
5/4/2025,73,68,64,66,63.8,62,93,86.6,76,12,5.4,0,29.8,29.7,29.6,0.24
5/5/2025,74,67.9,65,65,63.1,61,93,84.9,68,15,8.3,0,29.9,29.8,29.8,0.06
5/6/2025,76,66.8,63,65,58.4,47,97,75.7,48,20,6,0,29.9,29.8,29.8,0.07
5/7/2025,74,65.8,58,56,51.5,48,86,62,43,12,4.5,0,29.9,29.9,29.8,0
5/8/2025,80,68.6,54,59,54.6,52,93,63.9,42,8,3,0,29.9,29.8,29.8,0
5/9/2025,64,59,49,60,53.8,43,93,83.4,62,14,8,3,29.9,29.8,29.7,0.2
5/10/2025,76,61.8,46,44,39,33,90,48.5,24,20,9.7,0,30,29.9,29.9,0.04
5/11/2025,83,69.8,56,52,48,44,74,48.8,28,9,3.3,0,30.1,30,30,0
5/12/2025,79,69.4,57,62,56.1,48,87,64.8,34,15,5,0,30.1,30.1,30,0
5/13/2025,69,66,63,66,63.8,61,97,92.4,78,15,10.8,0,30,29.9,29.8,0.54
5/14/2025,69,64.5,62,64,62.2,60,97,92,84,15,10.4,6,29.8,29.8,29.7,2.39
5/15/2025,77,69.5,65,66,64.6,63,97,85,64,8,3.9,0,29.7,29.7,29.6,0.01
5/16/2025,86,72.8,65,72,66.8,63,97,82.6,59,30,4.8,0,29.6,29.6,29.5,0
5/17/2025,87,75.6,65,65,58.6,52,97,60,31,21,10.8,3,29.6,29.4,29.3,0.26
5/18/2025,78,72.1,66,53,49.1,45,50,44.2,37,21,13.7,8,29.6,29.6,29.5,0
5/19/2025,76,67.5,58,53,49.9,47,72,54.3,41,21,10.8,3,29.8,29.7,29.6,0
5/20/2025,71,62.8,53,48,42.8,38,65,48.9,32,12,6.8,0,29.9,29.8,29.8,0
5/21/2025,64,57.6,55,54,52.6,48,96,83.8,56,17,10.6,0,29.8,29.7,29.6,0.01
5/22/2025,67,59.6,55,59,53.5,48,94,81.2,60,12,6.1,0,29.7,29.6,29.6,0.64
5/23/2025,68,60.5,55,49,44,38,75,56.1,37,18,10.9,0,29.8,29.7,29.6,0.05
5/24/2025,71,60.7,51,44,41.8,39,71,51.6,33,23,10.5,0,30,29.9,29.8,0
5/25/2025,73,62.5,49,44,42.7,40,77,50.2,31,14,8.3,3,30.1,30,30,0
5/26/2025,75,66.7,58,48,44.8,41,70,46.4,31,9,4.3,0,30.1,30.1,30,0
5/27/2025,71,61.7,52,57,51.7,47,87,71.3,44,10,4.3,0,30.2,30.1,30.1,0
5/28/2025,60,56.7,53,58,53.8,49,93,89.9,81,20,13.2,5,30.1,30,29.9,0.53
5/29/2025,75,64.7,57,63,58.2,55,93,80.3,60,9,5.8,3,29.9,29.9,29.8,1.05
5/30/2025,79,68.6,62,66,62.7,57,93,82.6,47,12,4.7,0,29.7,29.5,29.2,0.08
5/31/2025,71,62.5,53,56,50.5,39,87,66.5,42,22,14.3,8,29.5,29.3,29.2,0.61
6/1/2025,71,60.8,50,48,43.2,40,71,53.8,38,18,9.2,3,29.8,29.6,29.5,0.07
6/2/2025,76,63.4,48,47,43,39,86,52.1,26,12,4.1,0,29.9,29.9,29.8,0
6/3/2025,82,68.9,55,51,47.6,45,80,49.8,29,10,3.6,0,30,30,29.9,0
6/4/2025,88,73.9,56,66,59.1,50,84,61.8,39,9,4.8,0,30.1,30,29.9,0
6/5/2025,87,76.4,66,68,64.5,61,84,67.5,49,13,4.9,0,29.9,29.9,29.8,0
6/6/2025,87,75.8,64,69,65.6,62,93,72.1,48,15,4.1,0,29.8,29.8,29.7,0
6/7/2025,85,75,70,70,67.4,65,97,78.7,51,9,3.5,0,29.7,29.6,29.6,0.06
6/8/2025,74,71.5,68,69,62.7,0,100,77.1,0,15,10.2,0,29.6,29.6,29.6,0.08
6/9/2025,82,73.1,67,70,66.3,62,100,80.6,52,12,5.6,0,29.7,29.7,29.6,0.05
6/10/2025,86,77.3,72,70,64.3,56,91,67.2,36,14,6.5,0,29.9,29.7,29.6,0
6/11/2025,86,77.4,67,66,59.3,54,81,56.3,36,9,4.7,0,30,29.9,29.9,0
6/12/2025,90,80.3,66,66,62.6,58,90,57.6,34,12,5.2,0,29.9,29.9,29.9,0
6/13/2025,88,77.4,69,72,68.7,65,93,75.7,49,16,5.9,0,29.9,29.9,29.8,0
6/14/2025,81,74.7,69,71,69.2,66,100,83.2,69,16,6,0,29.9,29.9,29.8,0.19
6/15/2025,68,65.3,63,66,63.2,61,97,92.9,84,13,10.2,8,30,29.9,29.9,0.18
6/16/2025,67,64.2,62,66,63,61,100,95.7,93,12,7.3,3,29.9,29.9,29.9,0.1
6/17/2025,75,70.3,66,71,67.9,65,100,92.1,84,6,4.6,0,29.9,29.8,29.8,0.32
6/18/2025,84,75.3,70,76,72.7,70,100,92,69,12,4.2,0,29.8,29.8,29.7,0.2
6/19/2025,91,77.3,70,73,70.2,67,100,81.1,47,32,10.4,0,29.7,29.7,29.6,0.59
6/20/2025,86,75.4,63,64,59.7,56,78,59.6,41,18,9.3,5,29.9,29.8,29.7,0.49
6/21/2025,89,80.2,68,70,66,62,90,63.9,40,8,4.7,0,30,29.9,29.9,0
6/22/2025,92,84,75,73,69.7,68,82,63.3,47,12,6.1,0,30,29.9,29.9,0
6/23/2025,97,87.3,77,75,72.8,71,85,63.6,44,10,6.1,0,30,29.9,29.9,0
6/24/2025,98,88.5,79,74,71,66,84,58.4,37,9,5.4,0,30,29.9,29.9,0
6/25/2025,97,85.3,77,73,70.8,68,76,63,39,15,5.2,0,29.9,29.9,29.8,0
6/26/2025,95,82,74,76,71.9,70,94,73.3,47,22,6.2,0,29.9,29.9,29.8,0
6/27/2025,75,69.3,66,72,66.8,63,100,91.6,87,16,10.4,7,30,30,29.9,0.57
6/28/2025,89,76.2,68,77,71.4,67,100,86.1,61,8,4.4,0,30,29.9,29.8,0.04
6/29/2025,92,82.3,73,75,72,70,93,72.3,52,15,2.9,0,29.9,29.8,29.8,0
6/30/2025,93,84.8,76,75,73.3,72,94,69.9,50,10,4.8,0,29.8,29.8,29.7,0
7/1/2025,90,79.8,74,78,73.5,72,97,82,59,22,6.8,0,29.7,29.7,29.6,0
7/2/2025,87,77.2,70,74,70.1,67,96,80.3,51,8,4.2,0,29.8,29.7,29.7,1.04
7/3/2025,89,80.8,71,72,65.5,60,96,62.9,38,14,6.6,3,29.8,29.7,29.7,0
7/4/2025,85,76.5,65,63,58.3,52,93,56,33,7,3.8,0,30,29.9,29.8,0
7/5/2025,86,76.8,63,65,61.3,58,93,62,40,9,4,0,30,30,29.9,0
7/6/2025,88,78.5,65,74,68.4,62,90,72,53,12,4.2,0,29.9,29.9,29.8,0
7/7/2025,89,81.2,76,77,74.5,72,94,80.7,59,7,4.1,0,29.8,29.8,29.7,0
7/8/2025,95,81.7,75,76,72.6,70,94,76.5,46,29,6.8,0,29.9,29.8,29.8,0.05
7/9/2025,89,77.4,72,74,72.1,70,97,85,59,13,5.4,0,29.9,29.8,29.8,0.37
7/10/2025,86,76.5,72,73,71.8,70,97,86,59,9,2.3,0,29.8,29.8,29.8,0.34
7/11/2025,88,80.9,71,74,71,67,97,74,49,8,3.9,0,29.9,29.8,29.8,0
7/12/2025,89,81.4,74,76,74,72,97,79.1,59,13,5.9,0,29.9,29.9,29.8,0
7/13/2025,86,80.2,76,77,74.5,73,94,83.2,67,9,5,0,29.9,29.9,29.8,0
7/14/2025,89,77.5,72,78,73.7,71,97,88.3,59,30,7.4,0,29.9,29.9,29.8,0.19
7/15/2025,88,78.6,72,75,72.8,71,100,83.7,57,6,3,0,29.9,29.9,29.9,1.95
7/16/2025,88,79.6,73,77,73.8,70,96,82.8,65,28,5.9,0,29.9,29.8,29.8,0
7/17/2025,94,82.5,73,76,73.1,68,97,75.7,51,21,7.2,0,29.8,29.8,29.7,0.78
7/18/2025,85,81.1,78,73,69.7,66,84,68.7,53,7,4,0,29.9,29.9,29.8,0
7/19/2025,86,78.8,75,75,73.3,71,96,83.7,69,12,6,0,29.9,29.9,29.8,0
7/20/2025,90,80.5,74,75,72.8,69,97,79.3,55,15,6.9,0,29.8,29.7,29.6,0.32
7/21/2025,86,80.1,69,69,63.5,58,81,58.4,40,10,5.5,0,29.8,29.8,29.7,0
7/22/2025,85,76.2,68,68,60.3,55,87,59.4,43,10,5.2,0,30,29.9,29.8,0
7/23/2025,85,78,72,69,65.9,60,87,68.2,44,10,5.8,3,30.1,30,30,0
7/24/2025,88,79.7,70,69,67.6,66,90,68.1,48,10,5.5,0,30.1,30,29.9,0
7/25/2025,95,83.4,74,76,72.2,69,87,70.3,49,17,7.4,0,29.9,29.8,29.8,0
7/26/2025,89,81.6,75,75,73,70,94,76.2,55,10,6.3,0,29.9,29.9,29.9,0.1
7/27/2025,90,80.2,76,77,75.5,73,97,86.2,65,12,5.1,0,29.9,29.8,29.8,0.02
7/28/2025,92,84,75,75,71.5,67,96,68.8,45,9,4.8,0,29.9,29.9,29.8,0.53
7/29/2025,94,84.6,73,74,70.3,66,93,64.9,41,7,2,0,29.9,29.9,29.8,0
7/30/2025,93,85.1,75,75,73.2,70,96,68.8,48,10,4.7,0,29.9,29.8,29.8,0
7/31/2025,91,80.7,73,78,74.6,71,96,82.5,61,16,5.8,0,29.8,29.8,29.7,0
8/1/2025,74,69.7,67,69,63.9,62,97,82.2,68,13,8.8,5,30.1,30,29.9,0.3
8/2/2025,80,71.5,64,63,58.7,54,93,66.3,40,9,4.7,0,30.1,30.1,30,0
8/3/2025,81,71,60,60,56.2,51,93,63.4,38,12,4.3,0,30,30,29.9,0
8/4/2025,85,73.3,59,61,57.3,48,96,61.9,28,10,4,0,30,30,30,0
8/5/2025,81,74.1,65,66,62.7,60,90,68.9,49,7,2.9,0,30.1,30.1,30,0
8/6/2025,78,74,71,68,65.7,63,84,75.3,62,14,7.3,0,30.2,30.2,30.1,0
8/7/2025,80,73.1,67,65,62.7,60,87,70.6,52,13,8.2,5,30.2,30.1,30.1,0
8/8/2025,80,72.5,66,65,60.8,57,90,68.3,48,14,6.7,3,30.1,30.1,30,0
8/9/2025,81,71.9,62,62,55.9,45,93,61.8,28,12,3.9,0,30.1,30.1,30,0
8/10/2025,85,72.2,58,63,58.4,54,93,65.8,37,10,3,0,30.1,30.1,30.1,0
8/11/2025,85,73.6,63,69,66.2,61,97,79.4,55,8,3.3,0,30.1,30,30,0
8/12/2025,91,79.5,72,75,71.9,70,96,79,52,9,3.3,0,30,29.9,29.8,0
8/13/2025,89,79.4,75,78,74.5,71,100,85.7,61,16,4.3,0,29.8,29.7,29.7,0
8/14/2025,90,78.1,73,74,73,71,100,85.6,54,12,3.5,0,29.9,29.8,29.7,1.06
8/15/2025,91,81.7,73,75,72.1,69,97,74.3,50,12,5.4,0,30,29.9,29.9,0.85
8/16/2025,88,79.6,75,74,70.9,68,91,75.8,53,7,4.5,0,30,29.9,29.9,0
8/17/2025,94,81.6,73,73,71.4,67,94,73.9,42,14,5.6,0,29.9,29.8,29.7,0
8/18/2025,76,70.7,67,72,66.3,63,93,86,78,15,9.4,3,30,29.9,29.8,0.01
8/19/2025,73,68.4,66,66,63.2,60,97,83.8,66,15,9.3,3,30,30,29.9,0.03
8/20/2025,79,70.8,67,72,68.4,66,100,92.7,79,12,7.2,3,29.9,29.8,29.7,0.09
8/21/2025,72,68,64,69,62.3,60,93,82.4,70,14,8.9,0,29.8,29.8,29.7,0.02
8/22/2025,82,72.5,63,65,56.8,49,100,62.1,35,12,4.6,0,29.9,29.9,29.8,0
8/23/2025,81,71.5,60,64,59.5,53,93,68.1,39,14,5.1,0,29.9,29.9,29.8,0
8/24/2025,83,74.1,66,68,65.3,63,93,74.9,58,10,3.9,0,29.8,29.8,29.7,0
8/25/2025,84,73.9,67,66,58.4,49,93,62.5,34,17,7,0,29.8,29.7,29.6,0
8/26/2025,79,69,56,55,51.3,48,90,56,34,10,3.8,0,29.9,29.9,29.8,0
8/27/2025,78,66.5,56,55,49.5,44,87,58.2,31,14,6.3,0,30,30,29.9,0
8/28/2025,80,67.3,55,53,50.5,46,89,59.2,31,9,3.7,0,30,29.9,29.9,0
8/29/2025,79,69.3,58,56,51.3,43,90,55.7,34,15,6.9,0,29.9,29.8,29.8,0
8/30/2025,75,63.8,51,50,44.6,41,86,53.1,31,10,5.1,0,30,29.9,29.9,0
8/31/2025,77,64.9,52,53,48.9,45,89,60,34,12,4.1,0,30.1,30,30,0
9/1/2025,79,68.4,55,58,52.9,49,89,61.4,35,18,7.4,0,30.1,30,30,0
9/2/2025,77,66.6,56,57,54.7,50,97,68.6,39,13,5.3,0,30,29.9,29.9,0
9/3/2025,81,67.9,55,58,54.6,52,96,66.2,39,10,2.6,0,29.9,29.8,29.7,0
9/4/2025,85,72.6,62,67,62.1,56,93,71.8,43,15,6.8,0,29.7,29.7,29.6,0
9/5/2025,89,75.6,64,71,65,61,96,72.5,39,16,5.6,0,29.8,29.8,29.7,0.01
9/6/2025,89,76.3,66,72,68.7,62,93,78.4,48,18,4.8,0,29.9,29.8,29.7,0
9/7/2025,77,65.3,60,62,54.8,46,93,72.5,33,10,4.7,0,30,29.9,29.8,1.21
9/8/2025,74,62.8,51,51,45.9,39,90,57.9,30,13,4.6,0,30.2,30.1,30.1,0.06
9/9/2025,74,64.8,52,57,52,50,93,66.1,45,17,8.3,0,30.1,30.1,30,0
9/10/2025,70,65.3,61,65,60.5,54,100,85.3,63,13,7.1,0,30,30,29.9,0
9/11/2025,78,67.9,62,64,62.4,58,100,84.5,50,8,3.2,0,30,30,29.9,0.5
9/12/2025,79,69.3,60,60,55.9,49,97,66.7,35,9,4.3,0,30.1,30,30,0
9/13/2025,82,69.9,56,61,57,53,97,67.5,37,8,3.4,0,30,29.9,29.9,0
9/14/2025,82,72.7,63,64,60.5,58,93,67.5,45,10,4,0,29.9,29.9,29.8,0
9/15/2025,79,71.6,64,64,60.3,55,96,69.5,50,15,6.6,0,30.1,30,29.9,0
9/16/2025,69,65.2,61,60,57.1,54,93,75.7,63,18,9.6,5,30,30,29.9,0
9/17/2025,68,64.4,60,65,61.4,55,97,90,78,14,9.3,5,29.9,29.9,29.8,0.7
9/18/2025,83,69.9,64,67,63.2,57,96,81.5,41,12,4,0,29.9,29.8,29.8,0.09
9/19/2025,88,74,59,65,62.2,59,100,70.1,41,9,3,0,29.9,29.8,29.8,0
9/20/2025,75,70.6,67,63,58.6,50,81,66.2,54,14,9.7,6,30.1,30,29.9,0
9/21/2025,72,68.2,65,62,60.3,55,87,76,66,12,8.4,6,30.1,30.1,30,0
9/22/2025,78,67.7,56,62,58.5,55,97,73.5,58,10,3.8,0,30,29.9,29.9,0
9/23/2025,83,72.2,63,70,64.3,60,97,77.7,53,8,3.1,0,29.9,29.8,29.8,0
9/24/2025,76,71.7,65,72,69.4,65,100,93,79,9,3.2,0,29.9,29.8,29.8,0.05
9/25/2025,81,74.3,71,72,70.5,69,100,88.3,69,12,5.1,0,29.8,29.7,29.6,0.15
9/26/2025,82,73.6,67,69,63.9,60,100,74,47,9,3.4,0,29.8,29.7,29.6,0.34
9/27/2025,78,70.2,66,66,64,61,93,81.5,56,12,4.1,0,29.8,29.8,29.8,0
9/28/2025,84,72.6,65,66,63.5,57,97,76.1,42,6,2.6,0,30,29.9,29.8,0.04
9/29/2025,77,70.6,63,64,62.3,60,100,76.3,58,10,4.5,0,30.1,30,30,0
9/30/2025,78,71,67,65,58.7,53,90,66.8,42,13,4.9,0,30,29.9,29.9,0
10/1/2025,72,64.9,54,53,46.5,42,83,53.1,34,16,6.8,0,30.1,30,29.9,0
10/2/2025,70,59.7,48,52,48.3,46,96,68.2,42,10,4.6,0,30.3,30.2,30.1,0
10/3/2025,71,59.2,48,51,49.1,47,96,71.9,45,9,2.6,0,30.3,30.2,30.1,0
10/4/2025,79,63.7,48,59,53,47,97,72.1,40,6,2.1,0,30.1,30.1,30,0
10/5/2025,80,65.2,50,60,55.9,50,100,75.6,39,8,1.7,0,30.2,30.1,30.1,0
10/6/2025,81,67.8,55,63,59.4,54,100,77,47,10,3.3,0,30.1,30.1,30.1,0
10/7/2025,81,70.3,59,65,61.6,58,96,75.3,54,15,5.8,0,30.1,29.9,29.9,0
10/8/2025,71,66.3,52,67,57.4,43,97,75.7,40,22,7.7,0,30.1,29.9,29.8,0.13
10/9/2025,64,56,49,42,37.5,34,68,51,34,12,6.2,0,30.3,30.2,30.1,0
10/10/2025,63,54.5,44,47,43.3,40,93,67.4,48,13,4.4,0,30.3,30.2,30.1,0
10/11/2025,70,60,45,61,54.4,45,100,82.7,63,12,6.1,0,30.1,30,29.9,0
10/12/2025,65,62.4,58,61,55.2,51,93,78.2,61,21,15.6,9,29.8,29.8,29.8,0.02
10/13/2025,61,58.1,56,56,54,52,93,86.5,78,16,13,9,29.8,29.8,29.7,0.01
10/14/2025,66,58.8,53,55,53.3,51,96,82.8,63,14,8.4,0,29.9,29.9,29.8,0.28
10/15/2025,71,60.5,50,53,49,42,100,68.8,42,10,6.4,0,29.9,29.9,29.8,0
10/16/2025,63,53.8,43,40,32.9,26,80,48.3,25,17,8.4,0,29.9,29.9,29.8,0
10/17/2025,65,52.6,40,42,34.2,28,83,52.3,31,10,4.5,0,29.9,29.9,29.8,0
10/18/2025,71,56.4,45,50,45,41,90,68.8,42,9,2.8,0,29.9,29.9,29.8,0
10/19/2025,74,61.7,48,60,54.3,47,100,78.7,53,21,7.1,0,29.8,29.7,29.5,0
10/20/2025,65,57,47,57,43,36,97,63,34,21,11.3,0,29.9,29.8,29.6,0.25
10/21/2025,72,56.8,40,54,44,37,97,67.5,29,9,3.6,0,29.9,29.7,29.6,0
10/22/2025,64,57.2,51,54,40.9,34,93,58,34,14,6.7,0,29.7,29.6,29.6,0.03
10/23/2025,63,54.2,47,42,36.5,33,74,52.7,35,21,8.3,0,29.9,29.8,29.7,0
10/24/2025,59,48.1,36,38,34.7,31,93,63.2,35,17,7.7,0,30.1,30,29.9,0
10/25/2025,59,49.1,37,42,37.1,35,93,65.8,42,6,3.5,0,30.3,30.2,30.1,0
10/26/2025,61,48.8,37,42,37.4,33,97,69.2,35,8,3.2,0,30.3,30.2,30.2,0
10/27/2025,61,49.3,37,42,35.8,30,97,63.4,33,13,5.8,0,30.2,30.2,30.1,0
10/28/2025,56,50.9,45,40,37,34,77,59.4,49,18,13.1,8,30.1,30.1,30,0
10/29/2025,58,52.6,49,51,43.1,37,97,70.9,58,20,12.7,6,30,29.9,29.7,0
10/30/2025,68,59.5,50,63,55.4,43,100,87.4,52,20,9.8,3,29.7,29.4,29.3,1.23
10/31/2025,61,54.5,49,43,35.6,31,80,50.6,34,28,17.5,7,29.7,29.5,29.3,0.8
11/1/2025,63,52.1,43,40,36.2,34,86,57.2,35,17,7.1,0,30,29.9,29.7,0
11/2/2025,64,52.3,39,43,38.3,33,93,63.3,33,8,2.9,0,30.1,30.1,30,0
11/3/2025,65,55,47,49,42.1,33,93,65.2,36,14,4.8,0,30.1,29.9,29.8,0
11/4/2025,62,52.5,44,36,29.9,24,66,44,23,14,8,0,30.1,30,29.9,0
11/5/2025,71,56.9,37,45,35.5,30,82,48.1,28,30,8.5,0,30.1,29.8,29.6,0
11/6/2025,59,50.3,37,33,26.9,22,76,42.8,24,23,9.2,0,30,30,29.8,0
11/7/2025,63,50.9,32,53,35.8,28,90,60,32,15,5.5,0,30,29.8,29.6,0
11/8/2025,69,59.4,48,55,48.2,41,97,70.5,38,12,6,0,29.7,29.6,29.5,0.31
11/9/2025,64,56.2,46,59,52.7,44,96,88,74,10,3.7,0,29.7,29.6,29.5,0
11/10/2025,52,44,34,45,26.8,17,77,51.5,39,22,13.8,7,29.7,29.6,29.6,0.09
11/11/2025,44,36.3,30,21,16.9,14,57,46.1,33,26,14.2,3,29.9,29.8,29.7,0
11/12/2025,59,48.1,36,30,24.8,18,57,40.8,31,16,8.3,0,29.8,29.7,29.6,0
11/13/2025,57,47.9,34,28,25.2,21,70,42.8,25,21,9.5,0,29.9,29.9,29.8,0
11/14/2025,56,45.7,31,34,27.4,24,79,50.9,30,12,4.7,0,30,29.9,29.8,0
11/15/2025,64,50.5,44,48,39.2,33,83,65.6,53,10,3.1,0,29.8,29.6,29.2,0
11/16/2025,64,54.7,42,53,32.2,20,78,44.8,25,28,16,0,29.6,29.3,29.1,0
11/17/2025,50,42,30,24,21,19,72,44.4,31,22,9,0,30,29.8,29.6,0
11/18/2025,49,40.5,29,40,26.1,21,93,60,35,8,4.8,0,30.1,30,30,0
11/19/2025,47,43.8,42,43,40.3,37,97,87.9,77,10,6.3,0,30.1,30,29.9,0.45
11/20/2025,47,42.7,37,40,37.4,35,93,81.7,71,7,1.3,0,30.1,30,30,0
11/21/2025,56,49.4,44,49,44.6,40,96,84.1,72,7,1.9,0,30,29.9,29.8,0
11/22/2025,56,49.7,38,50,46.5,38,100,89.6,64,10,4.9,0,29.9,29.7,29.6,0.27
11/23/2025,61,44.8,32,44,35.2,29,100,73,37,17,4.8,0,29.9,29.9,29.8,0
11/24/2025,58,45.9,36,34,31.2,25,89,60.8,28,10,4.7,0,30.1,30.1,29.9,0
11/25/2025,54,48.6,40,51,44.4,35,100,86.1,62,6,2.5,0,30.1,29.9,29.8,0
11/26/2025,68,55.7,46,57,48.5,25,100,79.4,42,26,7.4,0,29.8,29.7,29.5,0.32
11/27/2025,45,40.2,34,21,19.1,15,48,42.9,38,22,13,6,29.9,29.9,29.8,0
11/28/2025,41,34.9,31,17,15.6,14,57,46.1,36,26,13.8,8,30.2,30,29.9,0
11/29/2025,43,35.2,26,23,18.5,16,69,51.6,37,12,5.8,0,30.4,30.3,30.2,0
11/30/2025,41,38.5,36,38,31.3,21,93,76.8,52,16,6.5,0,30.3,30.1,29.9,0
12/1/2025,45,36.7,27,23,21.4,19,85,55.5,39,15,6.4,0,30.2,30.2,30.1,0.06
12/2/2025,40,36,28,39,33.4,24,100,90.6,70,14,5.3,0,30,29.7,29.6,0.11
12/3/2025,44,35,26,28,23.9,22,92,65.3,45,14,5.8,0,30,29.9,29.8,0.73
12/4/2025,44,33.8,25,26,22.3,10,96,65.3,40,20,7.3,0,30.1,30,29.9,0
12/5/2025,32,28.3,26,28,21.7,8,93,78.4,37,14,7,0,30.1,30,29.8,0
12/6/2025,45,33.4,30,34,29.2,24,100,86.1,47,9,2.6,0,29.9,29.8,29.7,0.05
12/7/2025,45,34.1,26,30,27.8,25,100,79.5,53,7,1.7,0,30,29.9,29.9,0
12/8/2025,34,29.7,25,28,11.3,-2,96,51.2,27,14,8.2,0,30.1,30.1,29.9,0
12/9/2025,32,26.2,14,25,10,1,79,52.1,35,12,5.3,0,30.1,30,29.8,0
12/10/2025,45,37.5,30,33,29,25,85,72.3,56,13,7.5,0,29.8,29.5,29.3,0
12/11/2025,41,35,30,31,16.4,11,67,47.4,36,20,14.1,8,29.8,29.6,29.4,0
12/12/2025,36,29.8,21,16,14.3,12,78,53.6,37,13,5.8,0,30,29.9,29.8,0
12/13/2025,42,33.1,21,32,25,16,86,72.8,60,8,2.5,0,30,29.9,29.8,0
12/14/2025,36,28.7,17,33,22.9,2,100,80.9,46,25,8.9,0,30.2,29.9,29.8,0.26
12/15/2025,26,21.4,16,12,8.8,5,65,58.4,53,17,9,0,30.3,30.2,30.1,0.01
12/16/2025,36,25.4,14,18,14,10,88,64.1,42,8,2.6,0,30.1,30,30,0
12/17/2025,48,35.5,22,29,24.3,16,85,65.7,46,9,3.3,0,30.1,29.9,29.8,0
12/18/2025,52,40.9,25,44,33.3,24,96,75.9,54,10,3.4,0,30.1,30,29.7,0
12/19/2025,60,51,33,57,42.3,18,97,74.8,39,35,15.1,5,29.9,29.4,29.3,0.17
12/20/2025,43,33.8,25,29,20,14,79,58.5,40,9,4.3,0,30.1,30,29.9,0.09
12/21/2025,47,39.2,27,28,19.1,12,82,47.3,24,18,7.8,0,30.3,30,29.8,0
12/22/2025,46,33.6,20,22,17.3,14,81,54.1,29,10,3,0,30.4,30.3,30.2,0
12/23/2025,43,40.3,38,37,31.3,23,89,71.2,53,6,2.7,0,30.2,30,29.8,0.01
12/24/2025,54,44.3,33,37,25.6,18,100,53.5,24,21,6.5,0,30.1,30,29.8,0.01
12/25/2025,57,44.4,34,40,27.4,16,70,52.6,34,13,6.8,0,30.1,29.9,29.7,0
12/26/2025,35,32.9,30,32,20.2,12,92,61.5,43,10,6.9,3,30.1,29.9,29.6,0
12/27/2025,40,36.7,34,32,29.1,27,89,74.4,63,13,6.9,0,30.1,29.9,29.6,0.01
12/28/2025,44,37.3,33,42,31.4,27,93,79.3,73,8,5.2,0,30.1,29.9,29.6,0
12/29/2025,56,47.1,31,51,35.4,11,96,67.6,27,35,15.4,6,29.6,29.4,29.2,0
12/30/2025,35,30.1,25,13,10.5,8,51,44.2,35,25,18.7,12,29.8,29.7,29.6,0.01
12/31/2025,35,30.9,26,21,12.7,8,57,47.2,40,15,8.4,3,29.8,29.7,29.5,0
1/1/2026,36,29.6,25,28,11.6,0,92,49.9,27,31,10.1,0,29.8,29.7,29.5,0
1/2/2026,36,28.7,26,15,9.7,4,61,45.6,38,7,2.2,0,29.8,29.7,29.6,0
1/3/2026,35,29.6,24,14,12,7,65,49,32,7,3.6,0,29.9,29.8,29.8,0
1/4/2026,41,33.2,25,19,15.7,12,75,49.6,39,13,4.1,0,30.1,30,29.8,0
1/5/2026,39,32.2,24,29,23.6,18,85,71,54,9,2.5,0,30.1,30,29.8,0
1/6/2026,43,37.8,30,38,33.5,27,97,84.8,76,7,2.2,0,29.8,29.7,29.5,0
1/7/2026,62,45.5,33,43,36.3,32,100,74.1,42,16,6.3,0,29.9,29.7,29.5,0
1/8/2026,55,41.2,30,38,34.5,30,100,79.5,49,7,2.1,0,30.1,30,29.9,0
1/9/2026,54,44.4,32,52,42.2,32,100,92.2,80,9,2.8,0,30.1,30,29.9,0
1/10/2026,50,45.7,44,50,44.6,43,100,96.2,86,16,6.3,0,30,29.8,29.6,0.03
1/11/2026,49,41.4,34,45,28,16,97,61.1,37,37,16,3,30,29.8,29.6,0.9
1/12/2026,47,37.1,28,21,19.2,16,75,50.3,29,15,7.3,0,30.1,30.1,30,0
1/13/2026,51,39.2,25,29,23.2,20,85,56.5,31,13,3.8,0,30,29.8,29.6,0
1/14/2026,54,48.8,45,38,28,22,76,46.3,32,10,5.5,0,29.6,29.4,29.3,0
1/15/2026,43,30.7,22,39,11.8,2,86,46.9,32,25,17.4,5,29.6,29.4,29.3,0.01
1/16/2026,36,28.5,20,11,6.9,4,55,41.2,31,23,8.3,0,29.9,29.8,29.6,0
1/17/2026,41,35.8,29,30,21.9,8,92,61.4,28,13,3.6,0,29.9,29.9,29.8,0
1/18/2026,36,32.7,23,35,29.1,14,100,87,61,15,6.7,0,29.9,29.8,29.7,0.14
1/19/2026,40,29.3,18,19,14.3,9,92,56.6,35,17,6,0,30,29.9,29.8,0.04
1/20/2026,29,22.4,15,5,-2.8,-7,54,34.6,21,18,10.4,0,30.4,30.2,30,0
1/21/2026,42,28.6,11,15,8.3,2,77,46.8,24,14,4.9,0,30.4,30.2,29.9,0
1/22/2026,54,43.8,34,25,18.1,14,54,36.6,23,20,9.3,0,30,29.9,29.9,0
1/23/2026,42,33.5,18,14,7.3,-11,58,35,24,21,9.6,0,30.3,30.1,30,0
1/24/2026,20,15.1,9,-1,-8.7,-12,44,34.6,27,18,9.4,5,30.6,30.5,30.4,0
1/25/2026,25,17.9,14,24,14.6,0,96,87.2,45,16,10.1,5,30.4,30.1,29.6,0.39
1/26/2026,27,20.9,16,16,10.6,3,92,67,42,25,11.9,0,30,29.8,29.6,1.55
1/27/2026,28,20.5,13,7,1.2,-4,59,43.9,31,17,9.3,3,30.1,30,29.8,0
1/28/2026,23,17.8,13,5,1.4,-3,62,49,43,14,6.6,0,30.1,30,29.9,0
1/29/2026,22,16.5,10,2,-0.2,-3,61,48.4,40,17,10.5,6,30.1,30.1,30,0
1/30/2026,20,14.2,9,0,-2.3,-5,67,49,37,16,8.3,5,30.2,30.1,30.1,0
1/31/2026,21,15.6,9,6,1.1,-4,59,52.8,48,15,8.2,0,30.1,30,29.8,0
2/1/2026,26,19.7,13,4,2.1,-2,62,47.4,34,20,15.3,10,29.9,29.8,29.8,0
2/2/2026,33,25.2,19,10,5.1,-4,60,43.3,34,18,9,0,30,30,29.9,0
2/3/2026,38,31.9,25,23,17.9,10,69,56.7,47,10,3.6,0,30.1,30,30,0
2/4/2026,36,31.9,26,21,15.4,9,64,51.3,39,13,5.8,0,30.1,30.1,30,0
2/5/2026,32,25.1,17,11,8.5,6,74,51.3,37,8,3.6,0,30,29.9,29.8,0
2/6/2026,32,26.3,17,25,16.8,8,92,69.6,41,12,4.8,0,29.8,29.6,29.5,0
2/7/2026,31,20.8,15,23,2.8,-6,78,46.9,35,30,21.5,7,30,29.8,29.5,0
2/8/2026,22,16.9,12,1,-1.8,-4,56,44.2,35,22,11.5,5,30.2,30.1,30.1,0
2/9/2026,32,22.5,11,11,0.1,-5,53,38.9,26,9,4.4,0,30.2,30.1,30.1,0
2/10/2026,41,33,27,26,19.9,10,81,59.4,45,8,3,0,30,29.9,29.6,0
2/11/2026,45,40.4,35,33,25.8,22,76,56.8,43,26,11.1,0,29.9,29.7,29.6,0
2/12/2026,36,33.1,29,21,15.5,14,55,49,42,23,14.2,7,30,29.9,29.9,0
2/13/2026,35,28.5,23,16,13.6,12,69,54.4,42,13,6.9,0,30.1,30.1,30,0
2/14/2026,53,38,23,27,21.7,15,72,53.7,35,16,5.2,0,30,30,29.9,0
2/15/2026,45,37.1,33,36,32.5,26,100,84.5,49,14,4.8,0,29.9,29.8,29.8,0
2/16/2026,40,37.6,36,35,33.8,33,97,86.5,79,13,5.4,0,30,29.9,29.8,0.45
2/17/2026,48,38,34,39,35.4,33,100,91,66,7,3.4,0,30,30,29.9,0
2/18/2026,45,38,34,40,36.4,34,100,94.5,80,6,2.6,0,29.9,29.7,29.6,0
2/19/2026,41,38.8,37,40,37.8,36,100,96.8,93,15,9.3,0,29.9,29.8,29.7,0
2/20/2026,55,41.7,37,46,39.7,34,100,93.4,71,16,7.5,0,29.7,29.6,29.4,0.35
2/21/2026,52,43.2,34,35,27.6,25,97,56.5,35,13,5.1,0,29.9,29.8,29.6,0.24
2/22/2026,39,35,32,36,32.8,30,100,92.1,76,16,7.5,0,29.9,29.7,29.6,0.02
2/23/2026,40,33.8,30,30,27.7,19,96,79.8,57,23,15.6,7,29.8,29.6,29.6,0.67
2/24/2026,37,31.8,26,17,13.2,12,60,46.9,36,20,11.8,0,29.9,29.8,29.7,0
2/25/2026,53,44.3,33,30,23.3,15,68,44.2,34,13,6.8,0,29.6,29.6,29.5,0
2/26/2026,50,41.2,32,36,31.6,28,96,70.8,43,9,3.3,0,29.8,29.7,29.6,0
2/27/2026,54,40.1,26,37,30.2,26,100,71.8,38,10,3.2,0,30,29.9,29.8,0
2/28/2026,60,44.4,28,34,29.5,20,89,60.3,32,9,2.6,0,29.9,29.9,29.8,0
3/1/2026,53,42.9,34,35,25.6,12,89,54.2,32,14,7.5,0,30.3,30,29.8,0
3/2/2026,35,30.6,28,29,21.6,10,96,72.9,37,13,7.3,3,30.5,30.4,30.3,0
3/3/2026,42,34.7,31,41,33.5,29,100,95.5,87,8,3.7,0,30.4,30.3,30.1,0.14
3/4/2026,48,45.2,42,46,43.5,42,100,94,87,7,4.2,0,30.1,30.1,30,0.25
3/5/2026,52,47.1,43,48,45.4,43,100,94.2,80,12,5.5,0,30.1,30,30,0.02
3/6/2026,48,43.8,41,47,42.5,39,100,95.3,89,12,8.3,3,30.2,30.1,30,0.13
3/7/2026,53,45.4,39,48,43.5,39,100,93.8,80,7,3.8,0,30.2,30,29.7,0.01
3/8/2026,48,47,46,47,46.5,46,100,98,96,0,0,0,29.7,29.7,29.7,0
3/9/2026,75,58.3,40,49,40.1,35,93,57.5,23,12,3.6,0,29.9,29.9,29.8,0
3/10/2026,84,64.2,43,49,45.1,43,100,58,24,12,3.6,0,29.9,29.8,29.8,0
3/11/2026,84,66.5,51,64,55.8,46,97,70.7,41,26,4.7,0,29.8,29.7,29.5,0
3/12/2026,73,43,32,57,35.8,18,100,78.4,41,28,9.6,0,30,29.7,29.4,0.27
3/13/2026,53,42,26,28,24.1,21,92,53.3,32,16,7.7,0,30,29.8,29.6,0.42
3/14/2026,58,51.3,43,29,17.2,11,48,27.3,17,21,10.5,0,30.1,29.9,29.6,0
3/15/2026,51,46.4,38,47,34.1,19,93,63.1,45,14,9.6,0,30.2,30.1,29.8,0
3/16/2026,65,55.4,37,60,53.3,34,100,92.6,81,33,13.6,5,29.7,29.4,29.1,0.13
3/17/2026,42,35.1,29,32,15.7,6,86,47.2,31,23,16,10,30.1,29.8,29.4,0.49
3/18/2026,39,31.6,23,19,13.3,9,63,47.4,37,12,5.8,0,30.3,30.2,30.1,0
3/19/2026,54,42.9,35,32,28,20,76,57,41,9,3.8,0,30.2,30.1,30,0
3/20/2026,69,52.2,33,52,38,30,90,63,30,18,5.1,0,30,29.8,29.6,0
3/21/2026,67,58.5,49,50,45.4,40,93,64,42,14,7.9,5,29.8,29.7,29.6,0.04
3/22/2026,79,62.5,46,53,48.8,44,93,64.2,36,15,6.7,0,29.8,29.6,29.4,0
3/23/2026,64,55.2,42,57,43.4,24,96,65.7,42,30,12.6,0,30.1,29.7,29.4,0.08
3/24/2026,50,41.8,33,28,21.8,17,58,45.8,29,16,6.8,0,30.3,30.2,30.1,0
3/25/2026,58,47.4,38,36,28.7,16,76,51,22,14,5.7,0,30.2,30.1,30,0
3/26/2026,79,66,49,53,43.8,36,71,46.2,32,20,9.7,0,29.9,29.7,29.5,0
3/27/2026,74,54.4,38,59,45,30,90,71.9,46,18,8.5,0,30.1,29.8,29.6,0.01
3/28/2026,49,40.9,35,32,18.9,12,89,45.1,23,17,8.5,0,30.4,30.3,30.1,0.12
3/29/2026,61,45.8,28,36,25.1,20,75,48.9,23,14,5.9,0,30.4,30.3,30.2,0
3/30/2026,71,60.5,49,51,44.8,33,83,56.8,47,16,10.4,3,30.2,30.1,29.9,0
3/31/2026,83,72.7,62,54,51.6,49,65,48.5,36,16,11.6,6,30,29.9,29.8,0.01
4/1/2026,85,72.6,65,64,58.2,53,93,63.9,33,17,8.4,0,30,29.9,29.8,0
4/2/2026,64,53.1,46,62,51.7,45,100,94.9,92,17,13.2,6,30.2,30.1,30,0.32
4/3/2026,75,59.4,46,60,53.2,45,100,81.8,57,12,5.2,0,30.2,30.1,30,0
4/4/2026,82,72.1,61,63,59.6,56,87,65.6,50,17,7.6,0,30,29.9,29.8,0
4/5/2026,72,60.1,51,63,51.6,31,93,75.1,46,23,11.2,0,29.9,29.7,29.7,0
4/6/2026,60,52.5,44,36,29.8,28,56,42.7,32,16,11,0,30,29.9,29.9,0.53
4/7/2026,55,49.5,41,39,22.1,11,68,37.2,20,22,11,0,30.3,30.1,29.9,0
4/8/2026,51,41.7,33,30,18.6,14,65,40.6,26,12,7.5,0,30.5,30.4,30.3,0
4/9/2026,59,46.2,33,44,32.4,23,89,62.7,29,13,4.7,0,30.4,30.4,30.3,0
4/10/2026,71,55.9,42,48,43.7,39,96,67.5,35,12,4.2,0,30.3,30.1,30,0
4/11/2026,69,60.4,50,53,41.6,33,86,53.4,27,16,6.3,0,30.2,30.1,30,0
4/12/2026,67,56.2,44,49,40.6,33,79,57.3,38,14,7.7,0,30.3,30.2,30.1,0
4/13/2026,80,69.1,54,58,52.7,49,93,59.9,36,17,8.1,0,30.1,29.9,29.8,0
4/14/2026,88,75.1,56,65,53.9,51,87,51.4,29,14,6.4,0,29.9,29.8,29.7,0
4/15/2026,90,75.8,60,64,59.8,54,100,64,29,14,5.7,0,29.8,29.8,29.7,0
4/16/2026,90,78.5,62,59,56.3,52,80,48.4,28,13,4.9,0,29.8,29.7,29.6,0
4/17/2026,80,73.5,62,59,54.8,50,75,53.5,35,16,8.5,0,29.8,29.7,29.6,0
4/18/2026,75,64.8,58,59,56.3,54,90,74.9,55,16,8.7,0,29.9,29.8,29.7,0
4/19/2026,58,54,39,55,43.3,19,90,71.4,26,23,11.1,0,30,29.7,29.6,0
4/20/2026,55,46.6,36,35,26.6,15,89,49.6,22,20,9.4,0,30.2,30.1,30,0.11
4/21/2026,60,47.6,31,39,26.7,21,73,47.7,23,14,5.1,0,30.3,30.1,30,0
4/22/2026,74,58,49,51,44.1,38,86,60.9,38,13,3.3,0,30,29.9,29.7,0
4/23/2026,81,66.6,52,55,51.9,48,89,62.9,31,9,4.2,0,29.8,29.8,29.7,0.02
4/24/2026,81,66.7,57,59,50.6,36,89,61.9,27,13,4.7,0,29.7,29.6,29.6,0
4/25/2026,59,53.4,46,55,47.3,44,97,80.7,58,17,12.5,6,29.8,29.7,29.6,0.09
4/26/2026,58,49.6,45,45,42.7,41,97,78.2,60,17,8.7,0,30,29.9,29.8,0.19
4/27/2026,69,56,39,46,41.4,37,100,63.4,32,12,4.4,0,30.1,30.1,30,0
4/28/2026,59,53.6,43,48,43.1,39,93,68.6,53,10,4.1,0,30.1,30,29.9,0
4/29/2026,61,56.3,52,53,49.6,43,93,79.1,62,20,6.6,3,29.9,29.7,29.5,0
4/30/2026,68,56.1,47,52,45,36,100,71.9,31,20,8.4,0,29.8,29.6,29.6,0.4
5/1/2026,66,53.7,38,45,37,32,93,57.1,31,14,5.5,0,29.8,29.8,29.7,0
5/2/2026,60,53.7,48,45,34.2,29,74,49.7,31,14,7.5,0,29.8,29.8,29.7,0
5/3/2026,63,50.8,40,33,28,22,73,45.2,23,20,11,5,29.9,29.8,29.8,0
5/4/2026,76,62.8,46,44,38,31,66,42.4,25,13,6.4,0,29.8,29.7,29.6,0
5/5/2026,84,71.9,60,49,44.3,39,55,39.3,22,17,9.6,3,29.7,29.7,29.6,0
5/6/2026,73,66.7,61,61,57.5,50,93,73.4,44,16,9.3,5,29.7,29.6,29.6,0
5/7/2026,65,57,50,54,43,33,93,62.7,36,10,5.5,0,29.7,29.7,29.6,0.29
5/8/2026,71,59.5,45,45,36.4,30,89,46.8,23,17,7.9,0,29.8,29.8,29.7,0
5/9/2026,69,62.3,55,56,48.9,40,83,62,47,9,5.3,0,29.7,29.7,29.6,0
5/10/2026,82,64.4,50,60,53.8,47,97,73.2,30,13,3.9,0,29.9,29.8,29.7,0.03
5/11/2026,63,56.2,51,59,39.4,28,90,55.6,28,13,5.8,0,30,30,29.9,0.05
5/12/2026,69,56.8,43,47,38.4,28,93,54.9,29,12,4.8,0,30.1,30,29.9,0.02
5/13/2026,76,63.4,55,55,47.1,40,93,59.4,32,18,9.6,0,29.9,29.7,29.6,0
5/14/2026,61,56.6,53,55,47,39,100,73.2,46,16,7.1,0,29.7,29.7,29.6,0.48
5/15/2026,70,60.4,52,47,42.7,41,77,54.1,38,15,8.9,0,29.9,29.8,29.7,0
5/16/2026,84,67.9,50,58,49.8,45,89,57.1,28,13,5.1,0,30,29.9,29.8,0
5/17/2026,86,75.6,63,64,60.6,58,87,61.4,40,13,6.1,0,30,29.9,29.8,0
5/18/2026,95,80.8,63,66,64,61,93,59.9,32,10,4,0,30,30,29.9,0
5/19/2026,97,81.9,67,66,63.7,60,90,58.4,30,14,4.8,0,30,29.9,29.9,0
5/20/2026,95,78.3,69,70,65.9,62,93,69.7,34,26,6.6,0,29.9,29.9,29.8,0
5/21/2026,70,62.2,58,69,57.2,49,97,84.1,60,14,8.6,0,30.1,30,29.9,0
5/22/2026,60,56.7,52,57,53.5,47,100,89.2,74,15,10.4,3,30.2,30.1,30.1,0.13
5/23/2026,55,52.5,50,53,50.5,48,97,93.1,86,18,13.7,7,30.2,30.2,30.1,0.89
5/24/2026,62,58.1,53,60,56.3,52,100,93.9,84,10,5.4,0,30.1,30.1,30,1.47
5/25/2026,74,67.6,61,69,65.3,60,100,92.7,79,7,2.8,0,30,29.9,29.9,0.03
5/26/2026,75,69.4,63,67,63.2,57,100,82.5,57,7,1.3,0,30,29.9,29.9,0
5/27/2026,81,71.7,68,70,68.7,67,100,90.5,62,10,3.5,0,29.9,29.8,29.7,0
5/28/2026,80,72.3,63,68,53.8,44,93,57,30,16,9,0,29.9,29.8,29.7,0.39
5/29/2026,79,68.4,52,53,46.8,44,77,48.1,31,14,6.3,0,29.9,29.8,29.6,0
5/30/2026,70,65.1,57,53,43.9,36,75,47.7,34,17,10.9,3,29.9,29.8,29.6,0
5/31/2026,77,63.8,49,51,42.6,36,83,50.5,25,8,3.4,0,30,29.9,29.8,0
6/1/2026,77,66.6,54,54,49.1,45,90,56.8,36,16,7.5,0,30,29.8,29.7,0
6/2/2026,76,65,54,49,43.3,36,83,49.8,24,13,6.6,0,30.1,30,30,0
6/3/2026,82,69.4,52,49,44.5,41,77,45,23,12,5.3,0,30.1,30.1,30,0
6/4/2026,87,74.2,53,52,49,46,83,45,25,9,4.5,0,30,30,29.9,0
6/5/2026,89,77.1,60,59,55,52,78,49.3,30,12,5.4,0,29.9,29.9,29.8,0
6/6/2026,88,76,64,67,61.2,58,90,62.9,39,32,8.4,0,29.8,29.8,29.7,0
6/7/2026,90,79.5,69,68,61.9,56,90,58.3,34,16,8.5,3,29.9,29.7,29.7,0.04
6/8/2026,76,71.5,63,60,56.1,46,71,58.5,48,15,9.5,3,30.1,30.1,29.9,0
6/9/2026,83,70.9,61,63,54.7,47,75,57.6,40,9,4.5,0,30.1,30,29.9,0
6/10/2026,88,75.2,69,73,68.8,62,97,81.2,61,16,5.6,0,29.9,29.7,29.6,0
6/11/2026,96,82.5,73,74,71.3,66,96,71.7,44,31,9.9,3,29.7,29.7,29.6,0.2
6/12/2026,96,83.2,70,72,69.3,65,93,65.8,36,17,8.4,0,29.7,29.6,29.6,0.1
6/13/2026,88,79.8,69,70,60,54,87,54.2,32,12,5.5,0,29.8,29.8,29.7,0
6/14/2026,91,79.2,69,73,67.2,62,94,68.6,42,20,7.4,0,29.8,29.6,29.4,0
6/15/2026,78,71.6,64,71,55.6,50,93,59.1,40,15,10,5,29.7,29.6,29.5,0.43
6/16/2026,78,68.4,56,56,48.2,42,75,50.7,29,12,6.1,0,29.8,29.7,29.6,0
6/17/2026,85,74.5,61,67,61,56,87,64.5,42,12,5.2,0,29.7,29.6,29.6,0
6/18/2026,90,79.3,72,67,63.5,56,79,59.6,43,24,10.1,3,29.6,29.5,29.5,0
6/19/2026,84,76.8,65,59,52.9,47,59,44.1,30,18,11.5,6,29.7,29.6,29.6,0
6/20/2026,87,75.5,61,54,50.2,45,72,43.6,24,15,8.3,0,29.7,29.7,29.7,0
6/21/2026,86,75.9,64,58,53.6,50,75,48.6,31,13,5.4,0,29.8,29.7,29.7,0
6/22/2026,92,77.2,66,72,65.8,56,100,70.3,40,14,6.3,0,29.8,29.7,29.7,0.18
6/23/2026,74,69.5,62,70,65.6,60,97,87.9,62,14,6.6,0,29.8,29.7,29.7,1.18
6/24/2026,84,72.3,60,61,54.8,51,93,57.6,35,9,5.1,0,29.9,29.9,29.8,0
6/25/2026,86,74.4,59,66,60.5,57,93,64.3,40,12,4.9,0,29.9,29.9,29.8,0
6/26/2026,88,78.8,71,69,65,63,82,63.3,43,10,4.5,0,29.9,29.9,29.8,0
6/27/2026,80,75.4,73,71,69.7,68,93,82.9,69,12,4.7,0,29.9,29.8,29.8,0
6/28/2026,78,73.4,71,71,69.3,68,96,87.3,76,13,6.2,0,29.9,29.8,29.8,0.1
6/29/2026,88,78.1,68,70,66,57,97,69.7,36,10,3.9,0,30,29.9,29.8,0
6/30/2026,91,79.5,66,69,65.3,59,93,64.7,35,13,5.8,0,30,29.9,29.9,0
7/1/2026,97,84.4,71,77,71.6,65,85,66.3,46,12,5.2,0,29.9,29.8,29.8,0
7/2/2026,101,90.2,77,76,73,68,90,60.1,35,12,4.8,0,29.9,29.9,29.8,0
7/3/2026,102,91.1,79,75,72.5,70,79,56.3,37,12,5.2,0,29.9,29.8,29.8,0
7/4/2026,102,87.7,75,75,69.7,64,94,59.9,30,31,6.6,0,29.8,29.8,29.7,0.82
7/5/2026,94,81,73,74,71.8,69,94,75.8,47,24,5.4,0,29.8,29.8,29.7,1.01
7/6/2026,86,78.3,74,74,72.6,71,97,83.1,63,17,7.5,0,29.8,29.8,29.8,0.08
7/7/2026,82,74.6,70,73,70.5,69,97,87.5,74,10,6.3,0,29.9,29.8,29.8,0.86
7/8/2026,84,75.5,70,71,68.7,66,97,80.1,61,8,5.4,0,29.9,29.9,29.8,0.04
7/9/2026,89,76.9,73,75,72.6,70,97,87,67,14,6,0,29.8,29.7,29.7,0.58
7/10/2026,88,78.5,70,72,70.5,68,97,77.5,61,12,7.2,5,29.8,29.7,29.7,0
7/11/2026,88,78.5,69,71,69.4,68,96,75,55,18,5.3,0,29.9,29.8,29.7,0
7/12/2026,85,77.9,68,71,66.8,61,87,69.8,49,15,9,0,30,30,29.9,0
7/13/2026,85,76,63,65,59.7,56,93,60,39,10,3.7,0,30.1,30,30,0
7/14/2026,92,80.2,64,68,65.5,61,90,62.6,42,10,5.4,0,30,29.9,29.8,0
7/15/2026,96,85.3,71,73,70.2,67,87,61.6,46,13,8.8,5,29.8,29.8,29.7,0
7/16/2026,95,86.6,76,76,71.8,64,88,62.3,46,15,5.5,0,29.8,29.8,29.7,0
7/17/2026,87,79.8,68,67,62.2,58,81,56,41,5,2.5,0,29.9,29.9,29.8,0
7/18/2026,95,77.6,71,76,71.9,67,97,83.7,54,30,5.6,0,29.9,29.7,29.6,0.74
7/19/2026,86,78.8,69,75,67,59,100,69.7,46,13,6.9,0,29.8,29.7,29.6,0
7/20/2026,85,75.5,63,68,61.3,58,93,63.3,43,9,5.1,0,29.9,29.8,29.8,0
7/21/2026,90,78.2,71,75,72.3,68,97,83.6,53,18,8,0,29.7,29.6,29.5,1.13
7/22/2026,88,79.6,71,72,65.7,52,97,65.8,42,16,9.6,3,29.8,29.7,29.5,0
7/23/2026,80,72.9,62,58,53.7,51,78,52.1,40,10,6.2,0,30,30,29.8,0
7/24/2026,80,71.4,59,64,57.3,53,90,63.5,40,13,4.5,0,30.1,30,30,0
7/25/2026,81,73.1,64,63,57.6,50,78,59.8,35,8,3.8,0,30,29.9,29.8,0
7/26/2026,83,73.9,62,65,62.4,59,90,68.7,52,10,3.2,0,29.8,29.7,29.7,0
7/27/2026,88,78.4,68,69,66,63,90,67.1,44,9,4.1,0,29.7,29.7,29.6,0
7/28/2026,88,75.6,67,72,69.2,66,97,81,59,26,4.6,0,29.6,29.5,29.4,0.45
7/29/2026,82,74.6,66,67,63.6,61,100,70.8,50,15,9.2,0,29.6,29.5,29.5,0
7/30/2026,83,75.5,69,64,61.3,58,75,61.8,49,16,9.8,0,29.8,29.7,29.6,0
7/31/2026,87,77.4,67,66,64.5,63,87,65.5,48,7,4,0,29.8,29.8,29.8,0